year,country,ggxwdn
1997,alb,242.298
1998,alb,277.501
1999,alb,306.376
2000,alb,323.752
2001,alb,341.522
2002,alb,391.30800000000005
2003,alb,408.3
2004,alb,423.962
2005,alb,468.05
2006,alb,494.73699999999997
2007,alb,516.994
2008,alb,595.816
2009,alb,682.552
2010,alb,715.518
2011,alb,772.735
2012,alb,828.268
2013,alb,956.582
2014,alb,1015.045
2015,alb,1067.1760000000002
2016,alb,1085.39
2017,alb,1087.86
2018,alb,1089.029
2019,alb,1080.109
2020,alb,1053.886
1990,dza,0.0
1991,dza,671.029
1992,dza,676.2589999999999
1993,dza,880.727
1994,dza,1463.245
1995,dza,2329.7
1996,dza,2522.4
1997,dza,1942.11
1998,dza,2062.386
1999,dza,2664.1420000000003
2000,dza,2590.105
2001,dza,2213.8320000000003
2002,dza,2197.677
2003,dza,1770.6689999999999
2004,dza,1544.007
2005,dza,215.521
2006,dza,-647.081
2007,dza,-1912.1760000000002
2008,dza,-3305.7259999999997
2009,dza,-3238.47
2010,dza,-3444.24
2011,dza,-3937.395
2012,dza,-3777.073
2013,dza,-3861.095
2014,dza,-2843.5609999999997
2015,dza,-1009.9760000000001
2016,dza,539.875
2017,dza,1796.954
2018,dza,2778.278
2019,dza,3537.285
2020,dza,4058.1079999999997
1990,atg,1.217
1991,atg,1.2890000000000001
1992,atg,1.287
1993,atg,1.3030000000000002
1994,atg,1.4269999999999998
1995,atg,1.5330000000000001
1996,atg,1.569
1997,atg,1.599
1998,atg,2.016
1999,atg,2.164
2000,atg,2.346
2001,atg,2.549
2002,atg,2.7769999999999997
2003,atg,2.892
2004,atg,2.983
2005,atg,2.5580000000000003
2006,atg,2.785
2007,atg,2.7569999999999997
2008,atg,2.8110000000000004
2009,atg,3.3369999999999997
2010,atg,2.783
2011,atg,2.82
2012,atg,2.835
2013,atg,3.056
2014,atg,3.3110000000000004
2015,atg,3.699
2016,atg,3.673
2017,atg,3.647
2018,atg,3.623
2019,atg,3.59
2020,atg,3.552
1989,aus,38.611
1990,aus,39.685
1991,aus,52.453
1992,aus,78.78699999999999
1993,aus,100.244
1994,aus,112.206
1995,aus,118.01299999999999
1996,aus,115.645
1997,aus,104.179
1998,aus,88.661
1999,aus,70.39399999999999
2000,aus,48.955
2001,aus,34.211
2002,aus,21.576
2003,aus,6.249
2004,aus,-10.970999999999998
2005,aus,-36.656
2006,aus,-65.566
2007,aus,-82.23
2008,aus,-65.384
2009,aus,-7.521
2010,aus,53.341
2011,aus,117.445
2012,aus,168.81099999999998
2013,aus,211.81099999999998
2014,aus,271.44
2015,aus,321.913
2016,aus,364.539
2017,aus,397.86400000000003
2018,aus,422.50300000000004
2019,aus,442.156
2020,aus,458.935
2012,aut,156.923
2013,aut,157.716
2014,aut,168.102
2015,aut,171.419
2016,aut,174.702
2017,aut,177.113
2018,aut,179.74900000000002
2019,aut,181.06400000000002
2020,aut,182.388
1991,bhs,0.8220000000000001
1992,bhs,0.912
1993,bhs,1.0090000000000001
1994,bhs,1.101
1995,bhs,1.1540000000000001
1996,bhs,1.203
1997,bhs,1.307
1998,bhs,1.409
1999,bhs,1.475
2000,bhs,1.511
2001,bhs,1.515
2002,bhs,1.671
2003,bhs,1.85
2004,bhs,1.9380000000000002
2005,bhs,2.168
2006,bhs,2.316
2007,bhs,2.441
2008,bhs,2.679
2009,bhs,3.085
2010,bhs,3.4010000000000002
2011,bhs,3.555
2012,bhs,3.906
2013,bhs,4.689
2014,bhs,5.1579999999999995
2015,bhs,5.492999999999999
2016,bhs,5.757000000000001
2017,bhs,5.939
2018,bhs,6.087000000000001
2019,bhs,6.224
2020,bhs,6.35
1990,bhr,-0.371
1991,bhr,-0.264
1992,bhr,-0.147
1993,bhr,-0.198
1994,bhr,-0.276
1995,bhr,-0.005
1996,bhr,-0.073
1997,bhr,-0.021
1998,bhr,0.125
1999,bhr,0.301
2000,bhr,0.431
2001,bhr,0.473
2002,bhr,0.583
2003,bhr,0.838
2004,bhr,1.454
2005,bhr,1.453
2006,bhr,1.409
2007,bhr,1.335
2008,bhr,1.214
2009,bhr,1.8419999999999999
2010,bhr,2.872
2011,bhr,3.549
2012,bhr,4.186
2013,bhr,5.376
2014,bhr,5.5729999999999995
2015,bhr,6.361000000000001
2016,bhr,7.1339999999999995
2017,bhr,7.9239999999999995
2018,bhr,8.838
2019,bhr,9.862
2020,bhr,10.988
1980,bel,0.0
1981,bel,0.0
1982,bel,0.0
1983,bel,0.0
1984,bel,0.0
1985,bel,0.0
1986,bel,0.0
1987,bel,0.0
1988,bel,0.0
1989,bel,0.0
1990,bel,0.0
1991,bel,0.0
1992,bel,0.0
1993,bel,0.0
1994,bel,0.0
1995,bel,0.0
1996,bel,0.0
1997,bel,0.0
1998,bel,210.94299999999998
1999,bel,207.56900000000002
2000,bel,206.085
2001,bel,202.138
2002,bel,201.018
2003,bel,203.30599999999998
2004,bel,196.85
2005,bel,199.732
2006,bel,198.612
2007,bel,186.748
2008,bel,199.173
2009,bel,212.42
2010,bel,216.709
2011,bel,228.78
2012,bel,240.263
2013,bel,251.386
2014,bel,262.936
2015,bel,274.75
2016,bel,283.573
2017,bel,289.33099999999996
2018,bel,293.191
2019,bel,295.245
2020,bel,295.763
2001,blz,1.4609999999999999
2002,blz,1.66
2003,blz,2.022
2004,blz,2.095
2005,blz,2.186
2006,blz,2.24
2007,blz,2.253
2008,blz,2.1719999999999997
2009,blz,2.265
2010,blz,2.365
2011,blz,2.398
2012,blz,2.379
2013,blz,2.471
2014,blz,2.609
2015,blz,2.698
2016,blz,3.576
2017,blz,3.6060000000000003
2018,blz,3.7119999999999997
2019,blz,3.838
2020,blz,3.963
2000,bol,30.601999999999997
2001,bol,27.825
2002,bol,35.209
2003,bol,41.132
2004,bol,56.401
2005,bol,54.755
2006,bol,38.43
2007,bol,28.078000000000003
2008,bol,24.872
2009,bol,28.171999999999997
2010,bol,25.345
2011,bol,23.986
2012,bol,20.66
2013,bol,21.497
2014,bol,28.267
2015,bol,43.957
2016,bol,67.92399999999999
2017,bol,98.777
2018,bol,129.309
2019,bol,143.482
2020,bol,157.981
1998,bih,4.675
1999,bih,5.638
2000,bih,3.799
2001,bih,3.897
2002,bih,3.69
2003,bih,3.255
2004,bih,3.156
2005,bih,3.286
2006,bih,2.557
2007,bih,0.96
2008,bih,5.397
2009,bih,6.625
2010,bih,7.982
2011,bih,8.68
2012,bih,9.702
2013,bih,9.494
2014,bih,10.115
2015,bih,10.859000000000002
2016,bih,11.409
2017,bih,11.847999999999999
2018,bih,12.037
2019,bih,11.838
2020,bih,11.538
2000,bra,563.164
2001,bra,677.431
2002,bra,892.2919999999999
2003,bra,932.138
2004,bra,982.5089999999999
2005,bra,1040.046
2006,bra,1120.053
2007,bra,1200.799
2008,bra,1153.631
2009,bra,1345.325
2010,bra,1475.82
2011,bra,1508.547
2012,bra,1550.0829999999999
2013,bra,1626.335
2014,bra,1883.1470000000002
2015,bra,2048.215
2016,bra,2192.264
2017,bra,2323.42
2018,bra,2510.119
2019,bra,2718.599
2020,bra,2859.2290000000003
2000,bgr,6.21
2001,bgr,5.045
2002,bgr,2.634
2003,bgr,-3.248
2004,bgr,-5.231
2005,bgr,-3.472
2006,bgr,-5.409
2007,bgr,-6.152
2008,bgr,-9.433
2009,bgr,-9.463
2010,bgr,-9.599
2011,bgr,-8.85
2012,bgr,-8.156
2013,bgr,-6.43
2014,bgr,-2.085
2015,bgr,0.327
2016,bgr,2.07
2017,bgr,3.3089999999999997
2018,bgr,4.024
2019,bgr,4.183
2020,bgr,3.7969999999999997
2002,cpv,63.68899999999999
2003,cpv,68.737
2004,cpv,73.764
2005,cpv,77.825
2006,cpv,80.539
2007,cpv,72.193
2008,cpv,70.89399999999999
2009,cpv,80.738
2010,cpv,89.34899999999999
2011,cpv,107.171
2012,cpv,130.91899999999998
2013,cpv,146.731
2014,cpv,169.676
2015,cpv,193.055
2016,cpv,209.46400000000003
2017,cpv,222.778
2018,cpv,230.67700000000002
2019,cpv,231.692
2020,cpv,233.65599999999998
1980,can,47.096000000000004
1981,can,50.358999999999995
1982,can,75.265
1983,can,108.969
1984,can,137.785
1985,can,177.60299999999998
1986,can,210.365
1987,can,227.233
1988,can,242.195
1989,can,279.962
1990,can,307.82099999999997
1991,can,358.809
1992,can,429.11699999999996
1993,can,483.334
1994,can,542.011
1995,can,592.554
1996,can,609.33
1997,can,600.869
1998,can,588.969
1999,can,571.349
2000,can,522.627
2001,can,512.48
2002,can,522.604
2003,can,504.939
2004,can,484.38199999999995
2005,can,446.175
2006,can,413.49800000000005
2007,can,381.24
2008,can,399.30400000000003
2009,can,469.231
2010,can,546.793
2011,can,611.5740000000001
2012,can,666.177
2013,can,703.097
2014,can,737.883
2015,can,772.206
2016,can,798.8489999999999
2017,can,818.9989999999999
2018,can,835.51
2019,can,849.466
2020,can,854.165
1992,chl,2487.166
1993,chl,2689.042
1994,chl,1937.898
1995,chl,1141.252
1996,chl,466.853
1997,chl,-154.996
1998,chl,-103.87899999999999
1999,chl,626.0509999999999
2000,chl,1296.414
2001,chl,2530.166
2002,chl,3671.2490000000003
2003,chl,3432.8740000000003
2004,chl,2410.231
2005,chl,-3.6889999999999996
2006,chl,-5438.349
2007,chl,-11725.726
2008,chl,-18083.453
2009,chl,-10173.905999999999
2010,chl,-7798.894
2011,chl,-10445.078000000001
2012,chl,-8800.294
2013,chl,-7753.095
2014,chl,-7583.456
2015,chl,-4162.73
2016,chl,-1083.788
2017,chl,1053.1580000000001
2018,chl,2388.6220000000003
2019,chl,3859.539
2020,chl,5566.701
1999,col,49024.273
2000,col,66535.946
2001,col,75799.352
2002,col,75460.325
2003,col,102140.04
2004,col,100629.674
2005,col,95094.692
2006,col,96726.427
2007,col,96113.65
2008,col,105563.34
2009,col,131956.043
2010,col,158138.293
2011,col,168887.995
2012,col,151641.72400000002
2013,col,176237.698
2014,col,214804.897
2015,col,240784.75100000002
2016,col,260965.388
2017,col,284114.922
2018,col,305449.882
2019,col,325884.04600000003
2020,col,345005.144
2000,com,109.90100000000001
2001,com,108.556
2002,com,107.221
2003,com,105.829
2004,com,104.53399999999999
2005,com,103.391
2006,com,103.804
2007,com,103.274
2008,com,102.35600000000001
2009,com,101.456
2010,com,101.579
2011,com,99.663
2012,com,97.074
2013,com,44.20399999999999
2014,com,51.903
2015,com,54.852
2016,com,57.093
2017,com,59.135
2018,com,61.391000000000005
2019,com,57.998000000000005
2020,com,56.214
2000,cri,1797.6170000000002
2001,cri,2082.923
2002,cri,2471.929
2003,cri,2793.1809999999996
2004,cri,3341.6890000000003
2005,cri,3574.222
2006,cri,3836.673
2007,cri,3746.6079999999997
2008,cri,3891.32
2009,cri,4587.315
2010,cri,5562.34
2011,cri,6381.773
2012,cri,8014.505999999999
2013,cri,8931.944
2014,cri,10617.006000000001
2015,cri,12411.19
2016,cri,14097.25
2017,cri,15911.153
2018,cri,17967.415
2019,cri,20285.154
2020,cri,22681.289
1995,dnk,395.543
1996,dnk,413.195
1997,dnk,417.371
1998,dnk,446.468
1999,dnk,380.365
2000,dnk,338.56300000000005
2001,dnk,301.195
2002,dnk,296.882
2003,dnk,264.236
2004,dnk,213.50099999999998
2005,dnk,150.10399999999998
2006,dnk,18.835
2007,dnk,-80.252
2008,dnk,-119.84100000000001
2009,dnk,-101.294
2010,dnk,-59.178999999999995
2011,dnk,20.699
2012,dnk,100.449
2013,dnk,50.876999999999995
2014,dnk,16.081
2015,dnk,60.265
2016,dnk,102.71700000000001
2017,dnk,143.213
2018,dnk,175.487
2019,dnk,198.395
2020,dnk,210.972
1990,dma,0.308
1991,dma,0.348
1992,dma,0.349
1993,dma,0.36700000000000005
1994,dma,0.40700000000000003
1995,dma,0.439
1996,dma,0.431
1997,dma,0.40299999999999997
1998,dma,0.49700000000000005
1999,dma,0.555
2000,dma,0.626
2001,dma,0.8959999999999999
2002,dma,0.894
2003,dma,0.91
2004,dma,0.851
2005,dma,0.835
2006,dma,0.848
2007,dma,0.852
2008,dma,0.823
2009,dma,0.8290000000000001
2010,dma,0.898
2011,dma,0.9279999999999999
2012,dma,0.971
2013,dma,1.04
2014,dma,1.0959999999999999
2015,dma,1.155
2016,dma,1.2209999999999999
2017,dma,1.2930000000000001
2018,dma,1.3719999999999999
2019,dma,1.459
2020,dma,1.5519999999999998
2002,egy,251.49200000000002
2003,egy,305.659
2004,egy,344.645
2005,egy,382.684
2006,egy,440.82800000000003
2007,egy,480.31699999999995
2008,egy,497.57300000000004
2009,egy,612.256
2010,egy,724.3589999999999
2011,egy,884.191
2012,egy,1069.776
2013,egy,1369.615
2014,egy,1635.339
2015,egy,1907.263
2016,egy,2171.847
2017,egy,2435.002
2018,egy,2732.018
2019,egy,3056.99
2020,egy,3394.32
1980,gnq,7.968999999999999
1981,gnq,14.583
1982,gnq,24.677
1983,gnq,32.155
1984,gnq,40.594
1985,gnq,49.88399999999999
1986,gnq,39.243
1987,gnq,38.564
1988,gnq,45.003
1989,gnq,51.226000000000006
1990,gnq,46.621
1991,gnq,51.575
1992,gnq,47.472
1993,gnq,57.175
1994,gnq,117.581
1995,gnq,94.273
1996,gnq,105.478
1997,gnq,116.181
1998,gnq,126.00399999999999
1999,gnq,224.97400000000002
2000,gnq,246.737
2001,gnq,249.34900000000002
2002,gnq,252.364
2003,gnq,144.925
2004,gnq,138.421
2005,gnq,104.995
2006,gnq,66.30199999999999
2007,gnq,49.507
2008,gnq,39.863
2009,gnq,317.874
2010,gnq,640.82
2011,gnq,570.935
2012,gnq,856.041
2013,gnq,691.706
2014,gnq,535.0790000000001
2015,gnq,1098.519
2016,gnq,1447.882
2017,gnq,1428.997
2018,gnq,1293.211
2019,gnq,1090.04
2020,gnq,898.2669999999999
1996,est,0.031
1997,est,0.022000000000000002
1998,est,0.016
1999,est,0.025
2000,est,0.028999999999999998
2001,est,-0.11599999999999999
2002,est,-0.28800000000000003
2003,est,-0.48100000000000004
2004,est,-0.637
2005,est,-0.833
2006,est,-1.172
2007,est,-1.382
2008,est,-0.932
2009,est,-0.961
2010,est,-0.8029999999999999
2011,est,-0.621
2012,est,-1.022
2013,est,-0.725
2014,est,-0.762
2015,est,-0.474
2016,est,-0.361
2017,est,-0.292
2018,est,-0.21600000000000003
2019,est,-0.133
2020,est,-0.068
1992,eth,25.198
1993,eth,51.815
1994,eth,60.57899999999999
1995,eth,68.452
1996,eth,69.889
1997,eth,43.468999999999994
1998,eth,46.433
1999,eth,54.675
2000,eth,60.968999999999994
2001,eth,63.54
2002,eth,72.348
2003,eth,79.50399999999999
2004,eth,85.81299999999999
2005,eth,72.209
2006,eth,38.510999999999996
2007,eth,49.705
2008,eth,63.482
2009,eth,70.535
2010,eth,89.927
2011,eth,104.87799999999999
2012,eth,131.937
2013,eth,162.928
2014,eth,205.579
2015,eth,244.139
2016,eth,289.10900000000004
2017,eth,354.47900000000004
2018,eth,433.394
2019,eth,523.7719999999999
2020,eth,626.915
1992,fji,0.815
1993,fji,0.888
1994,fji,0.9259999999999999
1995,fji,0.955
1996,fji,1.5119999999999998
1997,fji,1.695
1998,fji,1.205
1999,fji,1.1909999999999998
2000,fji,1.357
2001,fji,1.607
2002,fji,1.829
2003,fji,2.057
2004,fji,2.195
2005,fji,2.343
2006,fji,2.805
2007,fji,2.605
2008,fji,2.667
2009,fji,2.935
2010,fji,3.141
2011,fji,3.266
2012,fji,3.3280000000000003
2013,fji,3.404
2014,fji,3.551
2015,fji,3.784
2016,fji,3.9930000000000003
2017,fji,4.216
2018,fji,4.448
2019,fji,4.69
2020,fji,4.95
1980,fin,-58.795
1981,fin,-65.9
1982,fin,-68.346
1983,fin,-71.99
1984,fin,-80.172
1985,fin,-91.447
1986,fin,-101.236
1987,fin,-109.29299999999999
1988,fin,-129.472
1989,fin,-164.935
1990,fin,-185.755
1991,fin,-170.65400000000002
1992,fin,-121.40899999999999
1993,fin,-79.557
1994,fin,-85.456
1995,fin,-23.008000000000003
1996,fin,-39.493
1997,fin,-47.715
1998,fin,-101.027
1999,fin,-61.379
2000,fin,-40.985
2001,fin,-43.965
2002,fin,-44.836000000000006
2003,fin,-55.806000000000004
2004,fin,-70.907
2005,fin,-92.087
2006,fin,-114.825
2007,fin,-130.121
2008,fin,-96.79299999999999
2009,fin,-107.978
2010,fin,-116.24700000000001
2011,fin,-97.25399999999999
2012,fin,-101.50399999999999
2013,fin,-96.781
2014,fin,-91.234
2015,fin,-86.238
2016,fin,-82.387
2017,fin,-79.82300000000001
2018,fin,-78.051
2019,fin,-76.40100000000001
2020,fin,-74.905
1983,fra,85.44
1984,fra,106.984
1985,fra,172.051
1986,fra,207.535
1987,fra,211.106
1988,fra,229.442
1989,fra,248.09900000000002
1990,fra,270.074
1991,fra,307.79200000000003
1992,fra,351.67699999999996
1993,fra,407.526
1994,fra,490.19800000000004
1995,fra,567.4
1996,fra,621.1
1997,fra,655.7
1998,fra,689.8
1999,fra,710.9
2000,fra,740.4
2001,fra,767.4
2002,fra,819.6
2003,fra,901.1
2004,fra,971.2
2005,fra,1041.4
2006,fra,1071.9
2007,fra,1123.6
2008,fra,1203.8
2009,fra,1358.5
2010,fra,1473.8
2011,fra,1572.9
2012,fra,1704.5610000000001
2013,fra,1790.4170000000001
2014,fra,1872.641
2015,fra,1948.0479999999998
2016,fra,2014.287
2017,fra,2068.1279999999997
2018,fra,2107.792
2019,fra,2128.462
2020,fra,2131.203
2000,gmb,9.457
2001,gmb,11.83
2002,gmb,16.583
2003,gmb,22.05
2004,gmb,23.485
2005,gmb,24.256
2006,gmb,25.84
2007,gmb,12.103
2008,gmb,13.7
2009,gmb,15.017999999999999
2010,gmb,18.567
2011,gmb,20.45
2012,gmb,22.464000000000002
2013,gmb,26.93
2014,gmb,34.455
2015,gmb,38.258
2016,gmb,39.5
2017,gmb,40.902
2018,gmb,41.881
2019,gmb,43.0
2020,gmb,44.038000000000004
1991,deu,294.53
1992,deu,409.037
1993,deu,470.417
1994,deu,531.685
1995,deu,702.038
1996,deu,741.785
1997,deu,788.253
1998,deu,835.118
1999,deu,875.1
2000,deu,840.2810000000001
2001,deu,890.467
2002,deu,958.9060000000001
2003,deu,1049.083
2004,deu,1121.883
2005,deu,1194.2910000000002
2006,deu,1232.151
2007,deu,1223.4360000000001
2008,deu,1244.487
2009,deu,1350.2920000000001
2010,deu,1463.566
2011,deu,1485.281
2012,deu,1493.4089999999999
2013,deu,1479.2379999999998
2014,deu,1442.796
2015,deu,1415.308
2016,deu,1385.55
2017,deu,1360.6529999999998
2018,deu,1332.55
2019,deu,1304.452
2020,deu,1275.851
1990,gha,0.0
1991,gha,0.0
1992,gha,0.0
1993,gha,0.0
1994,gha,0.0
1995,gha,0.0
1996,gha,0.0
1997,gha,0.0
1998,gha,0.0
1999,gha,0.0
2000,gha,0.0
2001,gha,5.23
2002,gha,6.356
2003,gha,7.93
2004,gha,7.064
2005,gha,6.886
2006,gha,4.096
2007,gha,5.377000000000001
2008,gha,9.024
2009,gha,11.965
2010,gha,19.909000000000002
2011,gha,23.15
2012,gha,35.396
2013,gha,49.178000000000004
2014,gha,73.334
2015,gha,89.969
2016,gha,102.209
2017,gha,112.963
2018,gha,120.516
2019,gha,127.85600000000001
2020,gha,135.686
2012,grc,296.779
2013,grc,314.053
2014,grc,312.19
2015,grc,310.944
2016,grc,306.10200000000003
2017,grc,300.14599999999996
2018,grc,294.33799999999997
2019,grc,288.145
2020,grc,281.378
1996,grd,0.435
1997,grd,0.439
1998,grd,0.485
1999,grd,0.449
2000,grd,0.584
2001,grd,0.627
2002,grd,1.1540000000000001
2003,grd,1.27
2004,grd,1.5319999999999998
2005,grd,1.6540000000000001
2006,grd,1.7690000000000001
2007,grd,1.8419999999999999
2008,grd,1.891
2009,grd,1.919
2010,grd,2.042
2011,grd,2.127
2012,grd,2.2569999999999997
2013,grd,2.436
2014,grd,2.494
2015,grd,2.551
2016,grd,2.565
2017,grd,2.5780000000000003
2018,grd,2.589
2019,grd,2.6
2020,grd,2.6060000000000003
1990,gin,1753.925
1991,gin,2240.786
1992,gin,2555.792
1993,gin,3004.066
1994,gin,3276.7929999999997
1995,gin,3389.946
1996,gin,3612.066
1997,gin,3874.31
1998,gin,4698.525
1999,gin,6140.732
2000,gin,6455.026
2001,gin,6714.0869999999995
2002,gin,6565.415
2003,gin,7705.619000000001
2004,gin,9769.279
2005,gin,16080.216999999999
2006,gin,20896.005
2007,gin,15667.83
2008,gin,18735.186999999998
2009,gin,19769.983
2010,gin,27020.334
2011,gin,26239.216
2012,gin,14029.016000000001
2013,gin,16984.449
2014,gin,17397.634
2015,gin,17728.087
2016,gin,17777.987
2017,gin,17713.828
2018,gin,17510.802
2019,gin,17091.778000000002
2020,gin,16614.215
1997,guy,220.602
1998,guy,231.489
1999,guy,237.946
2000,guy,246.543
2001,guy,273.552
2002,guy,295.73400000000004
2003,guy,280.192
2004,guy,294.404
2005,guy,304.406
2006,guy,274.905
2007,guy,207.327
2008,guy,224.34400000000002
2009,guy,247.649
2010,guy,281.603
2011,guy,332.889
2012,guy,357.345
2013,guy,320.58799999999997
2014,guy,363.014
2015,guy,401.731
2016,guy,442.472
2017,guy,485.463
2018,guy,524.842
2019,guy,558.219
2020,guy,584.956
2005,hun,13096.133
2006,hun,14988.173
2007,hun,16120.725
2008,hun,17207.081000000002
2009,hun,18940.248
2010,hun,20349.775
2011,hun,20941.99
2012,hun,20640.46
2013,hun,21406.414
2014,hun,22842.804
2015,hun,23708.548
2016,hun,24713.838
2017,hun,25723.557
2018,hun,26783.631
2019,hun,27859.944
2020,hun,29423.022999999997
1980,isl,0.0
1981,isl,0.0
1982,isl,0.179
1983,isl,3.98
1984,isl,5.1739999999999995
1985,isl,7.349
1986,isl,14.492
1987,isl,17.048
1988,isl,25.371
1989,isl,55.086999999999996
1990,isl,70.514
1991,isl,79.252
1992,isl,106.512
1993,isl,143.173
1994,isl,165.49400000000003
1995,isl,179.298
1996,isl,191.52200000000002
1997,isl,196.53099999999998
1998,isl,246.171
1999,isl,234.213
2000,isl,243.85
2001,isl,315.971
2002,isl,311.42
2003,isl,309.902
2004,isl,286.63599999999997
2005,isl,197.50599999999997
2006,isl,244.294
2007,isl,239.50799999999998
2008,isl,822.3860000000001
2009,isl,1053.35
2010,isl,1063.476
2011,isl,1049.2
2012,isl,1134.626
2013,isl,1175.777
2014,isl,1143.7
2015,isl,1113.0639999999999
2016,isl,1083.569
2017,isl,1061.8010000000002
2018,isl,1054.739
2019,isl,1044.367
2020,isl,1030.6789999999999
1996,irn,27194.167
1997,irn,29961.9
1998,irn,38060.699
1999,irn,36786.685
2000,irn,40409.202000000005
2001,irn,-9981.782
2002,irn,94760.54800000001
2003,irn,94096.57199999999
2004,irn,78824.321
2005,irn,-10359.31
2006,irn,-20720.458
2007,irn,-83774.453
2008,irn,-106311.69300000001
2009,irn,99843.26
2010,irn,94221.069
2011,irn,-167388.775
2012,irn,13963.04
2013,irn,-374974.838
2014,irn,-118322.627
2015,irn,222814.60199999998
2016,irn,580405.2239999999
2017,irn,918354.33
2018,irn,1232133.202
2019,irn,1534506.237
2020,irn,1833256.6369999999
1980,irl,8.118
1981,irl,10.488
1982,irl,13.287
1983,irl,17.176
1984,irl,19.924
1985,irl,22.296999999999997
1986,irl,27.398000000000003
1987,irl,29.563000000000002
1988,irl,31.068
1989,irl,31.685
1990,irl,32.507
1991,irl,34.227
1992,irl,35.213
1993,irl,39.098
1994,irl,39.617
1995,irl,41.446000000000005
1996,irl,41.032
1997,irl,41.538000000000004
1998,irl,39.702
1999,irl,41.068000000000005
2000,irl,36.611
2001,irl,30.405
2002,irl,31.169
2003,irl,30.218000000000004
2004,irl,28.305999999999997
2005,irl,24.557
2006,irl,20.493000000000002
2007,irl,19.969
2008,irl,38.203
2009,irl,62.593999999999994
2010,irl,111.289
2011,irl,135.235
2012,irl,151.781
2013,irl,160.96200000000002
2014,irl,158.85399999999998
2015,irl,166.26
2016,irl,170.41
2017,irl,172.305
2018,irl,171.39700000000002
2019,irl,171.762
2020,irl,171.68099999999998
2000,isr,369.281
2001,isr,402.788
2002,isr,462.879
2003,isr,480.539
2004,isr,505.774
2005,isr,510.81199999999995
2006,isr,491.098
2007,isr,482.654
2008,isr,501.208
2009,isr,543.997
2010,isr,565.177
2011,isr,592.68
2012,isr,624.81
2013,isr,656.742
2014,isr,695.306
2015,isr,735.6489999999999
2016,isr,774.48
2017,isr,810.837
2018,isr,840.722
2019,isr,865.062
2020,isr,886.805
1988,ita,455.55699999999996
1989,ita,513.859
1990,ita,578.1080000000001
1991,ita,652.1709999999999
1992,ita,735.459
1993,ita,832.0219999999999
1994,ita,925.3710000000001
1995,ita,939.6110000000001
1996,ita,1090.522
1997,ita,1088.232
1998,ita,1108.2169999999999
1999,ita,1101.305
2000,ita,1117.996
2001,ita,1163.087
2002,ita,1165.362
2003,ita,1189.737
2004,ita,1234.41
2005,ita,1281.2060000000001
2006,ita,1337.693
2007,ita,1354.31
2008,ita,1407.514
2009,ita,1482.004
2010,ita,1546.56
2011,ita,1612.464
2012,ita,1663.525
2013,ita,1730.325
2014,ita,1784.751
2015,ita,1820.28
2016,ita,1843.549
2017,ita,1859.368
2018,ita,1867.594
2019,ita,1868.277
2020,ita,1863.0729999999999
1980,jpn,40413.183
1981,jpn,51737.35
1982,jpn,60883.317
1983,jpn,71401.754
1984,jpn,79179.928
1985,jpn,82712.866
1986,jpn,83385.607
1987,jpn,72134.9
1988,jpn,65472.570999999996
1989,jpn,57585.375
1990,jpn,57978.595
1991,jpn,53386.710999999996
1992,jpn,64801.876
1993,jpn,80712.18
1994,jpn,93329.9
1995,jpn,114743.0
1996,jpn,144096.3
1997,jpn,178215.3
1998,jpn,229114.2
1999,jpn,264369.1
2000,jpn,300031.4
2001,jpn,331182.5
2002,jpn,371847.2
2003,jpn,386904.8
2004,jpn,415101.0
2005,jpn,413974.0
2006,jpn,410560.4
2007,jpn,412884.5
2008,jpn,477558.8
2009,jpn,500315.0
2010,jpn,545690.2
2011,jpn,599743.3
2012,jpn,613320.8
2013,jpn,590090.3
2014,jpn,621262.907
2015,jpn,648771.91
2016,jpn,671629.808
2017,jpn,690951.829
2018,jpn,707143.7309999999
2019,jpn,723834.2940000001
2020,jpn,741129.936
1988,jor,4.041
1989,jor,4.9430000000000005
1990,jor,5.88
1991,jor,5.678999999999999
1992,jor,5.236000000000001
1993,jor,5.039
1994,jor,5.09
1995,jor,5.075
1996,jor,5.062
1997,jor,4.888999999999999
1998,jor,5.855
1999,jor,5.854
2000,jor,5.292999999999999
2001,jor,5.894
2002,jor,6.454
2003,jor,7.0920000000000005
2004,jor,7.18
2005,jor,7.494
2006,jor,7.351
2007,jor,8.2
2008,jor,8.551
2009,jor,9.661
2010,jor,11.463
2011,jor,13.401
2012,jor,16.581
2013,jor,19.912
2014,jor,21.344
2015,jor,23.274
2016,jor,23.134
2017,jor,23.999000000000002
2018,jor,24.493000000000002
2019,jor,25.074
2020,jor,25.816999999999997
2002,kaz,296.518
2003,kaz,165.106
2004,kaz,1.67
2005,kaz,-465.259
2006,kaz,-1108.703
2007,kaz,-1772.273
2008,kaz,-2233.365
2009,kaz,-1878.296
2010,kaz,-2235.958
2011,kaz,-3588.466
2012,kaz,-4944.016
2013,kaz,-6337.579000000001
2014,kaz,-7662.485
2015,kaz,-6845.776
2016,kaz,-6446.7519999999995
2017,kaz,-6734.039000000001
2018,kaz,-7050.948
2019,kaz,-7791.813
2020,kaz,-8747.266
1998,ken,480.733
1999,ken,507.901
2000,ken,536.661
2001,ken,599.558
2002,ken,679.462
2003,ken,718.0880000000001
2004,ken,710.2330000000001
2005,ken,694.8580000000001
2006,ken,743.07
2007,ken,740.549
2008,ken,922.0110000000001
2009,ken,1055.675
2010,ken,1274.79
2011,ken,1455.445
2012,ken,1576.941
2013,ken,1826.297
2014,ken,2397.1839999999997
2015,ken,2877.441
2016,ken,3377.295
2017,ken,3806.86
2018,ken,4242.782
2019,ken,4681.031
2020,ken,5138.807
2001,kor,120497.698
2002,kor,132322.876
2003,kor,164246.236
2004,kor,197533.371
2005,kor,234330.891
2006,kor,267006.26
2007,kor,280268.688
2008,kor,296111.38399999996
2009,kor,344366.439
2010,kor,376602.362
2011,kor,407203.862
2012,kor,419825.091
2013,kor,475477.982
2014,kor,523978.689
2015,kor,573495.1460000001
2016,kor,620642.167
2017,kor,665096.3960000001
2018,kor,706218.605
2019,kor,743181.723
2020,kor,775486.906
2000,lva,0.684
2001,lva,0.758
2002,lva,0.8859999999999999
2003,lva,1.095
2004,lva,1.1640000000000001
2005,lva,1.261
2006,lva,1.198
2007,lva,1.004
2008,lva,2.694
2009,lva,4.022
2010,lva,5.1610000000000005
2011,lva,6.098
2012,lva,6.476
2013,lva,7.474
2014,lva,8.388
2015,lva,8.725
2016,lva,8.994
2017,lva,9.465
2018,lva,9.612
2019,lva,9.718
2020,lva,9.818999999999999
2000,lbn,37240.587999999996
2001,lbn,42171.38
2002,lbn,44797.941
2003,lbn,49503.185999999994
2004,lbn,52339.0
2005,lbn,55323.5
2006,lbn,59211.642
2007,lbn,61200.182
2008,lbn,65704.196
2009,lbn,69990.0
2010,lbn,73930.955
2011,lbn,77496.765
2012,lbn,82094.0
2013,lbn,89111.0
2014,lbn,94568.69
2015,lbn,102058.229
2016,lbn,109441.649
2017,lbn,117684.66900000001
2018,lbn,126936.62199999999
2019,lbn,137288.907
2020,lbn,148541.929
2000,lso,0.015
2001,lso,0.008
2002,lso,0.009000000000000001
2003,lso,1.8769999999999998
2004,lso,1.344
2005,lso,1.86
2006,lso,0.6629999999999999
2007,lso,-0.374
2008,lso,-1.608
2009,lso,-2.577
2010,lso,-0.778
2011,lso,0.306
2012,lso,-1.1420000000000001
2013,lso,-1.042
2014,lso,-0.102
2015,lso,1.1059999999999999
2016,lso,2.18
2017,lso,3.832
2018,lso,6.037999999999999
2019,lso,9.148
2020,lso,12.552999999999999
2000,lbr,4.178999999999999
2001,lbr,4.279
2002,lbr,4.379
2003,lbr,4.479
2004,lbr,4.573
2005,lbr,4.671
2006,lbr,4.732
2007,lbr,4.36
2008,lbr,3.1260000000000003
2009,lbr,1.396
2010,lbr,-0.251
2011,lbr,-0.26
2012,lbr,-0.14300000000000002
2013,lbr,-0.05
2014,lbr,0.077
2015,lbr,0.21600000000000003
2016,lbr,0.377
2017,lbr,0.508
2018,lbr,0.688
2019,lbr,0.785
2020,lbr,0.884
1990,lby,5.222
1991,lby,5.222
1992,lby,5.396
1993,lby,5.309
1994,lby,5.442
1995,lby,5.745
1996,lby,5.496
1997,lby,5.062
1998,lby,5.186
1999,lby,4.569
2000,lby,1.085
2001,lby,0.88
2002,lby,-0.07400000000000001
2003,lby,-4.5169999999999995
2004,lby,-19.092
2005,lby,-36.544000000000004
2006,lby,-56.183
2007,lby,-66.137
2008,lby,-74.867
2009,lby,-73.946
2010,lby,-82.26899999999999
2011,lby,-72.408
2012,lby,-86.439
2013,lby,-77.363
2014,lby,-53.675
2015,lby,-23.41
2016,lby,2.1069999999999998
2017,lby,14.674000000000001
2018,lby,27.54
2019,lby,36.974000000000004
2020,lby,49.488
1998,ltu,2.261
1999,ltu,3.174
2000,ltu,2.61
2001,ltu,2.6430000000000002
2002,ltu,2.616
2003,ltu,2.592
2004,ltu,2.642
2005,ltu,2.9010000000000002
2006,ltu,2.6489999999999996
2007,ltu,3.1889999999999996
2008,ltu,4.124
2009,ltu,6.2010000000000005
2010,ltu,8.165
2011,ltu,10.279000000000002
2012,ltu,11.239
2013,ltu,5.747000000000001
2014,ltu,5.792000000000001
2015,ltu,6.471
2016,ltu,7.31
2017,ltu,8.057
2018,ltu,8.775
2019,ltu,9.513
2020,ltu,10.191
1999,mkd,57.275
2000,mkd,96.51100000000001
2001,mkd,89.001
2002,mkd,87.374
2003,mkd,87.694
2004,mkd,86.096
2005,mkd,91.524
2006,mkd,74.705
2007,mkd,73.882
2008,mkd,76.937
2009,mkd,87.286
2010,mkd,94.709
2011,mkd,121.084
2012,mkd,137.71200000000002
2013,mkd,151.931
2014,mkd,174.104
2015,mkd,195.896
2016,mkd,216.19099999999997
2017,mkd,235.9
2018,mkd,256.182
2019,mkd,277.823
2020,mkd,300.78
2005,mwi,419.202
2006,mwi,127.32
2007,mwi,139.38299999999998
2008,mwi,213.452
2009,mwi,259.46
2010,mwi,246.565
2011,mwi,306.58299999999997
2012,mwi,481.86699999999996
2013,mwi,783.779
2014,mwi,893.842
2015,mwi,999.5939999999999
2016,mwi,1047.29
2017,mwi,1071.175
2018,mwi,1081.964
2019,mwi,1097.597
2020,mwi,1132.146
1990,mdv,0.0
1991,mdv,0.0
1992,mdv,0.0
1993,mdv,0.0
1994,mdv,0.0
1995,mdv,0.0
1996,mdv,0.0
1997,mdv,2.373
1998,mdv,2.6060000000000003
1999,mdv,2.783
2000,mdv,3.003
2001,mdv,3.326
2002,mdv,3.8569999999999998
2003,mdv,4.088
2004,mdv,4.283
2005,mdv,5.052
2006,mdv,5.966
2007,mdv,6.98
2008,mdv,8.691
2009,mdv,13.257
2010,mdv,16.500999999999998
2011,mdv,19.979
2012,mdv,22.951
2013,mdv,26.204
2014,mdv,31.235
2015,mdv,35.001
2016,mdv,38.534
2017,mdv,42.696999999999996
2018,mdv,47.131
2019,mdv,51.928999999999995
2020,mdv,57.156000000000006
2000,mli,1903.126
2001,mli,1951.136
2002,mli,1138.687
2003,mli,1000.592
2004,mli,1046.154
2005,mli,1381.096
2006,mli,474.48199999999997
2007,mli,514.232
2008,mli,636.054
2009,mli,595.922
2010,mli,895.7819999999999
2011,mli,1049.631
2012,mli,1338.866
2013,mli,1466.816
2014,mli,1598.25
2015,mli,1923.043
2016,mli,2152.357
2017,mli,2315.973
2018,mli,2509.049
2019,mli,2724.277
2020,mli,2984.224
2000,mus,55.449
2001,mus,60.208999999999996
2002,mus,76.2
2003,mus,95.919
2004,mus,93.524
2005,mus,102.45299999999999
2006,mus,108.887
2007,mus,115.37
2008,mus,120.781
2009,mus,147.157
2010,mus,155.328
2011,mus,168.328
2012,mus,177.00900000000001
2013,mus,197.28900000000002
2014,mus,204.696
2015,mus,221.854
2016,mus,238.44299999999998
2017,mus,256.242
2018,mus,275.81
2019,mus,297.495
2020,mus,319.753
1996,mex,0.0
1997,mex,0.0
1998,mex,1729.639
1999,mex,2148.27
2000,mex,2288.643
2001,mex,2409.6279999999997
2002,mex,2725.65
2003,mex,2738.362
2004,mex,2854.592
2005,mex,2974.208
2006,mex,3135.4390000000003
2007,mex,3314.4629999999997
2008,mex,4063.364
2009,mex,4382.263
2010,mex,4813.210999999999
2011,mex,5450.59
2012,mex,5890.846
2013,mex,6504.316
2014,mex,7446.929
2015,mex,8135.374
2016,mex,8746.153
2017,mex,9298.925
2018,mex,9787.311
2019,mex,10303.077
2020,mex,10868.612
1995,mda,5.15
1996,mda,6.822
1997,mda,7.94
1998,mda,14.542
1999,mda,18.573
2000,mda,13.633
2001,mda,14.215
2002,mda,15.6
2003,mda,16.005
2004,mda,13.981
2005,mda,13.527999999999999
2006,mda,13.831
2007,mda,13.148
2008,mda,12.117
2009,mda,17.6
2010,mda,19.303
2011,mda,19.886
2012,mda,21.649
2013,mda,23.915
2014,mda,35.114000000000004
2015,mda,56.873000000000005
2016,mda,65.521
2017,mda,73.503
2018,mda,83.61200000000001
2019,mda,94.87200000000001
2020,mda,107.042
1990,mar,189.726
1991,mar,179.90099999999998
1992,mar,208.798
1993,mar,237.97
1994,mar,245.705
1995,mar,260.514
1996,mar,265.173
1997,mar,273.5
1998,mar,279.535
1999,mar,279.36400000000003
2000,mar,289.015
2001,mar,280.765
2002,mar,287.643
2003,mar,293.373
2004,mar,295.927
2005,mar,326.728
2006,mar,328.18300000000005
2007,mar,327.186
2008,mar,320.723
2009,mar,340.199
2010,mar,380.486
2011,mar,427.56199999999995
2012,mar,489.227
2013,mar,548.827
2014,mar,581.442
2015,mar,633.825
2016,mar,670.297
2017,mar,703.877
2018,mar,737.903
2019,mar,771.727
2020,mar,805.758
1993,nam,1.732
1994,nam,2.016
1995,nam,2.521
1996,nam,3.112
1997,nam,3.283
1998,nam,4.059
1999,nam,4.985
2000,nam,5.577999999999999
2001,nam,7.056
2002,nam,7.82
2003,nam,9.641
2004,nam,11.972999999999999
2005,nam,12.54
2006,nam,11.350999999999999
2007,nam,8.052
2008,nam,6.3870000000000005
2009,nam,6.629
2010,nam,9.98
2011,nam,17.393
2012,nam,20.191
2013,nam,27.238000000000003
2014,nam,30.403000000000002
2015,nam,36.849000000000004
2016,nam,48.208999999999996
2017,nam,59.93899999999999
2018,nam,71.307
2019,nam,81.765
2020,nam,93.898
1995,nld,123.87899999999999
1996,nld,124.036
1997,nld,122.09
1998,nld,120.068
1999,nld,85.38600000000001
2000,nld,81.962
2001,nld,90.854
2002,nld,107.333
2003,nld,111.1
2004,nld,122.353
2005,nld,118.134
2006,nld,118.126
2007,nld,107.656
2008,nld,102.719
2009,nld,124.015
2010,nld,147.30700000000002
2011,nld,169.59599999999998
2012,nld,194.926
2013,nld,209.555
2014,nld,224.342
2015,nld,233.737
2016,nld,237.255
2017,nld,239.278
2018,nld,241.405
2019,nld,243.375
2020,nld,245.19799999999998
1985,nzl,19.287
1986,nzl,24.375999999999998
1987,nzl,27.783
1988,nzl,30.255
1989,nzl,35.781
1990,nzl,38.037
1991,nzl,39.514
1992,nzl,41.217
1993,nzl,39.621
1994,nzl,38.83
1995,nzl,36.258
1996,nzl,32.076
1997,nzl,30.394000000000002
1998,nzl,28.197
1999,nzl,25.909000000000002
2000,nzl,25.401999999999997
2001,nzl,25.148000000000003
2002,nzl,24.959
2003,nzl,24.194000000000003
2004,nzl,21.869
2005,nzl,18.021
2006,nzl,14.679
2007,nzl,11.727
2008,nzl,13.689
2009,nzl,21.929000000000002
2010,nzl,33.433
2011,nzl,45.4
2012,nzl,53.253
2013,nzl,57.883
2014,nzl,61.62
2015,nzl,64.91199999999999
2016,nzl,66.922
2017,nzl,66.67399999999999
2018,nzl,65.303
2019,nzl,62.643
2020,nzl,58.662
1995,ner,-5.751
1996,ner,9.187999999999999
1997,ner,34.59
1998,ner,43.081
1999,ner,9.162
2000,ner,3.5460000000000003
2001,ner,-5.066
2002,ner,21.135
2003,ner,27.308000000000003
2004,ner,42.875
2005,ner,43.667
2006,ner,-705.5880000000001
2007,ner,43.32
2008,ner,27.46
2009,ner,37.64
2010,ner,43.706
2011,ner,95.755
2012,ner,69.185
2013,ner,100.625
2014,ner,526.354
2015,ner,193.891
2016,ner,149.364
2017,ner,173.342
2018,ner,192.525
2019,ner,213.429
2020,ner,225.107
2000,nga,3972.9770000000003
2001,nga,4318.945
2002,nga,4902.978
2003,nga,5583.222
2004,nga,5355.637
2005,nga,4215.018
2006,nga,966.745
2007,nga,2669.615
2008,nga,174.03900000000002
2009,nga,2656.472
2010,nga,4907.178
2011,nga,5754.803000000001
2012,nga,5844.319
2013,nga,8054.406999999999
2014,nga,8935.466999999999
2015,nga,11046.99
2016,nga,12513.608999999999
2017,nga,13934.407
2018,nga,15119.65
2019,nga,16609.983
2020,nga,18711.787
1980,nor,1.122
1981,nor,-7.263999999999999
1982,nor,-17.265
1983,nor,-33.966
1984,nor,-56.977
1985,nor,-80.692
1986,nor,-108.75200000000001
1987,nor,-120.74799999999999
1988,nor,-214.43099999999998
1989,nor,-222.87
1990,nor,-235.50400000000002
1991,nor,-293.969
1992,nor,-283.334
1993,nor,-274.81
1994,nor,-273.01599999999996
1995,nor,-389.66900000000004
1996,nor,-470.231
1997,nor,-584.363
1998,nor,-648.8580000000001
1999,nor,-761.0260000000001
2000,nor,-1063.2169999999999
2001,nor,-1381.309
2002,nor,-1318.9160000000002
2003,nor,-1595.891
2004,nor,-1912.999
2005,nor,-2438.583
2006,nor,-3017.2509999999997
2007,nor,-3351.258
2008,nor,-3334.7270000000003
2009,nor,-3824.461
2010,nor,-4325.818
2011,nor,-4519.435
2012,nor,-5060.309
2013,nor,-6281.579000000001
2014,nor,-7696.733
2015,nor,-8005.802
2016,nor,-8328.405999999999
2017,nor,-8662.146
2018,nor,-9004.458
2019,nor,-9349.657
2020,nor,-9691.959
2001,pak,3582.37
2002,pak,3399.281
2003,pak,3419.281
2004,pak,3521.563
2005,pak,3898.645
2006,pak,4153.876
2007,pak,4429.414000000001
2008,pak,5654.6140000000005
2009,pak,7328.544
2010,pak,8611.528
2011,pak,10279.705
2012,pak,12156.995
2013,pak,13757.4
2014,pak,15487.646999999999
2015,pak,16876.664
2016,pak,18449.765
2017,pak,19941.04
2018,pak,21425.336
2019,pak,23158.069
2020,pak,24882.75
1991,pan,6.7620000000000005
1992,pan,6.763
1993,pan,6.763999999999999
1994,pan,6.765
1995,pan,6.766
1996,pan,6.768
1997,pan,6.769
1998,pan,7.087000000000001
1999,pan,7.045
2000,pan,6.944
2001,pan,7.6129999999999995
2002,pan,7.797999999999999
2003,pan,7.768
2004,pan,8.827
2005,pan,9.682
2006,pan,10.184
2007,pan,10.199
2008,pan,10.163
2009,pan,10.508
2010,pan,10.720999999999998
2011,pan,12.463
2012,pan,14.072000000000001
2013,pan,15.602
2014,pan,18.674
2015,pan,19.162
2016,pan,22.955
2017,pan,23.945999999999998
2018,pan,24.576
2019,pan,25.386
2020,pan,26.224
2000,per,66.264
2001,per,66.328
2002,per,72.344
2003,per,78.742
2004,per,78.898
2005,per,78.205
2006,per,68.98100000000001
2007,per,53.518
2008,per,46.275
2009,per,44.641999999999996
2010,per,43.075
2011,per,32.569
2012,per,22.971
2013,per,19.021
2014,per,19.699
2015,per,30.107
2016,per,38.955
2017,per,47.168
2018,per,54.318999999999996
2019,per,60.986000000000004
2020,per,68.039
1995,pol,-11.408
1996,pol,-5.436
1997,pol,0.348
1998,pol,8.617
1999,pol,42.243
2000,pol,51.498000000000005
2001,pol,108.35799999999999
2002,pol,108.226
2003,pol,148.612
2004,pol,140.031
2005,pol,156.02
2006,pol,158.91299999999998
2007,pol,120.235
2008,pol,126.529
2009,pol,200.257
2010,pol,284.944
2011,pol,378.95099999999996
2012,pol,413.24300000000005
2013,pol,482.23800000000006
2014,pol,381.68199999999996
2015,pol,425.147
2016,pol,460.03
2017,pol,498.464
2018,pol,531.212
2019,pol,558.114
2020,pol,589.06
1997,prt,47.446000000000005
1998,prt,47.297
1999,prt,49.722
2000,prt,53.31
2001,prt,62.221000000000004
2002,prt,67.434
2003,prt,73.25
2004,prt,79.29899999999999
2005,prt,89.09200000000001
2006,prt,94.194
2007,prt,107.785
2008,prt,120.96
2009,prt,139.906
2010,prt,165.417
2011,prt,177.75799999999998
2012,prt,195.199
2013,prt,202.31799999999998
2014,prt,207.78
2015,prt,211.72299999999998
2016,prt,216.424
2017,prt,221.028
2018,prt,226.142
2019,prt,231.40900000000002
2020,prt,236.243
1990,qat,2.1430000000000002
1991,qat,3.661
1992,qat,2.509
1993,qat,8.624
1994,qat,10.936
1995,qat,11.645999999999999
1996,qat,15.100999999999999
1997,qat,15.929
1998,qat,21.726
1999,qat,31.133000000000003
2000,qat,30.256999999999998
2001,qat,33.747
2002,qat,26.051
2003,qat,25.163
2004,qat,25.301
2005,qat,22.445
2006,qat,18.711
2007,qat,12.017000000000001
2008,qat,30.160999999999998
2009,qat,114.072
2010,qat,167.53
2011,qat,171.058
2012,qat,193.45
2013,qat,130.298
2014,qat,139.814
2015,qat,131.362
2016,qat,124.39200000000001
2017,qat,110.23299999999999
2018,qat,82.015
2019,qat,62.742
2020,qat,48.071000000000005
1999,sau,186.618
2000,sau,136.09
2001,sau,114.62200000000001
2002,sau,136.645
2003,sau,43.88
2004,sau,-101.30799999999999
2005,sau,-468.954
2006,sau,-706.076
2007,sau,-1148.7730000000001
2008,sau,-1635.3829999999998
2009,sau,-1569.3010000000002
2010,sau,-1792.519
2011,sau,-2038.828
2012,sau,-2510.765
2013,sau,-2792.848
2014,sau,-2741.073
2015,sau,-2129.9139999999998
2016,sau,-1904.771
2017,sau,-1731.175
2018,sau,-1543.661
2019,sau,-1353.129
2020,sau,-1155.4160000000002
2000,srb,919.0419999999999
2001,srb,857.424
2002,srb,753.078
2003,srb,828.735
2004,srb,850.2810000000001
2005,srb,862.398
2006,srb,665.704
2007,srb,635.06
2008,srb,790.669
2009,srb,886.57
2010,srb,1193.289
2011,srb,1396.5339999999999
2012,srb,1868.126
2013,srb,2059.185
2014,srb,2640.9959999999996
2015,srb,2887.275
2016,srb,3130.3259999999996
2017,srb,3318.7259999999997
2018,srb,3492.4179999999997
2019,srb,3676.9190000000003
2020,srb,3852.3309999999997
2001,syc,7.067
2002,syc,7.402
2003,syc,6.4239999999999995
2004,syc,7.1370000000000005
2005,syc,6.94
2006,syc,6.921
2007,syc,8.78
2008,syc,11.534
2009,syc,13.747
2010,syc,8.874
2011,syc,9.105
2012,syc,10.169
2013,syc,9.015
2014,syc,8.715
2015,syc,9.13
2016,syc,8.838
2017,syc,8.51
2018,syc,7.984
2019,syc,7.3839999999999995
2020,syc,6.93
2000,sle,0.0
2001,sle,0.0
2002,sle,0.0
2003,sle,0.0
2004,sle,0.0
2005,sle,0.0
2006,sle,0.0
2007,sle,0.0
2008,sle,0.0
2009,sle,0.0
2010,sle,0.0
2011,sle,0.0
2012,sle,0.0
2013,sle,0.0
2014,sle,0.0
2015,sle,0.0
2016,sle,0.0
2017,sle,0.0
2018,sle,0.0
2019,sle,0.0
2020,sle,0.0
2003,slb,1.642
2004,slb,1.396
2005,slb,1.474
2006,slb,1.494
2007,slb,1.399
2008,slb,1.456
2009,slb,1.354
2010,slb,1.021
2011,slb,0.449
2012,slb,0.42700000000000005
2013,slb,0.489
2014,slb,0.419
2015,slb,0.654
2016,slb,0.81
2017,slb,0.873
2018,slb,0.847
2019,slb,0.7759999999999999
2020,slb,0.696
2000,zaf,392.727
2001,zaf,439.61199999999997
2002,zaf,427.17199999999997
2003,zaf,460.767
2004,zaf,496.009
2005,zaf,470.26
2006,zaf,476.311
2007,zaf,482.015
2008,zaf,515.0269999999999
2009,zaf,636.187
2010,zaf,783.567
2011,zaf,947.4010000000001
2012,zaf,1133.638
2013,zaf,1329.9920000000002
2014,zaf,1536.24
2015,zaf,1736.754
2016,zaf,1922.9270000000001
2017,zaf,2125.735
2018,zaf,2363.098
2019,zaf,2626.518
2020,zaf,2867.8979999999997
2012,ssd,1.989
2013,ssd,6.006
2014,ssd,8.984
2015,ssd,8.748
2016,ssd,14.159
2017,ssd,16.234
2018,ssd,18.759
2019,ssd,21.396
2020,ssd,23.893
1985,esp,46.135
1986,esp,59.06
1987,esp,67.305
1988,esp,76.28
1989,esp,84.16
1990,esp,96.39399999999999
1991,esp,110.706
1992,esp,129.079
1993,esp,154.336
1994,esp,187.581
1995,esp,254.797
1996,esp,284.654
1997,esp,301.684
1998,esp,309.53
1999,esp,316.188
2000,esp,317.35200000000003
2001,esp,324.063
2002,esp,321.135
2003,esp,323.935
2004,esp,324.914
2005,esp,316.888
2006,esp,302.108
2007,esp,281.191
2008,esp,335.048
2009,esp,262.718
2010,esp,351.473
2011,esp,422.695
2012,esp,547.515
2013,esp,624.116
2014,esp,685.857
2015,esp,732.607
2016,esp,764.334
2017,esp,792.687
2018,esp,816.578
2019,esp,834.9760000000001
2020,esp,853.215
1990,vct,0.349
1991,vct,0.35700000000000004
1992,vct,0.371
1993,vct,0.371
1994,vct,0.41200000000000003
1995,vct,0.39899999999999997
1996,vct,0.363
1997,vct,0.364
1998,vct,0.39799999999999996
1999,vct,0.556
2000,vct,0.579
2001,vct,0.603
2002,vct,0.659
2003,vct,0.7070000000000001
2004,vct,0.833
2005,vct,0.914
2006,vct,0.97
2007,vct,0.948
2008,vct,1.02
2009,vct,1.101
2010,vct,1.148
2011,vct,1.1840000000000002
2012,vct,1.3
2013,vct,1.3319999999999999
2014,vct,1.4069999999999998
2015,vct,1.489
2016,vct,1.5730000000000002
2017,vct,1.639
2018,vct,1.689
2019,vct,1.729
2020,vct,1.771
1993,swz,0.809
1994,swz,0.815
1995,swz,0.914
1996,swz,1.085
1997,swz,1.03
1998,swz,1.633
1999,swz,1.868
2000,swz,2.325
2001,swz,2.59
2002,swz,2.6719999999999997
2003,swz,2.779
2004,swz,2.151
2005,swz,1.5330000000000001
2006,swz,1.156
2007,swz,-0.298
2008,swz,-1.645
2009,swz,-1.396
2010,swz,1.351
2011,swz,2.37
2012,swz,1.923
2013,swz,1.485
2014,swz,2.165
2015,swz,3.565
2016,swz,5.315
2017,swz,7.968
2018,swz,10.16
2019,swz,12.61
2020,swz,15.333
1993,swe,149.67700000000002
1994,swe,259.811
1995,swe,246.18200000000002
1996,swe,262.721
1997,swe,254.03900000000002
1998,swe,238.071
1999,swe,140.702
2000,swe,26.541
2001,swe,39.202
2002,swe,191.02900000000002
2003,swe,126.595
2004,swe,90.434
2005,swe,-34.979
2006,swe,-372.65
2007,swe,-535.5840000000001
2008,swe,-393.75800000000004
2009,swe,-598.529
2010,swe,-724.324
2011,swe,-678.566
2012,swe,-823.41
2013,swe,-957.2139999999999
2014,swe,-836.2719999999999
2015,swe,-782.472
2016,swe,-756.044
2017,swe,-737.8789999999999
2018,swe,-732.562
2019,swe,-741.28
2020,swe,-765.706
1983,che,81.835
1984,che,86.37100000000001
1985,che,88.56700000000001
1986,che,90.86
1987,che,91.181
1988,che,91.697
1989,che,92.086
1990,che,48.236999999999995
1991,che,54.748999999999995
1992,che,69.77600000000001
1993,che,82.221
1994,che,94.579
1995,che,103.765
1996,che,113.07799999999999
1997,che,123.0
1998,che,131.045
1999,che,151.001
2000,che,159.97799999999998
2001,che,168.09099999999998
2002,che,186.419
2003,che,188.91099999999997
2004,che,223.537
2005,che,216.64
2006,che,201.727
2007,che,173.088
2008,che,169.835
2009,che,163.778
2010,che,165.326
2011,che,169.252
2012,che,167.548
2013,che,163.338
2014,che,161.315
2015,che,159.39
2016,che,157.424
2017,che,154.165
2018,che,150.787
2019,che,147.317
2020,che,143.727
1990,syr,465.00300000000004
1991,syr,508.51800000000003
1992,syr,563.03
1993,syr,615.403
1994,syr,692.674
1995,syr,707.429
1996,syr,755.331
1997,syr,832.404
1998,syr,911.28
1999,syr,881.682
2000,syr,1068.84
2001,syr,1068.4
2002,syr,1069.98
2003,syr,1022.03
2004,syr,1081.6680000000001
2005,syr,470.611
2006,syr,497.5
2007,syr,546.46
2008,syr,530.939
2009,syr,452.149
2010,syr,525.056
2000,tto,22.938000000000002
2001,tto,25.543000000000003
2002,tto,28.278000000000002
2003,tto,30.084
2004,tto,27.883000000000003
2005,tto,23.430999999999997
2006,tto,16.653
2007,tto,14.022
2008,tto,8.329
2009,tto,13.31
2010,tto,13.785
2011,tto,13.239
2012,tto,24.072
2013,tto,21.699
2014,tto,25.006
2015,tto,28.515
2016,tto,37.652
2017,tto,49.754
2018,tto,62.876999999999995
2019,tto,76.645
2020,tto,92.23
1995,tur,4.564
1996,tur,9.342
1997,tur,17.162
1998,tur,31.430999999999997
1999,tur,65.383
2000,tur,95.89
2001,tur,182.51
2002,tur,247.34799999999998
2003,tur,290.92400000000004
2004,tur,307.562
2005,tur,298.32599999999996
2006,tur,295.60900000000004
2007,tur,275.8
2008,tur,309.305
2009,tur,357.07099999999997
2010,tur,381.17699999999996
2011,tur,406.31300000000005
2012,tur,393.425
2013,tur,428.49300000000005
2014,tur,449.142
2015,tur,499.707
2016,tur,543.399
2017,tur,595.964
2018,tur,662.9989999999999
2019,tur,746.2810000000001
2020,tur,841.686
1998,ukr,48.238
1999,ukr,78.458
2000,ukr,74.747
2001,ukr,71.707
2002,ukr,71.791
2003,ukr,72.402
2004,ukr,80.548
2005,ukr,61.277
2006,ukr,63.882
2007,ukr,72.93
2008,ukr,173.872
2009,ukr,291.683
2010,ukr,415.876
2011,ukr,448.62699999999995
2012,ukr,496.315
2013,ukr,563.185
2014,ukr,1091.506
2015,ukr,1692.3470000000002
2016,ukr,1903.844
2017,ukr,2065.087
2018,ukr,2158.5229999999997
2019,ukr,2209.4179999999997
2020,ukr,2238.81
1999,are,-1047.495
2000,are,-1127.452
2001,are,-1179.649
2002,are,-1242.993
2003,are,-1322.18
2004,are,-1424.9029999999998
2005,are,-1600.293
2006,are,-1814.095
2007,are,-2037.691
2008,are,-2352.393
2009,are,-2300.888
2010,are,-2394.863
2011,are,-2571.8720000000003
2012,are,-2864.491
2013,are,-3108.3390000000004
2014,are,-3330.716
2015,are,-3383.131
2016,are,-3465.778
2017,are,-3573.159
2018,are,-3702.384
2019,are,-3858.958
2020,are,-4038.134
1980,gbr,106.333
1981,gbr,125.109
1982,gbr,137.08700000000002
1983,gbr,145.72799999999998
1984,gbr,158.661
1985,gbr,172.72099999999998
1986,gbr,181.28900000000002
1987,gbr,187.71900000000002
1988,gbr,189.30900000000003
1989,gbr,176.516
1990,gbr,171.47
1991,gbr,174.14700000000002
1992,gbr,190.97299999999998
1993,gbr,234.05900000000003
1994,gbr,287.305
1995,gbr,335.02099999999996
1996,gbr,384.78
1997,gbr,375.525
1998,gbr,371.856
1999,gbr,369.079
2000,gbr,334.474
2001,gbr,333.87699999999995
2002,gbr,352.463
2003,gbr,396.43199999999996
2004,gbr,452.92900000000003
2005,gbr,497.209
2006,gbr,532.661
2007,gbr,567.556
2008,gbr,694.153
2009,gbr,872.07
2010,gbr,1076.335
2011,gbr,1187.087
2012,gbr,1275.974
2013,gbr,1349.003
2014,gbr,1448.162
2015,gbr,1530.2
2016,gbr,1596.46
2017,gbr,1642.078
2018,gbr,1672.851
2019,gbr,1679.316
2020,gbr,1685.1070000000002
2001,usa,3587.623
2002,usa,3991.025
2003,usa,4573.51
2004,usa,5755.672
2005,usa,6058.509
2006,usa,6199.181
2007,usa,6436.549
2008,usa,7420.8240000000005
2009,usa,8946.874
2010,usa,10405.517
2011,usa,11805.64
2012,usa,12803.899
2013,usa,13330.161
2014,usa,13878.843
2015,usa,14577.403999999999
2016,usa,15299.864
2017,usa,15994.853000000001
2018,usa,16724.154
2019,usa,17550.327
2020,usa,18455.091
2001,ury,97.382
2002,ury,218.947
2003,ury,241.445
2004,ury,240.42700000000002
2005,ury,215.583
2006,ury,223.62099999999998
2007,ury,207.743
2008,ury,201.10299999999998
2009,ury,219.553
2010,ury,247.229
2011,ury,262.074
2012,ury,263.97900000000004
2013,ury,278.699
2014,ury,292.885
2015,ury,337.006
2016,ury,402.43300000000005
2017,ury,465.034
2018,ury,533.07
2019,ury,609.6419999999999
2020,ury,702.466
2001,vnm,134767.87
2002,vnm,164658.7
2003,vnm,203130.60100000002
2004,vnm,303563.422
2005,vnm,345878.82399999996
2006,vnm,407714.01399999997
2007,vnm,509893.13200000004
2008,vnm,637028.122
2009,vnm,848447.896
2010,vnm,1043380.575
2011,vnm,1298685.159
2012,vnm,1574889.311
2013,vnm,1868880.31
2014,vnm,2317737.251
2015,vnm,2739000.953
2016,vnm,3100361.434
2017,vnm,3454326.105
2018,vnm,3801893.527
2019,vnm,4175296.941
2020,vnm,4578749.842
1998,yem,1024.923
1999,yem,1124.05
2000,yem,885.1289999999999
2001,yem,905.6239999999999
2002,yem,938.253
2003,yem,1127.122
2004,yem,1165.527
2005,yem,1189.215
2006,yem,1240.785
2007,yem,1518.2060000000001
2008,yem,1689.2079999999999
2009,yem,2224.244
2010,yem,2597.67
2011,yem,2962.4590000000003
2012,yem,3434.85
2013,yem,4056.893
2014,yem,4456.348
2015,yem,4940.567
2016,yem,5544.621
2017,yem,6136.9130000000005
2018,yem,6724.948
2019,yem,7320.338000000001
2020,yem,7916.229
2000,zmb,3.236
2001,zmb,3.237
2002,zmb,4.01
2003,zmb,5.55
2004,zmb,5.727
2005,zmb,4.869
2006,zmb,9.93
2007,zmb,9.902999999999999
2008,zmb,10.925
2009,zmb,12.735999999999999
2010,zmb,15.501
2011,zmb,18.721
2012,zmb,25.659000000000002
2013,zmb,36.202
2014,zmb,47.781000000000006
2015,zmb,60.318999999999996
2016,zmb,71.913
2017,zmb,82.906
2018,zmb,92.78299999999999
2019,zmb,103.337
2020,zmb,114.351
