year,country,ggx_ngdp
2002,afg,6.943
2003,afg,11.927
2004,afg,15.069
2005,afg,15.698
2006,afg,18.303
2007,afg,21.478
2008,afg,20.918
2009,afg,21.170
2010,afg,20.801
2011,afg,21.910
2012,afg,25.029
2013,afg,25.024
2014,afg,26.253
2015,afg,27.356
2016,afg,29.489
2017,afg,29.698
2018,afg,31.455
2019,afg,33.476
2020,afg,31.735
1997,alb,28.998
1998,alb,34.563
1999,alb,34.905
2000,alb,32.425
2001,alb,31.569
2002,alb,30.916
2003,alb,28.980
2004,alb,29.618
2005,alb,28.515
2006,alb,28.878
2007,alb,29.244
2008,alb,31.726
2009,alb,32.679
2010,alb,29.387
2011,alb,28.923
2012,alb,28.173
2013,alb,28.878
2014,alb,31.794
2015,alb,32.895
2016,alb,31.752
2017,alb,30.512
2018,alb,31.068
2019,alb,31.157
2020,alb,30.715
1990,dza,25.711
1991,dza,27.795
1992,dza,28.727
1993,dza,32.821
1994,dza,31.054
1995,dza,29.381
1996,dza,28.195
1997,dza,30.401
1998,dza,30.939
1999,dza,31.843
2000,dza,28.571
2001,dza,31.251
2002,dza,34.285
2003,dza,32.202
2004,dza,30.765
2005,dza,27.136
2006,dza,28.870
2007,dza,33.297
2008,dza,37.946
2009,dza,42.345
2010,dza,37.025
2011,dza,40.295
2012,dza,43.798
2013,dza,36.768
2014,dza,39.419
2015,dza,42.546
2016,dza,40.448
2017,dza,38.856
2018,dza,37.410
2019,dza,36.191
2020,dza,35.103
2000,ago,49.619
2001,ago,41.937
2002,ago,38.189
2003,ago,43.185
2004,ago,35.738
2005,ago,34.736
2006,ago,38.360
2007,ago,41.167
2008,ago,55.394
2009,ago,41.916
2010,ago,40.029
2011,ago,40.159
2012,ago,41.309
2013,ago,40.791
2014,ago,37.100
2015,ago,30.265
2016,ago,30.634
2017,ago,30.637
2018,ago,30.552
2019,ago,30.563
2020,ago,30.664
1990,atg,18.779
1991,atg,21.597
1992,atg,19.561
1993,atg,20.436
1994,atg,22.387
1995,atg,22.191
1996,atg,20.818
1997,atg,17.984
1998,atg,26.951
1999,atg,21.922
2000,atg,32.761
2001,atg,31.959
2002,atg,38.910
2003,atg,38.972
2004,atg,32.889
2005,atg,34.991
2006,atg,31.077
2007,atg,26.771
2008,atg,27.111
2009,atg,36.942
2010,atg,22.724
2011,atg,24.024
2012,atg,20.993
2013,atg,22.852
2014,atg,23.146
2015,atg,31.715
2016,atg,19.985
2017,atg,19.853
2018,atg,19.835
2019,atg,19.676
2020,atg,19.609
1995,arg,21.376
1996,arg,21.212
1997,arg,21.113
1998,arg,21.626
1999,arg,23.812
2000,arg,23.605
2001,arg,24.712
2002,arg,20.431
2003,arg,20.583
2004,arg,20.821
2005,arg,21.979
2006,arg,22.353
2007,arg,24.618
2008,arg,26.091
2009,arg,29.431
2010,arg,29.584
2011,arg,31.700
2012,arg,33.850
2013,arg,35.414
2014,arg,38.350
2015,arg,39.754
2016,arg,39.165
2017,arg,39.304
2018,arg,39.441
2019,arg,39.705
2020,arg,40.058
2005,arm,19.871
2006,arm,20.000
2007,arm,22.420
2008,arm,22.236
2009,arm,28.553
2010,arm,26.201
2011,arm,24.964
2012,arm,23.904
2013,arm,25.371
2014,arm,25.596
2015,arm,28.504
2016,arm,27.604
2017,arm,27.450
2018,arm,27.309
2019,arm,27.575
2020,arm,27.643
1988,aus,30.177
1989,aus,29.164
1990,aus,30.024
1991,aus,32.529
1992,aus,33.502
1993,aus,33.544
1994,aus,33.227
1995,aus,33.087
1996,aus,32.944
1997,aus,32.262
1998,aus,34.136
1999,aus,35.675
2000,aus,34.730
2001,aus,35.773
2002,aus,35.083
2003,aus,35.068
2004,aus,34.938
2005,aus,34.684
2006,aus,34.615
2007,aus,34.347
2008,aus,35.082
2009,aus,37.957
2010,aus,37.140
2011,aus,36.614
2012,aus,36.769
2013,aus,37.012
2014,aus,37.605
2015,aus,38.169
2016,aus,37.669
2017,aus,37.427
2018,aus,37.188
2019,aus,37.047
2020,aus,37.038
1988,aut,46.818
1989,aut,45.553
1990,aut,45.835
1991,aut,46.843
1992,aut,48.229
1993,aut,53.157
1994,aut,53.166
1995,aut,54.940
1996,aut,54.991
1997,aut,52.132
1998,aut,52.092
1999,aut,51.727
2000,aut,50.340
2001,aut,51.020
2002,aut,50.698
2003,aut,51.017
2004,aut,53.440
2005,aut,50.983
2006,aut,50.203
2007,aut,49.105
2008,aut,49.791
2009,aut,54.100
2010,aut,52.801
2011,aut,50.868
2012,aut,50.980
2013,aut,50.940
2014,aut,53.305
2015,aut,51.965
2016,aut,51.397
2017,aut,51.204
2018,aut,51.117
2019,aut,51.038
2020,aut,51.007
2000,aze,20.831
2001,aze,18.661
2002,aze,27.673
2003,aze,28.521
2004,aze,25.865
2005,aze,22.670
2006,aze,26.870
2007,aze,25.938
2008,aze,31.125
2009,aze,33.785
2010,aze,31.674
2011,aze,33.951
2012,aze,36.655
2013,aze,38.004
2014,aze,38.383
2015,aze,35.202
2016,aze,32.141
2017,aze,31.541
2018,aze,31.247
2019,aze,30.231
2020,aze,29.794
1991,bhs,16.934
1992,bhs,17.660
1993,bhs,17.942
1994,bhs,18.095
1995,bhs,17.849
1996,bhs,17.999
1997,bhs,19.246
1998,bhs,16.088
1999,bhs,15.262
2000,bhs,15.501
2001,bhs,15.199
2002,bhs,15.250
2003,bhs,15.669
2004,bhs,15.807
2005,bhs,16.417
2006,bhs,16.940
2007,bhs,18.680
2008,bhs,19.015
2009,bhs,20.981
2010,bhs,20.878
2011,bhs,22.772
2012,bhs,23.496
2013,bhs,22.847
2014,bhs,21.219
2015,bhs,22.129
2016,bhs,21.611
2017,bhs,21.469
2018,bhs,21.212
2019,bhs,21.120
2020,bhs,20.981
1990,bhr,33.738
1991,bhr,29.748
1992,bhr,30.648
1993,bhr,27.829
1994,bhr,27.247
1995,bhr,26.135
1996,bhr,23.642
1997,bhr,32.305
1998,bhr,26.789
1999,bhr,28.219
2000,bhr,23.095
2001,bhr,27.668
2002,bhr,31.880
2003,bhr,29.284
2004,bhr,26.055
2005,bhr,24.926
2006,bhr,24.115
2007,bhr,23.351
2008,bhr,23.647
2009,bhr,25.638
2010,bhr,28.547
2011,bhr,27.498
2012,bhr,29.643
2013,bhr,28.610
2014,bhr,30.190
2015,bhr,33.723
2016,bhr,31.625
2017,bhr,30.364
2018,bhr,30.679
2019,bhr,30.765
2020,bhr,30.729
1980,bgd,12.954
1981,bgd,12.134
1982,bgd,12.473
1983,bgd,12.502
1984,bgd,11.134
1985,bgd,10.994
1986,bgd,11.611
1987,bgd,11.187
1988,bgd,10.985
1989,bgd,11.320
1990,bgd,10.774
1991,bgd,10.449
1992,bgd,10.372
1993,bgd,11.483
1994,bgd,11.848
1995,bgd,12.335
1996,bgd,11.544
1997,bgd,11.639
1998,bgd,11.495
1999,bgd,10.030
2000,bgd,11.408
2001,bgd,12.729
2002,bgd,12.300
2003,bgd,12.147
2004,bgd,11.748
2005,bgd,12.207
2006,bgd,12.131
2007,bgd,11.532
2008,bgd,13.824
2009,bgd,12.669
2010,bgd,12.699
2011,bgd,13.952
2012,bgd,14.224
2013,bgd,14.610
2014,bgd,13.908
2015,bgd,14.038
2016,bgd,14.617
2017,bgd,15.830
2018,bgd,15.859
2019,bgd,16.090
2020,bgd,15.814
1994,brb,28.741
1995,brb,30.451
1996,brb,32.496
1997,brb,34.069
1998,brb,31.976
1999,brb,32.805
2000,brb,34.409
2001,brb,36.049
2002,brb,38.751
2003,brb,37.678
2004,brb,35.136
2005,brb,36.558
2006,brb,33.155
2007,brb,37.591
2008,brb,38.476
2009,brb,38.076
2010,brb,41.493
2011,brb,41.186
2012,brb,45.359
2013,brb,45.616
2014,brb,43.211
2015,brb,41.426
2016,brb,41.807
2017,brb,41.938
2018,brb,42.132
2019,brb,42.090
2020,brb,41.977
1993,blr,0.669
1994,blr,0.190
1995,blr,0.640
1996,blr,0.552
1997,blr,0.558
1998,blr,10.925
1999,blr,9.815
2000,blr,10.529
2001,blr,45.554
2002,blr,45.275
2003,blr,43.484
2004,blr,44.466
2005,blr,45.459
2006,blr,47.864
2007,blr,47.932
2008,blr,48.778
2009,blr,46.159
2010,blr,42.054
2011,blr,34.522
2012,blr,38.853
2013,blr,42.883
2014,blr,40.160
2015,blr,44.409
2016,blr,43.453
2017,blr,44.139
2018,blr,44.880
2019,blr,45.697
2020,blr,46.177
1980,bel,56.328
1981,bel,63.153
1982,bel,61.187
1983,bel,63.815
1984,bel,60.639
1985,bel,59.915
1986,bel,59.095
1987,bel,57.233
1988,bel,55.273
1989,bel,53.689
1990,bel,53.679
1991,bel,54.919
1992,bel,55.202
1993,bel,56.333
1994,bel,53.966
1995,bel,51.976
1996,bel,52.280
1997,bel,51.063
1998,bel,50.250
1999,bel,49.672
2000,bel,48.676
2001,bel,48.770
2002,bel,49.020
2003,bel,50.150
2004,bel,48.393
2005,bel,50.881
2006,bel,47.677
2007,bel,47.571
2008,bel,49.436
2009,bel,53.204
2010,bel,52.330
2011,bel,53.234
2012,bel,54.784
2013,bel,54.414
2014,bel,54.538
2015,bel,53.924
2016,bel,53.043
2017,bel,52.278
2018,bel,51.813
2019,bel,51.391
2020,bel,51.050
1996,blz,25.778
1997,blz,26.547
1998,blz,28.334
1999,blz,30.293
2000,blz,31.308
2001,blz,34.164
2002,blz,31.724
2003,blz,31.000
2004,blz,30.727
2005,blz,27.587
2006,blz,29.553
2007,blz,28.583
2008,blz,28.178
2009,blz,28.390
2010,blz,29.029
2011,blz,28.719
2012,blz,26.915
2013,blz,30.586
2014,blz,30.532
2015,blz,30.126
2016,blz,29.759
2017,blz,29.883
2018,blz,29.525
2019,blz,30.194
2020,blz,29.425
1990,ben,22.059
1991,ben,20.968
1992,ben,22.399
1993,ben,19.936
1994,ben,22.557
1995,ben,24.583
1996,ben,22.093
1997,ben,21.118
1998,ben,18.117
1999,ben,19.319
2000,ben,23.279
2001,ben,22.639
2002,ben,22.728
2003,ben,20.530
2004,ben,20.379
2005,ben,21.299
2006,ben,19.426
2007,ben,23.424
2008,ben,21.381
2009,ben,25.038
2010,ben,20.447
2011,ben,21.554
2012,ben,21.028
2013,ben,22.436
2014,ben,21.687
2015,ben,23.784
2016,ben,25.754
2017,ben,25.940
2018,ben,25.956
2019,ben,23.905
2020,ben,23.116
1981,btn,52.587
1982,btn,35.723
1983,btn,44.441
1984,btn,41.389
1985,btn,56.999
1986,btn,51.292
1987,btn,49.961
1988,btn,47.736
1989,btn,49.279
1990,btn,37.738
1991,btn,32.432
1992,btn,36.274
1993,btn,37.071
1994,btn,39.874
1995,btn,40.648
1996,btn,39.885
1997,btn,39.825
1998,btn,32.746
1999,btn,42.292
2000,btn,45.301
2001,btn,52.955
2002,btn,41.379
2003,btn,36.111
2004,btn,32.440
2005,btn,37.944
2006,btn,35.868
2007,btn,35.048
2008,btn,34.673
2009,btn,33.294
2010,btn,44.698
2011,btn,37.682
2012,btn,36.475
2013,btn,32.898
2014,btn,30.990
2015,btn,25.127
2016,btn,27.096
2017,btn,24.752
2018,btn,22.635
2019,btn,22.546
2020,btn,25.886
1981,bol,46.703
1982,bol,24.987
1983,bol,32.072
1984,bol,29.028
1985,bol,21.782
1986,bol,22.231
1987,bol,24.419
1988,bol,23.975
1989,bol,24.409
1990,bol,22.776
1991,bol,24.181
1992,bol,25.253
1993,bol,27.181
1994,bol,26.767
1995,bol,25.781
1996,bol,26.048
1997,bol,28.280
1998,bol,29.973
1999,bol,29.364
2000,bol,29.314
2001,bol,31.955
2002,bol,33.293
2003,bol,31.990
2004,bol,32.345
2005,bol,33.183
2006,bol,29.834
2007,bol,32.653
2008,bol,35.333
2009,bol,35.820
2010,bol,31.500
2011,bol,35.377
2012,bol,36.061
2013,bol,38.504
2014,bol,41.746
2015,bol,39.372
2016,bol,39.019
2017,bol,38.517
2018,bol,38.035
2019,bol,37.655
2020,bol,37.257
1998,bih,56.191
1999,bih,59.779
2000,bih,59.136
2001,bih,50.838
2002,bih,47.187
2003,bih,47.017
2004,bih,45.846
2005,bih,46.117
2006,bih,45.607
2007,bih,46.233
2008,bih,48.733
2009,bih,50.396
2010,bih,50.932
2011,bih,48.758
2012,bih,48.944
2013,bih,47.234
2014,bih,49.427
2015,bih,49.506
2016,bih,49.554
2017,bih,49.197
2018,bih,48.945
2019,bih,49.004
2020,bih,48.505
1980,bwa,34.361
1981,bwa,37.304
1982,bwa,36.754
1983,bwa,34.480
1984,bwa,34.609
1985,bwa,31.488
1986,bwa,35.541
1987,bwa,35.993
1988,bwa,32.099
1989,bwa,34.092
1990,bwa,38.976
1991,bwa,41.159
1992,bwa,42.373
1993,bwa,42.030
1994,bwa,37.678
1995,bwa,36.407
1996,bwa,35.728
1997,bwa,36.768
1998,bwa,37.347
1999,bwa,37.789
2000,bwa,38.245
2001,bwa,41.866
2002,bwa,44.749
2003,bwa,42.390
2004,bwa,39.314
2005,bwa,33.368
2006,bwa,32.294
2007,bwa,35.802
2008,bwa,46.880
2009,bwa,50.899
2010,bwa,39.941
2011,bwa,36.438
2012,bwa,35.696
2013,bwa,32.448
2014,bwa,35.378
2015,bwa,34.430
2016,bwa,29.498
2017,bwa,28.554
2018,bwa,28.363
2019,bwa,27.708
2020,bwa,27.225
1996,bra,38.111
1997,bra,38.465
1998,bra,40.753
1999,bra,39.423
2000,bra,34.388
2001,bra,36.218
2002,bra,38.856
2003,bra,40.946
2004,bra,38.221
2005,bra,39.769
2006,bra,39.201
2007,bra,37.662
2008,bra,37.442
2009,bra,37.161
2010,bra,38.787
2011,bra,37.589
2012,bra,37.986
2013,bra,38.640
2014,bra,40.227
2015,bra,39.750
2016,bra,39.171
2017,bra,38.638
2018,bra,38.349
2019,bra,37.879
2020,bra,37.577
1985,brn,49.140
1986,brn,54.066
1987,brn,41.972
1988,brn,50.652
1989,brn,49.826
1990,brn,44.687
1991,brn,43.507
1992,brn,45.043
1993,brn,51.660
1994,brn,69.096
1995,brn,66.430
1996,brn,51.900
1997,brn,52.827
1998,brn,59.983
1999,brn,55.467
2000,brn,41.543
2001,brn,39.309
2002,brn,45.902
2003,brn,34.224
2004,brn,36.736
2005,brn,32.192
2006,brn,30.799
2007,brn,32.492
2008,brn,30.130
2009,brn,38.676
2010,brn,40.086
2011,brn,32.969
2012,brn,34.822
2013,brn,37.715
2014,brn,38.395
2015,brn,47.149
2016,brn,43.462
2017,brn,41.342
2018,brn,39.466
2019,brn,35.653
2020,brn,34.403
2000,bgr,36.830
2001,bgr,36.170
2002,bgr,35.202
2003,bgr,35.839
2004,bgr,34.929
2005,bgr,34.694
2006,bgr,33.206
2007,bgr,33.718
2008,bgr,34.183
2009,bgr,35.025
2010,bgr,35.988
2011,bgr,33.051
2012,bgr,33.574
2013,bgr,36.341
2014,bgr,37.965
2015,bgr,37.988
2016,bgr,37.143
2017,bgr,36.759
2018,bgr,36.457
2019,bgr,36.071
2020,bgr,35.706
1985,bfa,11.318
1986,bfa,14.734
1987,bfa,17.146
1988,bfa,14.923
1989,bfa,12.011
1990,bfa,9.420
1991,bfa,15.792
1992,bfa,15.302
1993,bfa,20.088
1994,bfa,20.049
1995,bfa,21.855
1996,bfa,22.211
1997,bfa,22.519
1998,bfa,22.198
1999,bfa,24.304
2000,bfa,22.295
2001,bfa,22.114
2002,bfa,21.887
2003,bfa,19.800
2004,bfa,22.791
2005,bfa,22.732
2006,bfa,24.612
2007,bfa,25.686
2008,bfa,20.909
2009,bfa,24.203
2010,bfa,22.833
2011,bfa,22.070
2012,bfa,25.501
2013,bfa,27.834
2014,bfa,23.348
2015,bfa,24.692
2016,bfa,24.860
2017,bfa,25.748
2018,bfa,26.375
2019,bfa,26.687
2020,bfa,26.888
1992,bdi,21.037
1993,bdi,21.836
1994,bdi,19.284
1995,bdi,19.709
1996,bdi,21.870
1997,bdi,16.553
1998,bdi,18.265
1999,bdi,20.304
2000,bdi,19.688
2001,bdi,20.577
2002,bdi,19.720
2003,bdi,26.459
2004,bdi,28.899
2005,bdi,26.183
2006,bdi,27.557
2007,bdi,38.965
2008,bdi,41.163
2009,bdi,37.988
2010,bdi,40.844
2011,bdi,39.782
2012,bdi,35.071
2013,bdi,31.364
2014,bdi,30.138
2015,bdi,29.314
2016,bdi,28.297
2017,bdi,28.551
2018,bdi,28.234
2019,bdi,27.935
2020,bdi,27.380
2002,cpv,36.426
2003,cpv,29.039
2004,cpv,32.429
2005,cpv,33.547
2006,cpv,33.344
2007,cpv,29.503
2008,cpv,29.630
2009,cpv,32.835
2010,cpv,38.672
2011,cpv,33.284
2012,cpv,34.628
2013,cpv,33.234
2014,cpv,32.733
2015,cpv,32.775
2016,cpv,31.438
2017,cpv,30.605
2018,cpv,29.755
2019,cpv,27.143
2020,cpv,26.548
1996,khm,15.665
1997,khm,12.417
1998,khm,13.406
1999,khm,13.806
2000,khm,15.045
2001,khm,15.133
2002,khm,16.880
2003,khm,15.749
2004,khm,13.865
2005,khm,12.332
2006,khm,12.952
2007,khm,14.458
2008,khm,15.610
2009,khm,20.052
2010,khm,19.902
2011,khm,19.659
2012,khm,20.712
2013,khm,20.504
2014,khm,20.392
2015,khm,21.206
2016,khm,21.513
2017,khm,21.771
2018,khm,21.946
2019,khm,21.881
2020,khm,21.944
2000,cmr,16.541
2001,cmr,16.850
2002,cmr,15.715
2003,cmr,15.399
2004,cmr,15.973
2005,cmr,14.610
2006,cmr,14.551
2007,cmr,15.607
2008,cmr,18.968
2009,cmr,17.493
2010,cmr,17.667
2011,cmr,20.534
2012,cmr,19.540
2013,cmr,21.906
2014,cmr,22.689
2015,cmr,22.431
2016,cmr,22.240
2017,cmr,22.095
2018,cmr,21.385
2019,cmr,20.958
2020,cmr,20.718
1980,can,43.904
1981,can,44.643
1982,can,49.321
1983,can,49.568
1984,can,49.381
1985,can,49.864
1986,can,49.571
1987,can,48.249
1988,can,47.403
1989,can,46.117
1990,can,49.076
1991,can,52.919
1992,can,54.018
1993,can,52.877
1994,can,50.381
1995,can,48.965
1996,can,46.882
1997,can,44.128
1998,can,44.620
1999,can,42.809
2000,can,40.778
2001,can,41.364
2002,can,40.590
2003,can,40.416
2004,can,39.230
2005,can,38.591
2006,can,38.817
2007,can,38.626
2008,can,39.020
2009,can,43.358
2010,can,43.121
2011,can,41.722
2012,can,41.111
2013,can,40.706
2014,can,39.387
2015,can,39.761
2016,can,39.438
2017,can,39.204
2018,can,39.022
2019,can,38.893
2020,can,38.815
1988,caf,23.993
1989,caf,20.364
1990,caf,21.947
1991,caf,22.076
1992,caf,20.284
1993,caf,10.978
1994,caf,22.285
1995,caf,17.484
1996,caf,17.776
1997,caf,13.278
1998,caf,17.885
1999,caf,17.227
2000,caf,16.830
2001,caf,14.177
2002,caf,16.975
2003,caf,13.145
2004,caf,13.607
2005,caf,17.068
2006,caf,14.074
2007,caf,13.307
2008,caf,16.408
2009,caf,16.647
2010,caf,18.602
2011,caf,15.700
2012,caf,16.354
2013,caf,14.662
2014,caf,15.540
2015,caf,20.852
2016,caf,18.798
2017,caf,19.920
2018,caf,20.356
2019,caf,20.860
2020,caf,21.287
1995,tcd,15.953
1996,tcd,15.553
1997,tcd,15.574
1998,tcd,13.161
1999,tcd,16.719
2000,tcd,18.208
2001,tcd,15.550
2002,tcd,17.879
2003,tcd,19.343
2004,tcd,12.760
2005,tcd,11.550
2006,tcd,13.973
2007,tcd,17.132
2008,tcd,18.863
2009,tcd,24.209
2010,tcd,24.410
2011,tcd,22.393
2012,tcd,23.947
2013,tcd,22.880
2014,tcd,22.071
2015,tcd,17.614
2016,tcd,18.516
2017,tcd,17.938
2018,tcd,20.227
2019,tcd,21.792
2020,tcd,23.109
1990,chl,21.231
1991,chl,21.552
1992,chl,21.141
1993,chl,21.465
1994,chl,20.914
1995,chl,19.717
1996,chl,20.924
1997,chl,20.883
1998,chl,22.092
1999,chl,23.834
2000,chl,22.986
2001,chl,23.300
2002,chl,23.323
2003,chl,22.379
2004,chl,20.832
2005,chl,20.222
2006,chl,18.708
2007,chl,19.362
2008,chl,21.706
2009,chl,24.705
2010,chl,23.899
2011,chl,23.257
2012,chl,23.738
2013,chl,23.722
2014,chl,24.254
2015,chl,25.468
2016,chl,26.400
2017,chl,26.476
2018,chl,26.553
2019,chl,26.572
2020,chl,26.555
1982,chn,24.111
1983,chn,24.531
1984,chn,23.282
1985,chn,22.309
1986,chn,22.178
1987,chn,20.290
1988,chn,18.049
1989,chn,18.530
1990,chn,17.851
1991,chn,16.215
1992,chn,14.522
1993,chn,13.031
1994,chn,12.020
1995,chn,10.794
1996,chn,10.703
1997,chn,11.308
1998,chn,12.479
1999,chn,14.855
2000,chn,16.441
2001,chn,17.657
2002,chn,18.595
2003,chn,18.299
2004,chn,17.915
2005,chn,18.290
2006,chn,18.082
2007,chn,18.417
2008,chn,22.674
2009,chn,25.601
2010,chn,26.315
2011,chn,27.118
2012,chn,28.345
2013,chn,29.290
2014,chn,29.615
2015,chn,30.878
2016,chn,30.479
2017,chn,30.020
2018,chn,29.548
2019,chn,29.029
2020,chn,28.515
1982,col,15.086
1983,col,15.099
1984,col,15.345
1985,col,14.727
1986,col,14.202
1987,col,14.752
1988,col,14.582
1989,col,17.749
1990,col,17.485
1991,col,17.729
1992,col,18.447
1993,col,20.045
1994,col,20.616
1995,col,22.243
1996,col,25.122
1997,col,26.232
1998,col,26.397
1999,col,28.319
2000,col,26.426
2001,col,27.538
2002,col,27.897
2003,col,27.837
2004,col,26.421
2005,col,25.715
2006,col,28.276
2007,col,28.027
2008,col,26.638
2009,col,29.522
2010,col,29.395
2011,col,28.639
2012,col,28.259
2013,col,29.208
2014,col,29.598
2015,col,29.523
2016,col,28.791
2017,col,28.475
2018,col,28.134
2019,col,27.773
2020,col,27.398
1984,com,41.420
1985,com,40.571
1986,com,39.781
1987,com,35.331
1988,com,32.290
1989,com,32.508
1990,com,32.375
1991,com,32.288
1992,com,33.434
1993,com,29.393
1994,com,37.736
1995,com,31.396
1996,com,26.356
1997,com,24.807
1998,com,24.165
1999,com,19.098
2000,com,16.338
2001,com,21.975
2002,com,24.144
2003,com,21.456
2004,com,20.089
2005,com,19.871
2006,com,21.250
2007,com,22.327
2008,com,26.026
2009,com,23.017
2010,com,22.147
2011,com,22.122
2012,com,25.331
2013,com,25.165
2014,com,23.771
2015,com,25.430
2016,com,26.618
2017,com,27.187
2018,com,27.868
2019,com,25.462
2020,com,26.369
1996,cod,2.154
1997,cod,2.490
1998,cod,2.761
1999,cod,2.129
2000,cod,2.483
2001,cod,5.169
2002,cod,5.199
2003,cod,9.984
2004,cod,8.738
2005,cod,10.966
2006,cod,9.928
2007,cod,10.620
2008,cod,12.650
2009,cod,13.899
2010,cod,17.852
2011,cod,16.171
2012,cod,15.487
2013,cod,12.660
2014,cod,11.741
2015,cod,14.110
2016,cod,14.861
2017,cod,14.530
2018,cod,14.941
2019,cod,15.465
2020,cod,15.772
1990,cog,31.637
1991,cog,37.962
1992,cog,36.645
1993,cog,36.750
1994,cog,35.895
1995,cog,32.027
1996,cog,17.573
1997,cog,25.137
1998,cog,29.600
1999,cog,32.280
2000,cog,25.453
2001,cog,24.490
2002,cog,27.675
2003,cog,29.792
2004,cog,26.725
2005,cog,24.162
2006,cog,27.780
2007,cog,29.863
2008,cog,23.644
2009,cog,24.664
2010,cog,21.440
2011,cog,26.077
2012,cog,36.192
2013,cog,38.384
2014,cog,41.023
2015,cog,46.618
2016,cog,38.843
2017,cog,33.350
2018,cog,33.964
2019,cog,36.808
2020,cog,38.097
2000,cri,15.883
2001,cri,16.829
2002,cri,18.258
2003,cri,17.321
2004,cri,17.020
2005,cri,16.648
2006,cri,15.665
2007,cri,15.162
2008,cri,16.148
2009,cri,17.629
2010,cri,18.982
2011,cri,18.043
2012,cri,18.338
2013,cri,19.366
2014,cri,19.514
2015,cri,19.596
2016,cri,19.821
2017,cri,20.039
2018,cri,20.294
2019,cri,20.535
2020,cri,20.677
1997,civ,21.366
1998,civ,20.484
1999,civ,19.110
2000,civ,17.800
2001,civ,15.812
2002,civ,18.105
2003,civ,17.520
2004,civ,18.672
2005,civ,18.794
2006,civ,20.066
2007,civ,19.653
2008,civ,20.275
2009,civ,19.885
2010,civ,19.995
2011,civ,24.599
2012,civ,22.059
2013,civ,22.062
2014,civ,23.070
2015,civ,22.735
2016,civ,22.888
2017,civ,23.146
2018,civ,23.186
2019,civ,23.461
2020,civ,23.382
2002,hrv,47.825
2003,hrv,46.744
2004,hrv,46.640
2005,hrv,45.038
2006,hrv,44.923
2007,hrv,44.703
2008,hrv,44.340
2009,hrv,47.175
2010,hrv,46.817
2011,hrv,48.232
2012,hrv,46.931
2013,hrv,46.996
2014,hrv,46.897
2015,hrv,47.421
2016,hrv,46.714
2017,hrv,46.301
2018,hrv,46.195
2019,hrv,46.293
2020,hrv,46.288
1995,cyp,31.330
1996,cyp,33.197
1997,cyp,34.158
1998,cyp,34.756
1999,cyp,34.819
2000,cyp,35.002
2001,cyp,35.879
2002,cyp,37.589
2003,cyp,40.707
2004,cyp,39.141
2005,cyp,40.163
2006,cyp,39.637
2007,cyp,38.123
2008,cyp,38.722
2009,cyp,42.516
2010,cyp,42.481
2011,cyp,42.769
2012,cyp,42.083
2013,cyp,41.900
2014,cyp,40.224
2015,cyp,40.449
2016,cyp,39.011
2017,cyp,38.518
2018,cyp,37.954
2019,cyp,38.262
2020,cyp,38.168
1995,cze,51.453
1996,cze,40.499
1997,cze,41.083
1998,cze,41.334
1999,cze,40.558
2000,cze,39.840
2001,cze,41.945
2002,cze,43.772
2003,cze,47.980
2004,cze,41.460
2005,cze,41.134
2006,cze,40.118
2007,cze,39.227
2008,cze,39.437
2009,cze,42.826
2010,cze,41.941
2011,cze,41.020
2012,cze,42.289
2013,cze,40.251
2014,cze,39.982
2015,cze,39.980
2016,cze,39.027
2017,cze,38.863
2018,cze,38.833
2019,cze,38.815
2020,cze,38.372
1980,dnk,52.351
1981,dnk,55.848
1982,dnk,57.161
1983,dnk,57.298
1984,dnk,55.800
1985,dnk,54.893
1986,dnk,51.921
1987,dnk,53.057
1988,dnk,55.136
1989,dnk,55.200
1990,dnk,54.953
1991,dnk,55.377
1992,dnk,56.342
1993,dnk,59.295
1994,dnk,59.293
1995,dnk,58.526
1996,dnk,57.998
1997,dnk,55.907
1998,dnk,55.395
1999,dnk,54.533
2000,dnk,52.687
2001,dnk,52.837
2002,dnk,53.214
2003,dnk,53.639
2004,dnk,53.025
2005,dnk,51.224
2006,dnk,49.816
2007,dnk,49.579
2008,dnk,50.521
2009,dnk,56.798
2010,dnk,57.060
2011,dnk,56.843
2012,dnk,58.809
2013,dnk,57.078
2014,dnk,54.600
2015,dnk,54.747
2016,dnk,54.156
2017,dnk,52.636
2018,dnk,52.077
2019,dnk,51.711
2020,dnk,51.443
1991,dji,40.626
1992,dji,51.800
1993,dji,52.622
1994,dji,47.568
1995,dji,39.222
1996,dji,34.660
1997,dji,35.427
1998,dji,33.724
1999,dji,33.042
2000,dji,32.597
2001,dji,29.440
2002,dji,32.861
2003,dji,36.305
2004,dji,37.500
2005,dji,36.830
2006,dji,37.395
2007,dji,37.758
2008,dji,40.592
2009,dji,42.136
2010,dji,36.422
2011,dji,35.501
2012,dji,37.192
2013,dji,37.665
2014,dji,47.518
2015,dji,49.724
2016,dji,45.973
2017,dji,35.121
2018,dji,31.846
2019,dji,30.280
2020,dji,29.171
1990,dma,32.076
1991,dma,29.566
1992,dma,28.009
1993,dma,25.888
1994,dma,28.185
1995,dma,29.859
1996,dma,29.467
1997,dma,29.236
1998,dma,34.334
1999,dma,35.707
2000,dma,38.218
2001,dma,29.298
2002,dma,28.142
2003,dma,29.510
2004,dma,29.691
2005,dma,30.404
2006,dma,29.156
2007,dma,33.373
2008,dma,33.996
2009,dma,35.583
2010,dma,39.169
2011,dma,33.973
2012,dma,34.519
2013,dma,32.427
2014,dma,33.086
2015,dma,32.917
2016,dma,33.045
2017,dma,33.180
2018,dma,33.280
2019,dma,33.409
2020,dma,33.449
1997,dom,13.006
1998,dom,12.456
1999,dom,13.212
2000,dom,13.796
2001,dom,15.150
2002,dom,15.287
2003,dom,18.169
2004,dom,16.449
2005,dom,15.079
2006,dom,16.051
2007,dom,16.308
2008,dom,18.337
2009,dom,16.310
2010,dom,15.834
2011,dom,15.888
2012,dom,20.190
2013,dom,18.114
2014,dom,18.087
2015,dom,17.216
2016,dom,16.912
2017,dom,16.951
2018,dom,16.993
2019,dom,17.114
2020,dom,17.605
1993,ecu,0.000
1994,ecu,0.000
1995,ecu,20.596
1996,ecu,21.331
1997,ecu,20.606
1998,ecu,20.201
1999,ecu,22.638
2000,ecu,22.761
2001,ecu,19.953
2002,ecu,21.418
2003,ecu,20.308
2004,ecu,20.415
2005,ecu,21.393
2006,ecu,21.212
2007,ecu,24.612
2008,ecu,35.235
2009,ecu,32.966
2010,ecu,34.681
2011,ecu,39.349
2012,ecu,40.393
2013,ecu,44.042
2014,ecu,43.978
2015,ecu,39.343
2016,ecu,38.952
2017,ecu,38.363
2018,ecu,36.431
2019,ecu,34.802
2020,ecu,34.150
2002,egy,36.747
2003,egy,35.216
2004,egy,33.863
2005,egy,33.245
2006,egy,37.766
2007,egy,35.266
2008,egy,36.015
2009,egy,34.582
2010,egy,33.426
2011,egy,31.810
2012,egy,32.660
2013,egy,37.101
2014,egy,38.574
2015,egy,35.213
2016,egy,32.670
2017,egy,31.797
2018,egy,31.333
2019,egy,30.859
2020,egy,30.565
1992,slv,19.972
1993,slv,18.008
1994,slv,17.524
1995,slv,17.367
1996,slv,19.353
1997,slv,15.563
1998,slv,16.675
1999,slv,17.048
2000,slv,18.313
2001,slv,18.410
2002,slv,18.057
2003,slv,19.110
2004,slv,18.308
2005,slv,18.645
2006,slv,19.346
2007,slv,18.028
2008,slv,19.237
2009,slv,21.402
2010,slv,21.571
2011,slv,21.531
2012,slv,21.820
2013,slv,22.119
2014,slv,21.357
2015,slv,22.465
2016,slv,22.914
2017,slv,23.016
2018,slv,23.179
2019,slv,23.419
2020,slv,23.684
1980,gnq,66.469
1981,gnq,55.355
1982,gnq,59.184
1983,gnq,53.331
1984,gnq,42.264
1985,gnq,30.852
1986,gnq,31.822
1987,gnq,29.001
1988,gnq,63.742
1989,gnq,69.218
1990,gnq,66.887
1991,gnq,64.163
1992,gnq,54.465
1993,gnq,54.764
1994,gnq,33.830
1995,gnq,25.456
1996,gnq,23.399
1997,gnq,17.441
1998,gnq,35.297
1999,gnq,22.203
2000,gnq,25.021
2001,gnq,15.426
2002,gnq,12.841
2003,gnq,17.644
2004,gnq,20.811
2005,gnq,16.711
2006,gnq,22.580
2007,gnq,25.248
2008,gnq,25.452
2009,gnq,64.123
2010,gnq,43.943
2011,gnq,37.323
2012,gnq,47.805
2013,gnq,42.572
2014,gnq,42.154
2015,gnq,59.911
2016,gnq,39.044
2017,gnq,32.578
2018,gnq,29.263
2019,gnq,23.824
2020,gnq,25.166
1992,eri,25.244
1993,eri,52.022
1994,eri,38.969
1995,eri,62.837
1996,eri,53.125
1997,eri,46.549
1998,eri,68.097
1999,eri,82.081
2000,eri,74.158
2001,eri,69.047
2002,eri,62.558
2003,eri,67.009
2004,eri,54.841
2005,eri,57.487
2006,eri,41.156
2007,eri,39.940
2008,eri,42.132
2009,eri,30.635
2010,eri,34.624
2011,eri,33.605
2012,eri,30.676
2013,eri,29.760
2014,eri,28.999
2015,eri,28.785
2016,eri,28.484
2017,eri,28.192
2018,eri,27.402
2019,eri,27.001
2020,eri,26.949
1995,est,40.466
1996,est,38.699
1997,est,36.157
1998,est,39.022
1999,est,40.598
2000,est,36.059
2001,est,34.840
2002,est,35.845
2003,est,34.898
2004,est,33.910
2005,est,33.366
2006,est,33.287
2007,est,33.620
2008,est,39.005
2009,est,44.266
2010,est,40.415
2011,est,38.011
2012,est,39.745
2013,est,38.889
2014,est,38.050
2015,est,39.143
2016,est,38.987
2017,est,38.993
2018,est,39.029
2019,est,39.083
2020,est,39.077
1980,eth,13.106
1981,eth,13.773
1982,eth,15.933
1983,eth,20.636
1984,eth,18.279
1985,eth,19.128
1986,eth,19.274
1987,eth,17.849
1988,eth,20.946
1989,eth,23.322
1990,eth,20.256
1991,eth,16.820
1992,eth,13.824
1993,eth,13.375
1994,eth,17.116
1995,eth,16.887
1996,eth,18.246
1997,eth,17.308
1998,eth,20.354
1999,eth,25.842
2000,eth,25.598
2001,eth,22.438
2002,eth,24.870
2003,eth,26.813
2004,eth,23.149
2005,eth,22.890
2006,eth,22.067
2007,eth,20.521
2008,eth,18.756
2009,eth,17.113
2010,eth,18.483
2011,eth,18.217
2012,eth,16.648
2013,eth,17.802
2014,eth,17.708
2015,eth,19.141
2016,eth,19.110
2017,eth,18.912
2018,eth,18.852
2019,eth,18.890
2020,eth,18.908
1992,fji,28.894
1993,fji,29.479
1994,fji,27.729
1995,fji,26.241
1996,fji,30.245
1997,fji,33.002
1998,fji,31.123
1999,fji,27.962
2000,fji,28.790
2001,fji,30.564
2002,fji,31.537
2003,fji,30.433
2004,fji,28.211
2005,fji,28.136
2006,fji,29.893
2007,fji,28.138
2008,fji,25.410
2009,fji,29.296
2010,fji,27.699
2011,fji,29.017
2012,fji,29.103
2013,fji,28.694
2014,fji,30.548
2015,fji,31.770
2016,fji,29.840
2017,fji,29.820
2018,fji,29.761
2019,fji,29.682
2020,fji,29.595
1980,fin,42.993
1981,fin,43.688
1982,fin,45.504
1983,fin,47.329
1984,fin,46.709
1985,fin,48.629
1986,fin,49.284
1987,fin,50.215
1988,fin,48.817
1989,fin,46.190
1990,fin,46.397
1991,fin,55.037
1992,fin,60.109
1993,fin,62.839
1994,fin,61.741
1995,fin,59.561
1996,fin,57.943
1997,fin,54.517
1998,fin,51.003
1999,fin,49.911
2000,fin,46.972
2001,fin,46.286
2002,fin,47.505
2003,fin,48.331
2004,fin,48.271
2005,fin,49.275
2006,fin,48.341
2007,fin,46.798
2008,fin,48.262
2009,fin,54.781
2010,fin,54.706
2011,fin,54.366
2012,fin,56.115
2013,fin,57.592
2014,fin,58.264
2015,fin,58.036
2016,fin,57.795
2017,fin,57.403
2018,fin,57.121
2019,fin,57.073
2020,fin,57.015
1980,fra,46.103
1981,fra,48.623
1982,fra,49.893
1983,fra,50.367
1984,fra,51.277
1985,fra,51.893
1986,fra,51.459
1987,fra,50.847
1988,fra,50.169
1989,fra,48.988
1990,fra,49.615
1991,fra,50.736
1992,fra,52.023
1993,fra,54.614
1994,fra,54.010
1995,fra,54.184
1996,fra,54.263
1997,fra,53.917
1998,fra,52.344
1999,fra,52.057
2000,fra,51.128
2001,fra,51.215
2002,fra,52.298
2003,fra,52.784
2004,fra,52.524
2005,fra,52.878
2006,fra,52.493
2007,fra,52.227
2008,fra,52.990
2009,fra,56.761
2010,fra,56.444
2011,fra,55.919
2012,fra,56.688
2013,fra,57.127
2014,fra,57.499
2015,fra,57.091
2016,fra,56.573
2017,fra,55.740
2018,fra,54.872
2019,fra,53.997
2020,fra,53.194
1990,gab,21.798
1991,gab,24.202
1992,gab,25.605
1993,gab,25.934
1994,gab,23.068
1995,gab,24.192
1996,gab,21.447
1997,gab,28.653
1998,gab,43.898
1999,gab,24.601
2000,gab,19.584
2001,gab,26.855
2002,gab,24.619
2003,gab,20.260
2004,gab,20.218
2005,gab,20.669
2006,gab,20.650
2007,gab,19.422
2008,gab,18.016
2009,gab,23.057
2010,gab,20.900
2011,gab,24.142
2012,gab,30.190
2013,gab,29.156
2014,gab,24.983
2015,gab,24.870
2016,gab,24.963
2017,gab,24.452
2018,gab,24.346
2019,gab,24.477
2020,gab,24.874
2000,gmb,15.851
2001,gmb,16.090
2002,gmb,17.750
2003,gmb,16.001
2004,gmb,21.687
2005,gmb,21.698
2006,gmb,22.562
2007,gmb,17.932
2008,gmb,19.417
2009,gmb,23.111
2010,gmb,24.016
2011,gmb,25.963
2012,gmb,29.718
2013,gmb,27.081
2014,gmb,31.399
2015,gmb,30.634
2016,gmb,26.726
2017,gmb,27.268
2018,gmb,26.335
2019,gmb,26.339
2020,gmb,26.118
2000,geo,17.480
2001,geo,17.364
2002,geo,16.436
2003,geo,16.535
2004,geo,19.382
2005,geo,22.215
2006,geo,23.293
2007,geo,28.427
2008,geo,32.666
2009,geo,35.813
2010,geo,33.060
2011,geo,29.088
2012,geo,29.567
2013,geo,28.698
2014,geo,29.658
2015,geo,30.908
2016,geo,31.000
2017,geo,30.690
2018,geo,30.585
2019,geo,30.475
2020,geo,30.560
1991,deu,44.799
1992,deu,45.734
1993,deu,46.593
1994,deu,46.428
1995,deu,53.426
1996,deu,47.791
1997,deu,46.947
1998,deu,46.679
1999,deu,46.781
2000,deu,43.689
2001,deu,45.975
2002,deu,46.337
2003,deu,46.942
2004,deu,45.582
2005,deu,45.410
2006,deu,43.900
2007,deu,42.100
2008,deu,42.629
2009,deu,46.660
2010,deu,46.352
2011,deu,43.668
2012,deu,44.192
2013,deu,44.324
2014,deu,43.936
2015,deu,44.178
2016,deu,43.988
2017,deu,44.021
2018,deu,43.786
2019,deu,43.786
2020,deu,43.786
1980,gha,11.186
1981,gha,16.292
1982,gha,9.143
1983,gha,14.041
1984,gha,10.372
1985,gha,12.061
1986,gha,16.320
1987,gha,13.850
1988,gha,13.565
1989,gha,13.405
1990,gha,11.846
1991,gha,11.341
1992,gha,14.444
1993,gha,19.785
1994,gha,21.714
1995,gha,24.219
1996,gha,22.525
1997,gha,19.197
1998,gha,18.327
1999,gha,16.806
2000,gha,20.100
2001,gha,23.077
2002,gha,17.111
2003,gha,20.366
2004,gha,20.543
2005,gha,19.527
2006,gha,21.771
2007,gha,22.887
2008,gha,24.392
2009,gha,23.450
2010,gha,26.080
2011,gha,26.457
2012,gha,30.685
2013,gha,27.338
2014,gha,28.154
2015,gha,25.532
2016,gha,24.034
2017,gha,22.327
2018,gha,23.269
2019,gha,22.925
2020,gha,22.240
1980,grc,25.927
1981,grc,29.694
1982,grc,30.348
1983,grc,31.981
1984,grc,33.789
1985,grc,36.203
1986,grc,35.711
1987,grc,35.986
1988,grc,35.764
1989,grc,36.785
1990,grc,40.713
1991,grc,37.215
1992,grc,39.024
1993,grc,40.843
1994,grc,39.043
1995,grc,49.325
1996,grc,46.720
1997,grc,46.858
1998,grc,43.020
1999,grc,43.720
2000,grc,45.490
2001,grc,43.726
2002,grc,43.563
2003,grc,43.201
2004,grc,43.698
2005,grc,43.235
2006,grc,44.823
2007,grc,46.817
2008,grc,50.527
2009,grc,53.974
2010,grc,52.064
2011,grc,53.734
2012,grc,50.879
2013,grc,47.781
2014,grc,46.300
2015,grc,44.208
2016,grc,42.675
2017,grc,41.971
2018,grc,41.163
2019,grc,40.604
2020,grc,39.386
1990,grd,30.107
1991,grd,27.594
1992,grd,22.255
1993,grd,23.674
1994,grd,25.272
1995,grd,23.709
1996,grd,26.683
1997,grd,26.811
1998,grd,25.366
1999,grd,24.827
2000,grd,26.044
2001,grd,29.928
2002,grd,36.316
2003,grd,29.502
2004,grd,25.172
2005,grd,27.108
2006,grd,32.784
2007,grd,28.109
2008,grd,28.327
2009,grd,27.983
2010,grd,28.248
2011,grd,28.787
2012,grd,26.686
2013,grd,28.358
2014,grd,31.442
2015,grd,28.028
2016,grd,25.709
2017,grd,26.327
2018,grd,26.304
2019,grd,26.267
2020,grd,26.012
2000,gtm,14.322
2001,gtm,14.510
2002,gtm,13.871
2003,gtm,15.130
2004,gtm,13.412
2005,gtm,13.720
2006,gtm,14.672
2007,gtm,14.281
2008,gtm,13.640
2009,gtm,14.193
2010,gtm,14.526
2011,gtm,14.423
2012,gtm,14.015
2013,gtm,13.772
2014,gtm,13.094
2015,gtm,13.382
2016,gtm,13.405
2017,gtm,13.496
2018,gtm,13.565
2019,gtm,13.590
2020,gtm,13.653
1990,gin,26.042
1991,gin,22.667
1992,gin,19.291
1993,gin,18.499
1994,gin,17.570
1995,gin,17.666
1996,gin,16.459
1997,gin,17.527
1998,gin,14.771
1999,gin,16.110
2000,gin,16.425
2001,gin,18.816
2002,gin,18.254
2003,gin,20.396
2004,gin,17.948
2005,gin,16.890
2006,gin,19.023
2007,gin,13.179
2008,gin,15.553
2009,gin,23.677
2010,gin,29.681
2011,gin,21.479
2012,gin,26.123
2013,gin,25.054
2014,gin,30.070
2015,gin,33.559
2016,gin,27.232
2017,gin,26.197
2018,gin,24.926
2019,gin,24.711
2020,gin,22.736
2000,gnb,24.798
2001,gnb,20.046
2002,gnb,14.362
2003,gnb,18.694
2004,gnb,24.266
2005,gnb,20.586
2006,gnb,20.467
2007,gnb,23.025
2008,gnb,22.354
2009,gnb,20.873
2010,gnb,18.714
2011,gnb,17.503
2012,gnb,13.686
2013,gnb,13.998
2014,gnb,24.596
2015,gnb,24.215
2016,gnb,25.331
2017,gnb,26.017
2018,gnb,26.429
2019,gnb,26.842
2020,gnb,27.011
1997,guy,27.848
1998,guy,26.037
1999,guy,23.742
2000,guy,30.455
2001,guy,32.072
2002,guy,30.993
2003,guy,31.391
2004,guy,31.324
2005,guy,37.019
2006,guy,37.749
2007,guy,32.554
2008,guy,30.859
2009,guy,32.482
2010,guy,30.579
2011,guy,30.371
2012,guy,31.130
2013,guy,29.920
2014,guy,33.816
2015,guy,33.355
2016,guy,30.862
2017,guy,31.084
2018,guy,28.709
2019,guy,27.497
2020,guy,26.119
1997,hti,9.296
1998,hti,9.140
1999,hti,9.600
2000,hti,10.086
2001,hti,10.184
2002,hti,11.418
2003,hti,12.595
2004,hti,11.224
2005,hti,15.828
2006,hti,15.166
2007,hti,15.564
2008,hti,17.938
2009,hti,22.411
2010,hti,22.818
2011,hti,25.541
2012,hti,28.173
2013,hti,28.018
2014,hti,25.970
2015,hti,24.032
2016,hti,23.449
2017,hti,23.675
2018,hti,23.504
2019,hti,23.684
2020,hti,23.609
2000,hnd,23.549
2001,hnd,26.710
2002,hnd,28.568
2003,hnd,28.176
2004,hnd,27.220
2005,hnd,25.159
2006,hnd,25.994
2007,hnd,26.053
2008,hnd,28.142
2009,hnd,28.895
2010,hnd,26.975
2011,hnd,25.892
2012,hnd,26.684
2013,hnd,30.550
2014,hnd,28.679
2015,hnd,28.088
2016,hnd,27.830
2017,hnd,27.664
2018,hnd,27.472
2019,hnd,27.374
2020,hnd,27.244
1991,hkg,14.927
1992,hkg,15.748
1993,hkg,17.597
1994,hkg,17.047
1995,hkg,17.167
1996,hkg,16.024
1997,hkg,15.313
1998,hkg,17.399
1999,hkg,17.275
2000,hkg,17.822
2001,hkg,17.909
2002,hkg,18.256
2003,hkg,19.147
2004,hkg,19.166
2005,hkg,17.522
2006,hkg,15.944
2007,hkg,15.364
2008,hkg,18.686
2009,hkg,17.445
2010,hkg,17.833
2011,hkg,20.027
2012,hkg,19.301
2013,hkg,21.041
2014,hkg,18.425
2015,hkg,18.044
2016,hkg,18.563
2017,hkg,18.145
2018,hkg,17.548
2019,hkg,16.289
2020,hkg,16.289
1995,hun,47.092
1996,hun,46.193
1997,hun,48.281
1998,hun,46.772
1999,hun,46.076
2000,hun,48.346
2001,hun,46.948
2002,hun,50.628
2003,hun,48.928
2004,hun,48.480
2005,hun,49.341
2006,hun,51.385
2007,hun,49.735
2008,hun,48.500
2009,hun,50.369
2010,hun,49.750
2011,hun,49.680
2012,hun,48.728
2013,hun,49.715
2014,hun,49.570
2015,hun,48.860
2016,hun,46.420
2017,hun,46.881
2018,hun,47.468
2019,hun,48.040
2020,hun,48.862
1980,isl,33.789
1981,isl,35.130
1982,isl,35.812
1983,isl,37.438
1984,isl,34.349
1985,isl,36.619
1986,isl,38.973
1987,isl,36.078
1988,isl,40.911
1989,isl,42.350
1990,isl,42.027
1991,isl,42.300
1992,isl,44.009
1993,isl,44.318
1994,isl,44.163
1995,isl,43.553
1996,isl,43.043
1997,isl,41.536
1998,isl,40.644
1999,isl,41.430
2000,isl,41.187
2001,isl,41.784
2002,isl,43.293
2003,isl,44.601
2004,isl,42.837
2005,isl,41.339
2006,isl,40.995
2007,isl,40.720
2008,isl,55.442
2009,isl,48.624
2010,isl,49.287
2011,isl,45.715
2012,isl,45.450
2013,isl,44.202
2014,isl,46.027
2015,isl,43.777
2016,isl,42.813
2017,isl,41.585
2018,isl,41.255
2019,isl,41.108
2020,isl,40.713
1988,ind,17.308
1989,ind,17.858
1990,ind,17.955
1991,ind,18.967
1992,ind,24.195
1993,ind,24.371
1994,ind,24.705
1995,ind,23.638
1996,ind,22.907
1997,ind,23.759
1998,ind,24.594
1999,ind,24.292
2000,ind,24.662
2001,ind,26.762
2002,ind,27.481
2003,ind,28.521
2004,ind,27.174
2005,ind,26.235
2006,ind,26.505
2007,ind,26.369
2008,ind,29.669
2009,ind,28.269
2010,ind,27.223
2011,ind,27.204
2012,ind,27.203
2013,ind,27.006
2014,ind,26.525
2015,ind,26.660
2016,ind,26.793
2017,ind,26.702
2018,ind,26.626
2019,ind,26.507
2020,ind,26.484
1993,idn,15.657
1994,idn,15.024
1995,idn,13.228
1996,idn,12.784
1997,idn,16.941
1998,idn,16.751
1999,idn,16.819
2000,idn,15.303
2001,idn,19.509
2002,idn,16.931
2003,idn,18.175
2004,idn,17.833
2005,idn,17.436
2006,idn,18.495
2007,idn,18.729
2008,idn,19.394
2009,idn,17.026
2010,idn,16.886
2011,idn,17.658
2012,idn,18.836
2013,idn,19.135
2014,idn,18.770
2015,idn,17.419
2016,idn,17.774
2017,idn,17.786
2018,idn,17.830
2019,idn,17.915
2020,idn,17.964
1990,irn,20.284
1991,irn,17.622
1992,irn,18.183
1993,irn,33.010
1994,irn,27.754
1995,irn,25.583
1996,irn,21.733
1997,irn,21.660
1998,irn,20.832
1999,irn,19.640
2000,irn,16.671
2001,irn,17.031
2002,irn,20.151
2003,irn,20.008
2004,irn,18.801
2005,irn,22.839
2006,irn,23.814
2007,irn,19.717
2008,irn,22.132
2009,irn,20.586
2010,irn,19.128
2011,irn,18.930
2012,irn,14.536
2013,irn,15.021
2014,irn,15.607
2015,irn,16.058
2016,irn,15.611
2017,irn,15.310
2018,irn,15.022
2019,irn,14.640
2020,irn,14.060
2004,irq,91.450
2005,irq,63.205
2006,irq,50.329
2007,irq,46.122
2008,irq,57.254
2009,irq,58.879
2010,irq,49.575
2011,irq,43.369
2012,irq,42.892
2013,irq,48.412
2014,irq,43.452
2015,irq,50.928
2016,irq,50.634
2017,irq,44.823
2018,irq,43.769
2019,irq,43.654
2020,irq,43.881
1980,irl,46.953
1981,irl,48.495
1982,irl,51.322
1983,irl,51.573
1984,irl,50.433
1985,irl,56.875
1986,irl,55.211
1987,irl,51.199
1988,irl,48.479
1989,irl,42.898
1990,irl,43.730
1991,irl,45.232
1992,irl,45.947
1993,irl,43.760
1994,irl,43.409
1995,irl,39.537
1996,irl,38.817
1997,irl,38.563
1998,irl,34.779
1999,irl,34.042
2000,irl,31.063
2001,irl,32.699
2002,irl,33.217
2003,irl,33.140
2004,irl,33.253
2005,irl,33.504
2006,irl,34.074
2007,irl,35.973
2008,irl,42.026
2009,irl,47.592
2010,irl,66.061
2011,irl,46.133
2012,irl,42.247
2013,irl,40.507
2014,irl,38.517
2015,irl,36.110
2016,irl,34.519
2017,irl,33.019
2018,irl,31.702
2019,irl,31.287
2020,irl,30.929
2000,isr,48.414
2001,isr,50.559
2002,isr,51.806
2003,isr,50.667
2004,isr,47.674
2005,isr,46.481
2006,isr,45.114
2007,isr,43.256
2008,isr,42.858
2009,isr,42.734
2010,isr,41.942
2011,isr,41.753
2012,isr,41.643
2013,isr,41.220
2014,isr,40.950
2015,isr,40.785
2016,isr,40.849
2017,isr,40.792
2018,isr,40.716
2019,isr,40.635
2020,isr,40.564
1988,ita,41.221
1989,ita,42.212
1990,ita,43.951
1991,ita,47.223
1992,ita,48.471
1993,ita,49.313
1994,ita,47.002
1995,ita,47.073
1996,ita,51.023
1997,ita,49.784
1998,ita,48.110
1999,ita,47.349
2000,ita,45.480
2001,ita,47.499
2002,ita,46.767
2003,ita,47.224
2004,ita,46.817
2005,ita,47.122
2006,ita,47.608
2007,ita,46.769
2008,ita,47.807
2009,ita,51.133
2010,ita,49.853
2011,ita,49.116
2012,ita,50.790
2013,ita,50.794
2014,ita,51.686
2015,ita,50.917
2016,ita,50.094
2017,ita,49.732
2018,ita,49.306
2019,ita,48.807
2020,ita,48.490
1990,jam,23.180
1991,jam,20.414
1992,jam,18.692
1993,jam,20.140
1994,jam,20.419
1995,jam,22.628
1996,jam,28.072
1997,jam,28.367
1998,jam,28.603
1999,jam,28.676
2000,jam,26.378
2001,jam,28.571
2002,jam,30.857
2003,jam,31.908
2004,jam,31.491
2005,jam,29.329
2006,jam,30.936
2007,jam,31.360
2008,jam,34.799
2009,jam,38.647
2010,jam,33.140
2011,jam,31.962
2012,jam,29.790
2013,jam,27.081
2014,jam,27.030
2015,jam,27.336
2016,jam,25.888
2017,jam,25.435
2018,jam,24.447
2019,jam,24.072
2020,jam,23.251
1980,jpn,31.780
1981,jpn,32.477
1982,jpn,32.622
1983,jpn,32.876
1984,jpn,32.070
1985,jpn,31.005
1986,jpn,31.005
1987,jpn,31.258
1988,jpn,30.419
1989,jpn,29.611
1990,jpn,29.973
1991,jpn,29.773
1992,jpn,30.668
1993,jpn,32.427
1994,jpn,33.027
1995,jpn,34.030
1996,jpn,34.575
1997,jpn,33.568
1998,jpn,34.223
1999,jpn,36.442
2000,jpn,37.051
2001,jpn,36.367
2002,jpn,36.622
2003,jpn,36.211
2004,jpn,33.851
2005,jpn,34.112
2006,jpn,34.489
2007,jpn,33.312
2008,jpn,35.730
2009,jpn,39.982
2010,jpn,38.913
2011,jpn,40.608
2012,jpn,39.867
2013,jpn,40.504
2014,jpn,40.255
2015,jpn,39.554
2016,jpn,38.389
2017,jpn,38.322
2018,jpn,38.583
2019,jpn,39.014
2020,jpn,39.763
1985,jor,42.637
1986,jor,34.055
1987,jor,42.340
1988,jor,44.531
1989,jor,42.779
1990,jor,44.243
1991,jor,45.179
1992,jor,35.689
1993,jor,36.972
1994,jor,34.972
1995,jor,36.119
1996,jor,36.904
1997,jor,34.566
1998,jor,35.958
1999,jor,33.721
2000,jor,33.814
2001,jor,33.259
2002,jor,33.634
2003,jor,36.764
2004,jor,37.719
2005,jor,38.846
2006,jor,36.360
2007,jor,36.971
2008,jor,34.351
2009,jor,34.969
2010,jor,30.427
2011,jor,33.217
2012,jor,31.545
2013,jor,35.591
2014,jor,37.975
2015,jor,28.706
2016,jor,29.606
2017,jor,29.731
2018,jor,29.606
2019,jor,29.574
2020,jor,29.852
2002,kaz,20.527
2003,kaz,21.355
2004,kaz,21.973
2005,kaz,22.131
2006,kaz,19.799
2007,kaz,23.704
2008,kaz,27.068
2009,kaz,23.470
2010,kaz,22.473
2011,kaz,21.751
2012,kaz,22.395
2013,kaz,20.215
2014,kaz,22.839
2015,kaz,24.062
2016,kaz,24.020
2017,kaz,22.995
2018,kaz,22.968
2019,kaz,22.204
2020,kaz,21.837
1982,ken,19.931
1983,ken,18.017
1984,ken,18.320
1985,ken,19.201
1986,ken,18.841
1987,ken,19.063
1988,ken,19.628
1989,ken,20.093
1990,ken,21.165
1991,ken,20.247
1992,ken,21.681
1993,ken,23.308
1994,ken,23.153
1995,ken,21.345
1996,ken,21.111
1997,ken,21.548
1998,ken,20.774
1999,ken,18.611
2000,ken,18.940
2001,ken,19.955
2002,ken,21.133
2003,ken,21.105
2004,ken,20.169
2005,ken,21.573
2006,ken,21.478
2007,ken,22.095
2008,ken,22.826
2009,ken,23.134
2010,ken,24.212
2011,ken,23.571
2012,ken,24.214
2013,ken,25.330
2014,ken,27.270
2015,ken,28.877
2016,ken,28.174
2017,ken,27.196
2018,ken,27.086
2019,ken,26.781
2020,ken,26.292
1990,kir,96.984
1991,kir,71.451
1992,kir,84.306
1993,kir,69.252
1994,kir,66.778
1995,kir,85.312
1996,kir,83.321
1997,kir,84.597
1998,kir,85.293
1999,kir,86.780
2000,kir,73.236
2001,kir,104.389
2002,kir,98.219
2003,kir,86.122
2004,kir,105.508
2005,kir,97.122
2006,kir,84.997
2007,kir,81.677
2008,kir,83.614
2009,kir,79.935
2010,kir,82.403
2011,kir,81.867
2012,kir,92.855
2013,kir,96.582
2014,kir,132.148
2015,kir,127.465
2016,kir,96.832
2017,kir,88.117
2018,kir,83.118
2019,kir,77.150
2020,kir,74.445
1995,kor,14.244
1996,kor,14.819
1997,kor,14.663
1998,kor,17.022
1999,kor,17.159
2000,kor,17.044
2001,kor,18.038
2002,kor,16.955
2003,kor,19.129
2004,kor,19.912
2005,kor,19.642
2006,kor,20.258
2007,kor,20.455
2008,kor,20.805
2009,kor,21.296
2010,kor,19.472
2011,kor,19.875
2012,kor,20.561
2013,kor,20.915
2014,kor,21.257
2015,kor,21.024
2016,kor,20.823
2017,kor,20.626
2018,kor,20.431
2019,kor,20.142
2020,kor,19.857
2000,uvk,8.444
2001,uvk,8.460
2002,uvk,14.032
2003,uvk,18.290
2004,uvk,25.706
2005,uvk,23.992
2006,uvk,20.318
2007,uvk,18.915
2008,uvk,24.479
2009,uvk,28.924
2010,uvk,28.668
2011,uvk,28.856
2012,uvk,28.685
2013,uvk,27.786
2014,uvk,26.805
2015,uvk,29.586
2016,uvk,29.652
2017,uvk,29.685
2018,uvk,29.735
2019,uvk,29.826
2020,uvk,29.928
1990,kwt,92.311
1991,kwt,204.170
1992,kwt,90.821
1993,kwt,61.380
1994,kwt,58.530
1995,kwt,54.590
1996,kwt,44.517
1997,kwt,43.678
1998,kwt,52.012
1999,kwt,44.920
2000,kwt,36.554
2001,kwt,42.952
2002,kwt,41.866
2003,kwt,37.039
2004,kwt,34.202
2005,kwt,28.119
2006,kwt,31.914
2007,kwt,30.108
2008,kwt,40.407
2009,kwt,42.194
2010,kwt,44.759
2011,kwt,39.094
2012,kwt,37.907
2013,kwt,37.532
2014,kwt,45.312
2015,kwt,55.822
2016,kwt,51.578
2017,kwt,50.697
2018,kwt,50.348
2019,kwt,50.136
2020,kwt,49.987
2000,kgz,30.252
2001,kgz,28.122
2002,kgz,29.604
2003,kgz,28.587
2004,kgz,29.060
2005,kgz,29.607
2006,kgz,30.105
2007,kgz,31.819
2008,kgz,29.313
2009,kgz,34.372
2010,kgz,37.099
2011,kgz,37.367
2012,kgz,40.582
2013,kgz,38.149
2014,kgz,35.787
2015,kgz,39.021
2016,kgz,38.026
2017,kgz,37.181
2018,kgz,35.216
2019,kgz,34.137
2020,kgz,34.319
2000,lao,21.988
2001,lao,23.853
2002,lao,18.161
2003,lao,20.445
2004,lao,15.386
2005,lao,18.302
2006,lao,17.351
2007,lao,18.280
2008,lao,17.348
2009,lao,21.295
2010,lao,25.887
2011,lao,24.139
2012,lao,24.616
2013,lao,29.553
2014,lao,28.086
2015,lao,27.261
2016,lao,27.252
2017,lao,27.290
2018,lao,27.671
2019,lao,28.344
2020,lao,28.341
1998,lva,37.274
1999,lva,39.717
2000,lva,36.603
2001,lva,34.482
2002,lva,34.342
2003,lva,32.962
2004,lva,33.300
2005,lva,34.491
2006,lva,33.916
2007,lva,33.180
2008,lva,40.473
2009,lva,43.383
2010,lva,43.407
2011,lva,38.813
2012,lva,36.935
2013,lva,37.240
2014,lva,37.147
2015,lva,36.449
2016,lva,34.893
2017,lva,34.437
2018,lva,34.082
2019,lva,33.731
2020,lva,33.176
2000,lbn,42.275
2001,lbn,38.408
2002,lbn,36.292
2003,lbn,35.940
2004,lbn,33.620
2005,lbn,31.734
2006,lbn,36.507
2007,lbn,35.552
2008,lbn,34.666
2009,lbn,32.323
2010,lbn,29.484
2011,lbn,28.714
2012,lbn,30.172
2013,lbn,28.478
2014,lbn,28.382
2015,lbn,28.771
2016,lbn,29.132
2017,lbn,29.841
2018,lbn,30.545
2019,lbn,31.090
2020,lbn,31.242
1982,lso,39.098
1983,lso,36.272
1984,lso,35.534
1985,lso,42.861
1986,lso,43.776
1987,lso,52.961
1988,lso,46.162
1989,lso,46.219
1990,lso,42.671
1991,lso,41.156
1992,lso,38.599
1993,lso,38.479
1994,lso,38.782
1995,lso,40.029
1996,lso,42.290
1997,lso,43.857
1998,lso,42.815
1999,lso,50.934
2000,lso,43.695
2001,lso,46.843
2002,lso,47.929
2003,lso,46.977
2004,lso,44.626
2005,lso,47.751
2006,lso,50.266
2007,lso,50.095
2008,lso,56.161
2009,lso,67.415
2010,lso,59.029
2011,lso,65.094
2012,lso,63.146
2013,lso,62.584
2014,lso,64.108
2015,lso,60.871
2016,lso,63.155
2017,lso,63.121
2018,lso,63.002
2019,lso,62.257
2020,lso,59.369
2000,lbr,14.206
2001,lbr,11.780
2002,lbr,12.439
2003,lbr,8.772
2004,lbr,11.844
2005,lbr,11.416
2006,lbr,10.399
2007,lbr,15.679
2008,lbr,21.276
2009,lbr,23.397
2010,lbr,24.482
2011,lbr,28.808
2012,lbr,30.037
2013,lbr,32.814
2014,lbr,30.996
2015,lbr,35.880
2016,lbr,32.473
2017,lbr,29.782
2018,lbr,28.943
2019,lbr,28.383
2020,lbr,26.666
1990,lby,30.956
1991,lby,28.355
1992,lby,26.470
1993,lby,31.185
1994,lby,29.444
1995,lby,28.547
1996,lby,31.745
1997,lby,35.424
1998,lby,33.911
1999,lby,27.821
2000,lby,27.627
2001,lby,38.164
2002,lby,42.185
2003,lby,43.057
2004,lby,42.372
2005,lby,29.055
2006,lby,31.155
2007,lby,33.699
2008,lby,40.829
2009,lby,58.156
2010,lby,53.369
2011,lby,55.006
2012,lby,44.492
2013,lby,69.786
2014,lby,84.439
2015,lby,95.606
2016,lby,82.786
2017,lby,72.863
2018,lby,71.701
2019,lby,68.385
2020,lby,69.837
2000,ltu,35.929
2001,ltu,35.075
2002,ltu,33.204
2003,ltu,32.193
2004,ltu,33.130
2005,ltu,33.424
2006,ltu,33.734
2007,ltu,34.447
2008,ltu,37.037
2009,ltu,43.650
2010,ltu,41.248
2011,ltu,41.541
2012,ltu,35.252
2013,ltu,34.719
2014,ltu,33.571
2015,ltu,34.074
2016,ltu,33.913
2017,ltu,33.961
2018,ltu,33.975
2019,ltu,33.997
2020,ltu,33.917
1995,lux,40.473
1996,lux,41.756
1997,lux,41.158
1998,lux,41.597
1999,lux,39.653
2000,lux,36.392
2001,lux,37.139
2002,lux,40.585
2003,lux,42.308
2004,lux,42.740
2005,lux,42.509
2006,lux,39.590
2007,lux,38.090
2008,lux,39.355
2009,lux,44.988
2010,lux,43.937
2011,lux,42.316
2012,lux,43.440
2013,lux,43.829
2014,lux,44.242
2015,lux,44.438
2016,lux,43.937
2017,lux,43.914
2018,lux,43.898
2019,lux,43.912
2020,lux,43.939
1998,mkd,33.485
1999,mkd,33.857
2000,mkd,32.681
2001,mkd,39.127
2002,mkd,39.305
2003,mkd,36.328
2004,mkd,34.117
2005,mkd,32.491
2006,mkd,31.453
2007,mkd,31.449
2008,mkd,33.762
2009,mkd,33.562
2010,mkd,32.510
2011,mkd,31.856
2012,mkd,33.257
2013,mkd,31.821
2014,mkd,31.822
2015,mkd,32.643
2016,mkd,31.744
2017,mkd,30.844
2018,mkd,30.730
2019,mkd,30.730
2020,mkd,30.730
1980,mdg,29.634
1981,mdg,24.323
1982,mdg,19.619
1983,mdg,18.142
1984,mdg,18.757
1985,mdg,15.960
1986,mdg,14.946
1987,mdg,13.176
1988,mdg,15.107
1989,mdg,19.908
1990,mdg,17.234
1991,mdg,16.590
1992,mdg,20.279
1993,mdg,20.834
1994,mdg,19.991
1995,mdg,17.820
1996,mdg,17.981
1997,mdg,17.584
1998,mdg,20.176
1999,mdg,18.004
2000,mdg,18.321
2001,mdg,18.382
2002,mdg,15.143
2003,mdg,19.282
2004,mdg,25.186
2005,mdg,21.340
2006,mdg,21.421
2007,mdg,18.675
2008,mdg,17.901
2009,mdg,14.069
2010,mdg,14.043
2011,mdg,14.060
2012,mdg,13.442
2013,mdg,14.868
2014,mdg,14.468
2015,mdg,16.578
2016,mdg,17.042
2017,mdg,17.712
2018,mdg,17.919
2019,mdg,17.969
2020,mdg,17.850
2002,mwi,27.093
2003,mwi,30.395
2004,mwi,33.908
2005,mwi,34.612
2006,mwi,36.276
2007,mwi,38.746
2008,mwi,39.101
2009,mwi,37.699
2010,mwi,37.553
2011,mwi,35.031
2012,mwi,41.219
2013,mwi,49.306
2014,mwi,42.420
2015,mwi,40.892
2016,mwi,37.492
2017,mwi,37.692
2018,mwi,37.211
2019,mwi,35.578
2020,mwi,33.055
1990,mys,36.130
1991,mys,32.424
1992,mys,33.378
1993,mys,29.009
1994,mys,27.418
1995,mys,26.339
1996,mys,25.933
1997,mys,24.338
1998,mys,25.174
1999,mys,26.839
2000,mys,27.917
2001,mys,30.739
2002,mys,29.563
2003,mys,30.571
2004,mys,28.192
2005,mys,25.702
2006,mys,26.788
2007,mys,27.117
2008,mys,28.197
2009,mys,32.355
2010,mys,27.798
2011,mys,28.292
2012,mys,29.694
2013,mys,29.294
2014,mys,27.867
2015,mys,26.313
2016,mys,26.143
2017,mys,26.190
2018,mys,26.190
2019,mys,26.291
2020,mys,25.782
1990,mdv,33.328
1991,mdv,37.701
1992,mdv,36.093
1993,mdv,34.729
1994,mdv,30.605
1995,mdv,31.258
1996,mdv,27.224
1997,mdv,25.164
1998,mdv,25.877
1999,mdv,27.979
2000,mdv,29.001
2001,mdv,26.752
2002,mdv,26.855
2003,mdv,26.389
2004,mdv,24.423
2005,mdv,40.049
2006,mdv,37.172
2007,mdv,37.089
2008,mdv,37.997
2009,mdv,39.996
2010,mdv,36.667
2011,mdv,33.757
2012,mdv,33.773
2013,mdv,36.133
2014,mdv,42.931
2015,mdv,42.400
2016,mdv,42.236
2017,mdv,42.464
2018,mdv,42.792
2019,mdv,42.240
2020,mdv,41.853
2000,mli,21.573
2001,mli,21.064
2002,mli,24.320
2003,mli,23.190
2004,mli,23.777
2005,mli,24.627
2006,mli,24.873
2007,mli,24.498
2008,mli,21.168
2009,mli,25.935
2010,mli,22.963
2011,mli,24.979
2012,mli,18.519
2013,mli,23.911
2014,mli,26.844
2015,mli,26.505
2016,mli,26.386
2017,mli,26.556
2018,mli,26.624
2019,mli,26.734
2020,mli,26.863
2000,mlt,42.737
2001,mlt,44.451
2002,mlt,43.490
2003,mlt,45.487
2004,mlt,42.356
2005,mlt,42.171
2006,mlt,42.301
2007,mlt,41.141
2008,mlt,42.574
2009,mlt,41.858
2010,mlt,41.030
2011,mlt,40.856
2012,mlt,42.382
2013,mlt,42.217
2014,mlt,42.697
2015,mlt,43.920
2016,mlt,42.982
2017,mlt,42.894
2018,mlt,42.789
2019,mlt,42.668
2020,mlt,42.551
1997,mhl,56.834
1998,mhl,52.105
1999,mhl,51.171
2000,mhl,58.617
2001,mhl,62.607
2002,mhl,58.393
2003,mhl,54.623
2004,mhl,55.221
2005,mhl,85.464
2006,mhl,60.983
2007,mhl,67.441
2008,mhl,61.685
2009,mhl,62.692
2010,mhl,58.188
2011,mhl,55.705
2012,mhl,52.159
2013,mhl,53.072
2014,mhl,54.933
2015,mhl,61.332
2016,mhl,62.823
2017,mhl,61.381
2018,mhl,58.883
2019,mhl,58.160
2020,mhl,57.435
2004,mrt,30.784
2005,mrt,28.662
2006,mrt,24.486
2007,mrt,25.454
2008,mrt,25.592
2009,mrt,23.727
2010,mrt,22.478
2011,mrt,22.495
2012,mrt,29.917
2013,mrt,28.718
2014,mrt,31.130
2015,mrt,30.097
2016,mrt,28.331
2017,mrt,28.766
2018,mrt,28.204
2019,mrt,26.362
2020,mrt,26.461
2000,mus,23.527
2001,mus,23.700
2002,mus,24.638
2003,mus,24.806
2004,mus,23.866
2005,mus,24.364
2006,mus,23.451
2007,mus,22.820
2008,mus,23.837
2009,mus,26.338
2010,mus,25.086
2011,mus,24.634
2012,mus,23.300
2013,mus,24.861
2014,mus,24.002
2015,mus,24.447
2016,mus,24.444
2017,mus,24.456
2018,mus,24.590
2019,mus,24.537
2020,mus,24.506
1990,mex,24.690
1991,mex,21.286
1992,mex,19.794
1993,mex,17.985
1994,mex,18.210
1995,mex,22.247
1996,mex,23.640
1997,mex,23.954
1998,mex,22.355
1999,mex,22.408
2000,mex,20.904
2001,mex,21.242
2002,mex,22.118
2003,mex,21.966
2004,mex,21.009
2005,mex,21.700
2006,mex,22.854
2007,mex,23.307
2008,mex,25.935
2009,mex,27.149
2010,mex,26.874
2011,mex,26.960
2012,mex,27.516
2013,mex,28.054
2014,mex,28.077
2015,mex,26.152
2016,mex,25.180
2017,mex,25.186
2018,mex,24.839
2019,mex,24.755
2020,mex,24.745
1995,fsm,77.225
1996,fsm,72.107
1997,fsm,64.449
1998,fsm,72.313
1999,fsm,72.911
2000,fsm,67.306
2001,fsm,64.265
2002,fsm,59.212
2003,fsm,66.983
2004,fsm,70.813
2005,fsm,59.276
2006,fsm,60.194
2007,fsm,59.360
2008,fsm,59.421
2009,fsm,64.038
2010,fsm,67.756
2011,fsm,65.611
2012,fsm,65.276
2013,fsm,59.583
2014,fsm,56.087
2015,fsm,59.050
2016,fsm,56.611
2017,fsm,56.629
2018,fsm,56.899
2019,fsm,56.956
2020,fsm,56.978
1995,mda,43.127
1996,mda,41.544
1997,mda,46.291
1998,mda,39.426
1999,mda,33.596
2000,mda,33.829
2001,mda,29.416
2002,mda,30.394
2003,mda,33.316
2004,mda,34.629
2005,mda,37.016
2006,mda,40.160
2007,mda,42.556
2008,mda,41.555
2009,mda,45.254
2010,mda,40.796
2011,mda,38.982
2012,mda,40.093
2013,mda,38.476
2014,mda,39.822
2015,mda,43.398
2016,mda,43.516
2017,mda,42.867
2018,mda,41.603
2019,mda,40.735
2020,mda,40.704
1981,mng,39.961
1982,mng,40.324
1983,mng,40.777
1984,mng,41.733
1985,mng,42.471
1986,mng,46.174
1987,mng,46.885
1988,mng,46.493
1989,mng,46.748
1990,mng,45.904
1991,mng,40.872
1992,mng,25.860
1993,mng,31.178
1994,mng,25.709
1995,mng,22.754
1996,mng,24.487
1997,mng,26.379
1998,mng,30.961
1999,mng,28.865
2000,mng,29.541
2001,mng,30.054
2002,mng,30.342
2003,mng,28.811
2004,mng,27.371
2005,mng,21.658
2006,mng,22.677
2007,mng,30.534
2008,mng,32.397
2009,mng,30.510
2010,mng,31.575
2011,mng,37.932
2012,mng,38.907
2013,mng,40.216
2014,mng,38.996
2015,mng,35.214
2016,mng,32.931
2017,mng,31.555
2018,mng,30.482
2019,mng,29.531
2020,mng,29.869
2002,mne,36.973
2003,mne,42.556
2004,mne,39.839
2005,mne,38.191
2006,mne,41.781
2007,mne,42.866
2008,mne,51.618
2009,mne,47.823
2010,mne,45.888
2011,mne,43.752
2012,mne,45.868
2013,mne,44.783
2014,mne,45.423
2015,mne,48.174
2016,mne,50.544
2017,mne,49.852
2018,mne,46.310
2019,mne,44.641
2020,mne,44.162
1990,mar,25.581
1991,mar,23.431
1992,mar,25.369
1993,mar,26.270
1994,mar,24.575
1995,mar,24.163
1996,mar,19.853
1997,mar,21.145
1998,mar,21.195
1999,mar,20.900
2000,mar,25.847
2001,mar,26.830
2002,mar,29.195
2003,mar,27.255
2004,mar,27.736
2005,mar,32.458
2006,mar,29.400
2007,mar,30.055
2008,mar,31.826
2009,mar,31.082
2010,mar,31.907
2011,mar,34.534
2012,mar,36.084
2013,mar,33.881
2014,mar,33.163
2015,mar,31.313
2016,mar,31.058
2017,mar,31.112
2018,mar,30.797
2019,mar,30.597
2020,mar,30.579
1980,moz,12.740
1981,moz,21.348
1982,moz,24.242
1983,moz,31.677
1984,moz,27.674
1985,moz,18.866
1986,moz,21.720
1987,moz,20.511
1988,moz,24.245
1989,moz,24.246
1990,moz,18.792
1991,moz,21.786
1992,moz,26.310
1993,moz,25.815
1994,moz,27.576
1995,moz,22.463
1996,moz,16.582
1997,moz,18.972
1998,moz,17.196
1999,moz,19.385
2000,moz,21.207
2001,moz,25.687
2002,moz,22.271
2003,moz,22.077
2004,moz,20.896
2005,moz,19.831
2006,moz,23.451
2007,moz,24.604
2008,moz,24.950
2009,moz,29.373
2010,moz,29.988
2011,moz,31.898
2012,moz,31.377
2013,moz,34.898
2014,moz,40.297
2015,moz,35.639
2016,moz,34.829
2017,moz,34.162
2018,moz,33.319
2019,moz,32.687
2020,moz,31.710
1998,mmr,21.984
1999,mmr,19.292
2000,mmr,20.088
2001,mmr,16.287
2002,mmr,13.155
2003,mmr,13.989
2004,mmr,14.133
2005,mmr,14.561
2006,mmr,16.389
2007,mmr,15.511
2008,mmr,14.043
2009,mmr,15.627
2010,mmr,16.870
2011,mmr,16.620
2012,mmr,24.984
2013,mmr,25.204
2014,mmr,29.081
2015,mmr,30.561
2016,mmr,31.835
2017,mmr,31.965
2018,mmr,32.219
2019,mmr,32.419
2020,mmr,32.640
1990,nam,26.860
1991,nam,32.133
1992,nam,35.001
1993,nam,33.555
1994,nam,30.445
1995,nam,31.945
1996,nam,33.472
1997,nam,33.925
1998,nam,34.398
1999,nam,33.371
2000,nam,29.427
2001,nam,29.774
2002,nam,29.688
2003,nam,30.265
2004,nam,28.059
2005,nam,26.810
2006,nam,25.548
2007,nam,24.996
2008,nam,27.555
2009,nam,31.114
2010,nam,32.395
2011,nam,36.642
2012,nam,33.457
2013,nam,34.690
2014,nam,38.416
2015,nam,38.087
2016,nam,36.725
2017,nam,36.546
2018,nam,36.848
2019,nam,37.075
2020,nam,37.188
2000,npl,13.068
2001,npl,14.743
2002,npl,14.833
2003,npl,13.646
2004,npl,13.463
2005,npl,13.754
2006,npl,12.748
2007,npl,14.960
2008,npl,15.354
2009,npl,19.394
2010,npl,18.777
2011,npl,18.652
2012,npl,19.303
2013,npl,17.237
2014,npl,18.761
2015,npl,20.224
2016,npl,20.762
2017,npl,21.281
2018,npl,21.719
2019,npl,22.136
2020,npl,22.325
1995,nld,53.169
1996,nld,46.683
1997,nld,44.847
1998,nld,43.586
1999,nld,43.673
2000,nld,41.712
2001,nld,43.189
2002,nld,43.997
2003,nld,44.817
2004,nld,43.945
2005,nld,42.704
2006,nld,43.474
2007,nld,42.770
2008,nld,43.796
2009,nld,48.172
2010,nld,48.209
2011,nld,47.014
2012,nld,47.458
2013,nld,46.790
2014,nld,46.326
2015,nld,44.321
2016,nld,43.701
2017,nld,43.322
2018,nld,43.328
2019,nld,43.298
2020,nld,43.271
1985,nzl,41.598
1986,nzl,42.264
1987,nzl,41.531
1988,nzl,41.567
1989,nzl,43.105
1990,nzl,44.574
1991,nzl,47.693
1992,nzl,47.263
1993,nzl,42.127
1994,nzl,38.536
1995,nzl,37.489
1996,nzl,35.893
1997,nzl,35.394
1998,nzl,36.154
1999,nzl,35.355
2000,nzl,34.476
2001,nzl,33.536
2002,nzl,33.076
2003,nzl,32.945
2004,nzl,32.514
2005,nzl,33.309
2006,nzl,34.066
2007,nzl,33.465
2008,nzl,34.978
2009,nzl,36.687
2010,nzl,39.509
2011,nzl,39.191
2012,nzl,35.803
2013,nzl,34.878
2014,nzl,34.334
2015,nzl,34.119
2016,nzl,33.367
2017,nzl,32.829
2018,nzl,32.262
2019,nzl,31.984
2020,nzl,32.058
2000,nic,25.343
2001,nic,23.695
2002,nic,23.080
2003,nic,23.814
2004,nic,23.618
2005,nic,23.807
2006,nic,20.920
2007,nic,20.780
2008,nic,21.217
2009,nic,21.993
2010,nic,21.775
2011,nic,22.729
2012,nic,23.367
2013,nic,23.955
2014,nic,24.154
2015,nic,24.518
2016,nic,25.102
2017,nic,25.141
2018,nic,25.343
2019,nic,25.398
2020,nic,25.362
1995,ner,16.949
1996,ner,14.105
1997,ner,17.291
1998,ner,18.186
1999,ner,19.884
2000,ner,18.315
2001,ner,18.519
2002,ner,19.321
2003,ner,17.935
2004,ner,20.680
2005,ner,20.176
2006,ner,19.747
2007,ner,23.183
2008,ner,22.642
2009,ner,23.931
2010,ner,20.622
2011,ner,19.401
2012,ner,23.411
2013,ner,27.824
2014,ner,29.202
2015,ner,33.496
2016,ner,31.433
2017,ner,31.565
2018,ner,31.387
2019,ner,31.120
2020,ner,31.112
2000,nga,27.371
2001,nga,37.843
2002,nga,22.324
2003,nga,25.050
2004,nga,18.915
2005,nga,19.674
2006,nga,12.668
2007,nga,18.725
2008,nga,14.736
2009,nga,17.213
2010,nga,16.651
2011,nga,17.326
2012,nga,14.086
2013,nga,13.406
2014,nga,12.083
2015,nga,10.580
2016,nga,10.920
2017,nga,11.075
2018,nga,10.989
2019,nga,10.775
2020,nga,10.737
1980,nor,44.290
1981,nor,43.696
1982,nor,44.279
1983,nor,43.875
1984,nor,41.891
1985,nor,41.237
1986,nor,44.698
1987,nor,46.968
1988,nor,48.849
1989,nor,48.505
1990,nor,49.391
1991,nor,50.437
1992,nor,51.788
1993,nor,50.699
1994,nor,49.811
1995,nor,49.797
1996,nor,47.475
1997,nor,45.918
1998,nor,48.268
1999,nor,46.897
2000,nor,41.744
2001,nor,43.403
2002,nor,45.775
2003,nor,47.094
2004,nor,44.161
2005,nor,41.003
2006,nor,39.336
2007,nor,39.471
2008,nor,38.946
2009,nor,45.047
2010,nor,44.100
2011,nor,43.010
2012,nor,42.239
2013,nor,43.336
2014,nor,44.957
2015,nor,45.410
2016,nor,45.105
2017,nor,45.527
2018,nor,45.648
2019,nor,45.876
2020,nor,46.197
1990,omn,43.298
1991,omn,44.587
1992,omn,47.824
1993,omn,47.828
1994,omn,47.477
1995,omn,45.631
1996,omn,39.854
1997,omn,38.244
1998,omn,43.284
1999,omn,40.619
2000,omn,36.752
2001,omn,39.275
2002,omn,40.464
2003,omn,40.194
2004,omn,40.409
2005,omn,36.043
2006,omn,35.408
2007,omn,36.402
2008,omn,30.144
2009,omn,39.616
2010,omn,34.981
2011,omn,39.483
2012,omn,44.762
2013,omn,45.909
2014,omn,48.815
2015,omn,55.988
2016,omn,54.068
2017,omn,53.531
2018,omn,52.491
2019,omn,51.469
2020,omn,50.677
1993,pak,20.725
1994,pak,17.697
1995,pak,17.439
1996,pak,18.748
1997,pak,17.135
1998,pak,17.626
1999,pak,16.521
2000,pak,17.250
2001,pak,16.140
2002,pak,18.050
2003,pak,16.099
2004,pak,15.182
2005,pak,15.938
2006,pak,17.062
2007,pak,19.481
2008,pak,21.442
2009,pak,19.177
2010,pak,20.236
2011,pak,19.514
2012,pak,21.581
2013,pak,21.416
2014,pak,19.790
2015,pak,19.507
2016,pak,19.268
2017,pak,19.132
2018,pak,19.067
2019,pak,18.910
2020,pak,18.615
2000,plw,52.844
2001,plw,47.873
2002,plw,47.352
2003,plw,42.502
2004,plw,42.528
2005,plw,36.797
2006,plw,42.284
2007,plw,46.108
2008,plw,42.035
2009,plw,40.027
2010,plw,45.073
2011,plw,39.806
2012,plw,40.752
2013,plw,37.028
2014,plw,36.199
2015,plw,39.282
2016,plw,41.386
2017,plw,41.534
2018,plw,41.846
2019,plw,40.009
2020,plw,38.856
1990,pan,38.126
1991,pan,19.231
1992,pan,25.533
1993,pan,31.124
1994,pan,7.458
1995,pan,14.577
1996,pan,19.895
1997,pan,23.475
1998,pan,25.311
1999,pan,25.487
2000,pan,25.415
2001,pan,26.131
2002,pan,26.175
2003,pan,27.008
2004,pan,26.009
2005,pan,24.937
2006,pan,24.424
2007,pan,24.340
2008,pan,25.726
2009,pan,26.364
2010,pan,27.065
2011,pan,26.872
2012,pan,26.609
2013,pan,27.172
2014,pan,27.277
2015,pan,26.569
2016,pan,26.352
2017,pan,25.781
2018,pan,25.152
2019,pan,24.966
2020,pan,24.659
1990,png,37.825
1991,png,34.518
1992,png,35.142
1993,png,36.308
1994,png,29.744
1995,png,26.357
1996,png,27.085
1997,png,31.704
1998,png,30.881
1999,png,33.065
2000,png,31.541
2001,png,33.249
2002,png,31.276
2003,png,28.784
2004,png,30.503
2005,png,32.453
2006,png,30.681
2007,png,28.319
2008,png,30.082
2009,png,36.890
2010,png,28.162
2011,png,28.714
2012,png,32.377
2013,png,36.131
2014,png,37.546
2015,png,30.251
2016,png,28.324
2017,png,27.320
2018,png,26.771
2019,png,26.597
2020,png,25.789
1989,pry,17.306
1990,pry,15.413
1991,pry,16.500
1992,pry,19.713
1993,pry,19.876
1994,pry,20.521
1995,pry,23.973
1996,pry,24.237
1997,pry,26.565
1998,pry,24.560
1999,pry,20.364
2000,pry,21.201
2001,pry,21.381
2002,pry,20.606
2003,pry,18.931
2004,pry,18.860
2005,pry,18.234
2006,pry,19.289
2007,pry,18.344
2008,pry,17.061
2009,pry,21.342
2010,pry,20.124
2011,pry,21.361
2012,pry,25.318
2013,pry,23.576
2014,pry,24.232
2015,pry,25.394
2016,pry,25.470
2017,pry,25.591
2018,pry,25.615
2019,pry,25.570
2020,pry,25.598
2000,per,21.484
2001,per,20.700
2002,per,19.470
2003,per,19.940
2004,per,19.387
2005,per,20.178
2006,per,19.069
2007,per,18.593
2008,per,19.565
2009,per,21.413
2010,per,20.872
2011,per,19.827
2012,per,20.323
2013,per,21.544
2014,per,22.512
2015,per,22.750
2016,per,22.592
2017,per,22.187
2018,per,21.892
2019,per,21.837
2020,per,21.695
1994,phl,20.280
1995,phl,19.689
1996,phl,20.231
1997,phl,20.926
1998,phl,20.981
1999,phl,21.410
2000,phl,21.488
2001,phl,21.749
2002,phl,21.303
2003,phl,21.173
2004,phl,20.140
2005,phl,19.532
2006,phl,19.096
2007,phl,18.990
2008,phl,18.647
2009,phl,20.081
2010,phl,19.166
2011,phl,17.998
2012,phl,18.903
2013,phl,18.632
2014,phl,18.434
2015,phl,19.648
2016,phl,19.772
2017,phl,19.891
2018,phl,20.078
2019,phl,20.234
2020,phl,20.390
1995,pol,47.715
1996,pol,51.006
1997,pol,46.350
1998,pol,44.269
1999,pol,42.718
2000,pol,41.081
2001,pol,43.803
2002,pol,44.146
2003,pol,44.531
2004,pol,42.496
2005,pol,44.776
2006,pol,45.168
2007,pol,43.292
2008,pol,44.320
2009,pol,45.129
2010,pol,45.877
2011,pol,43.940
2012,pol,42.891
2013,pol,42.212
2014,pol,42.114
2015,pol,41.988
2016,pol,41.494
2017,pol,41.362
2018,pol,41.230
2019,pol,41.123
2020,pol,41.183
1986,prt,52.180
1987,prt,45.482
1988,prt,41.941
1989,prt,41.222
1990,prt,41.932
1991,prt,45.686
1992,prt,47.951
1993,prt,46.222
1994,prt,42.525
1995,prt,42.357
1996,prt,43.149
1997,prt,42.448
1998,prt,42.698
1999,prt,42.553
2000,prt,42.644
2001,prt,44.113
2002,prt,43.719
2003,prt,45.323
2004,prt,46.064
2005,prt,46.677
2006,prt,42.904
2007,prt,44.487
2008,prt,45.335
2009,prt,50.223
2010,prt,51.819
2011,prt,49.980
2012,prt,48.463
2013,prt,50.071
2014,prt,49.022
2015,prt,47.837
2016,prt,47.455
2017,prt,47.154
2018,prt,47.001
2019,prt,46.982
2020,prt,46.976
1990,qat,43.247
1991,qat,45.736
1992,qat,46.978
1993,qat,51.059
1994,qat,46.413
1995,qat,43.121
1996,qat,46.829
1997,qat,43.821
1998,qat,42.861
1999,qat,35.104
2000,qat,31.489
2001,qat,31.303
2002,qat,30.694
2003,qat,27.073
2004,qat,28.393
2005,qat,28.687
2006,qat,28.125
2007,qat,26.743
2008,qat,24.762
2009,qat,32.198
2010,qat,28.985
2011,qat,28.485
2012,qat,30.810
2013,qat,31.406
2014,qat,32.524
2015,qat,34.488
2016,qat,33.383
2017,qat,31.773
2018,qat,30.778
2019,qat,30.182
2020,qat,29.686
2000,rou,34.863
2001,rou,32.902
2002,rou,32.007
2003,rou,30.720
2004,rou,33.105
2005,rou,31.898
2006,rou,33.443
2007,rou,35.180
2008,rou,36.310
2009,rou,37.762
2010,rou,37.884
2011,rou,36.326
2012,rou,34.846
2013,rou,33.848
2014,rou,33.805
2015,rou,33.878
2016,rou,33.162
2017,rou,32.735
2018,rou,32.536
2019,rou,32.337
2020,rou,32.184
1998,rus,42.520
1999,rus,36.737
2000,rus,32.840
2001,rus,33.712
2002,rus,36.272
2003,rus,34.928
2004,rus,31.746
2005,rus,31.563
2006,rus,31.115
2007,rus,34.224
2008,rus,34.298
2009,rus,41.354
2010,rus,38.042
2011,rus,35.726
2012,rus,37.290
2013,rus,38.207
2014,rus,38.332
2015,rus,38.441
2016,rus,35.954
2017,rus,35.847
2018,rus,34.826
2019,rus,34.512
2020,rus,34.293
1992,rwa,27.960
1993,rwa,24.087
1994,rwa,15.827
1995,rwa,21.386
1996,rwa,23.131
1997,rwa,20.137
1998,rwa,19.408
1999,rwa,20.891
2000,rwa,19.406
2001,rwa,21.216
2002,rwa,20.451
2003,rwa,21.350
2004,rwa,21.339
2005,rwa,23.350
2006,rwa,21.723
2007,rwa,22.887
2008,rwa,24.257
2009,rwa,23.856
2010,rwa,25.869
2011,rwa,26.459
2012,rwa,25.866
2013,rwa,27.622
2014,rwa,27.366
2015,rwa,25.347
2016,rwa,25.061
2017,rwa,24.877
2018,rwa,24.965
2019,rwa,24.692
2020,rwa,25.148
1998,wsm,28.089
1999,wsm,33.759
2000,wsm,30.338
2001,wsm,29.990
2002,wsm,30.742
2003,wsm,28.575
2004,wsm,27.363
2005,wsm,30.536
2006,wsm,27.694
2007,wsm,31.270
2008,wsm,28.096
2009,wsm,33.261
2010,wsm,39.816
2011,wsm,36.008
2012,wsm,37.257
2013,wsm,37.647
2014,wsm,43.800
2015,wsm,38.590
2016,wsm,32.162
2017,wsm,30.811
2018,wsm,30.211
2019,wsm,30.211
2020,wsm,30.211
2004,smr,17.764
2005,smr,17.856
2006,smr,18.035
2007,smr,18.181
2008,smr,19.303
2009,smr,21.665
2010,smr,21.444
2011,smr,22.403
2012,smr,22.986
2013,smr,21.833
2014,smr,23.243
2015,smr,22.656
2016,smr,22.762
2017,smr,22.935
2018,smr,22.979
2019,smr,23.011
2020,smr,22.995
2000,stp,11.437
2001,stp,52.654
2002,stp,44.346
2003,stp,50.513
2004,stp,58.748
2005,stp,41.969
2006,stp,44.940
2007,stp,38.002
2008,stp,29.566
2009,stp,48.788
2010,stp,47.260
2011,stp,48.001
2012,stp,44.935
2013,stp,31.586
2014,stp,31.702
2015,stp,33.511
2016,stp,36.256
2017,stp,36.486
2018,stp,35.561
2019,stp,35.179
2020,stp,34.290
1999,sau,32.627
2000,sau,35.390
2001,sau,39.370
2002,sau,38.662
2003,sau,35.700
2004,sau,34.927
2005,sau,30.500
2006,sau,29.312
2007,sau,31.567
2008,sau,28.968
2009,sau,40.050
2010,sau,36.421
2011,sau,35.521
2012,sau,35.518
2013,sau,37.967
2014,sau,42.749
2015,sau,50.156
2016,sau,45.065
2017,sau,42.585
2018,sau,41.603
2019,sau,39.520
2020,sau,38.242
2000,sen,17.921
2001,sen,20.945
2002,sen,20.284
2003,sen,21.774
2004,sen,22.725
2005,sen,23.595
2006,sen,26.580
2007,sen,27.460
2008,sen,26.256
2009,sen,26.505
2010,sen,27.064
2011,sen,28.813
2012,sen,28.911
2013,sen,28.246
2014,sen,29.016
2015,sen,28.465
2016,sen,27.894
2017,sen,27.878
2018,sen,27.610
2019,sen,27.098
2020,sen,26.845
2000,srb,31.314
2001,srb,33.810
2002,srb,42.902
2003,srb,41.900
2004,srb,40.826
2005,srb,40.270
2006,srb,43.193
2007,srb,43.401
2008,srb,43.425
2009,srb,43.449
2010,srb,43.625
2011,srb,42.372
2012,srb,46.114
2013,srb,43.172
2014,srb,46.289
2015,srb,44.493
2016,srb,42.312
2017,srb,40.615
2018,srb,39.994
2019,srb,39.765
2020,srb,39.263
1983,syc,47.930
1984,syc,50.529
1985,syc,53.042
1986,syc,58.005
1987,syc,49.703
1988,syc,46.747
1989,syc,51.673
1990,syc,46.063
1991,syc,52.103
1992,syc,50.711
1993,syc,60.354
1994,syc,63.647
1995,syc,53.096
1996,syc,59.110
1997,syc,54.745
1998,syc,60.698
1999,syc,56.126
2000,syc,55.409
2001,syc,46.842
2002,syc,56.315
2003,syc,44.628
2004,syc,39.896
2005,syc,38.980
2006,syc,43.551
2007,syc,41.896
2008,syc,26.989
2009,syc,32.117
2010,syc,34.576
2011,syc,34.721
2012,syc,36.058
2013,syc,35.571
2014,syc,31.921
2015,syc,32.820
2016,syc,30.627
2017,syc,29.775
2018,syc,29.703
2019,syc,29.988
2020,syc,31.300
2000,sle,16.362
2001,sle,19.102
2002,sle,20.026
2003,sle,18.826
2004,sle,18.119
2005,sle,18.037
2006,sle,16.615
2007,sle,12.958
2008,sle,16.161
2009,sle,17.476
2010,sle,20.220
2011,sle,21.579
2012,sle,20.399
2013,sle,15.677
2014,sle,16.414
2015,sle,18.311
2016,sle,19.284
2017,sle,19.428
2018,sle,19.475
2019,sle,19.516
2020,sle,19.453
1990,sgp,18.125
1991,sgp,19.146
1992,sgp,16.848
1993,sgp,16.834
1994,sgp,18.966
1995,sgp,20.355
1996,sgp,26.133
1997,sgp,25.409
1998,sgp,27.668
1999,sgp,22.800
2000,sgp,19.258
2001,sgp,22.173
2002,sgp,17.506
2003,sgp,13.593
2004,sgp,13.220
2005,sgp,12.116
2006,sgp,12.752
2007,sgp,11.953
2008,sgp,17.560
2009,sgp,17.967
2010,sgp,14.522
2011,sgp,14.725
2012,sgp,14.458
2013,sgp,16.089
2014,sgp,18.166
2015,sgp,20.928
2016,sgp,20.444
2017,sgp,20.486
2018,sgp,20.734
2019,sgp,20.816
2020,sgp,20.939
1997,svk,48.242
1998,svk,45.370
1999,svk,47.749
2000,svk,51.838
2001,svk,44.300
2002,svk,44.790
2003,svk,39.581
2004,svk,37.515
2005,svk,39.265
2006,svk,38.455
2007,svk,36.069
2008,svk,36.401
2009,svk,43.839
2010,svk,41.985
2011,svk,40.559
2012,svk,40.199
2013,svk,41.026
2014,svk,41.392
2015,svk,41.043
2016,svk,40.416
2017,svk,39.814
2018,svk,39.517
2019,svk,39.366
2020,svk,39.214
1995,svn,39.659
1996,svn,38.784
1997,svn,39.358
1998,svn,40.164
1999,svn,40.524
2000,svn,40.803
2001,svn,41.665
2002,svn,41.202
2003,svn,41.553
2004,svn,41.747
2005,svn,42.002
2006,svn,41.859
2007,svn,39.586
2008,svn,40.688
2009,svn,45.258
2010,svn,46.088
2011,svn,46.141
2012,svn,44.799
2013,svn,54.549
2014,svn,47.400
2015,svn,44.887
2016,svn,44.457
2017,svn,44.420
2018,svn,44.577
2019,svn,44.655
2020,svn,44.711
1990,slb,35.054
1991,slb,45.964
1992,slb,40.989
1993,slb,38.789
1994,slb,37.833
1995,slb,30.960
1996,slb,29.946
1997,slb,23.554
1998,slb,19.236
1999,slb,20.160
2000,slb,21.223
2001,slb,18.022
2002,slb,14.597
2003,slb,22.480
2004,slb,29.308
2005,slb,35.626
2006,slb,38.901
2007,slb,44.562
2008,slb,46.705
2009,slb,53.448
2010,slb,57.207
2011,slb,50.196
2012,slb,50.642
2013,slb,49.923
2014,slb,44.159
2015,slb,48.304
2016,slb,46.009
2017,slb,44.758
2018,slb,43.737
2019,slb,42.593
2020,slb,41.559
2000,zaf,25.203
2001,zaf,25.210
2002,zaf,24.830
2003,zaf,25.428
2004,zaf,25.411
2005,zaf,25.773
2006,zaf,27.060
2007,zaf,27.175
2008,zaf,28.672
2009,zaf,31.709
2010,zaf,31.513
2011,zaf,30.884
2012,zaf,31.310
2013,zaf,31.693
2014,zaf,32.125
2015,zaf,32.496
2016,zaf,32.432
2017,zaf,32.339
2018,zaf,32.212
2019,zaf,32.117
2020,zaf,31.993
2011,ssd,20.972
2012,ssd,33.381
2013,ssd,24.249
2014,ssd,33.619
2015,ssd,41.748
2016,ssd,40.431
2017,ssd,41.663
2018,ssd,35.434
2019,ssd,36.719
2020,ssd,32.643
1980,esp,30.383
1981,esp,31.526
1982,esp,35.075
1983,esp,36.130
1984,esp,36.929
1985,esp,40.039
1986,esp,39.820
1987,esp,38.769
1988,esp,38.949
1989,esp,40.356
1990,esp,41.333
1991,esp,42.873
1992,esp,44.134
1993,esp,46.560
1994,esp,45.108
1995,esp,44.405
1996,esp,43.176
1997,esp,41.595
1998,esp,41.030
1999,esp,39.837
2000,esp,39.088
2001,esp,38.458
2002,esp,38.622
2003,esp,38.275
2004,esp,38.674
2005,esp,38.307
2006,esp,38.274
2007,esp,38.923
2008,esp,41.148
2009,esp,45.769
2010,esp,45.619
2011,esp,45.447
2012,esp,47.319
2013,esp,44.297
2014,esp,43.598
2015,esp,42.396
2016,esp,41.090
2017,esp,40.711
2018,esp,40.276
2019,esp,39.749
2020,esp,39.622
1990,lka,29.992
1991,lka,31.257
1992,lka,27.243
1993,lka,27.418
1994,lka,28.513
1995,lka,29.463
1996,lka,27.524
1997,lka,25.533
1998,lka,25.472
1999,lka,24.406
2000,lka,25.819
2001,lka,26.554
2002,lka,24.632
2003,lka,22.918
2004,lka,22.809
2005,lka,23.842
2006,lka,24.285
2007,lka,23.517
2008,lka,22.584
2009,lka,24.857
2010,lka,22.844
2011,lka,21.398
2012,lka,19.699
2013,lka,18.257
2014,lka,17.656
2015,lka,19.985
2016,lka,19.829
2017,lka,19.898
2018,lka,20.127
2019,lka,20.533
2020,lka,21.093
1980,kna,47.384
1981,kna,33.299
1982,kna,29.024
1983,kna,28.977
1984,kna,25.192
1985,kna,28.182
1986,kna,25.324
1987,kna,38.753
1988,kna,28.635
1989,kna,24.044
1990,kna,19.309
1991,kna,18.216
1992,kna,19.781
1993,kna,21.326
1994,kna,22.249
1995,kna,23.690
1996,kna,26.837
1997,kna,26.313
1998,kna,29.136
1999,kna,33.614
2000,kna,34.797
2001,kna,30.994
2002,kna,39.418
2003,kna,32.401
2004,kna,34.834
2005,kna,34.921
2006,kna,33.463
2007,kna,33.108
2008,kna,32.768
2009,kna,34.685
2010,kna,37.859
2011,kna,34.736
2012,kna,31.388
2013,kna,33.654
2014,kna,32.766
2015,kna,30.863
2016,kna,30.011
2017,kna,29.325
2018,kna,29.095
2019,kna,28.962
2020,kna,28.812
1985,lca,23.282
1986,lca,23.942
1987,lca,22.806
1988,lca,20.923
1989,lca,22.379
1990,lca,20.345
1991,lca,21.451
1992,lca,21.806
1993,lca,25.913
1994,lca,22.574
1995,lca,22.962
1996,lca,22.846
1997,lca,23.079
1998,lca,22.316
1999,lca,24.963
2000,lca,24.887
2001,lca,26.460
2002,lca,27.794
2003,lca,27.257
2004,lca,27.004
2005,lca,30.346
2006,lca,28.709
2007,lca,26.001
2008,lca,26.928
2009,lca,28.644
2010,lca,30.571
2011,lca,32.586
2012,lca,34.031
2013,lca,31.292
2014,lca,31.558
2015,lca,32.090
2016,lca,32.268
2017,lca,32.488
2018,lca,32.699
2019,lca,32.907
2020,lca,33.119
1980,vct,26.782
1981,vct,28.214
1982,vct,26.507
1983,vct,27.304
1984,vct,26.019
1985,vct,24.247
1986,vct,25.196
1987,vct,26.669
1988,vct,28.174
1989,vct,30.869
1990,vct,26.547
1991,vct,29.038
1992,vct,28.708
1993,vct,25.323
1994,vct,25.184
1995,vct,22.406
1996,vct,23.376
1997,vct,29.077
1998,vct,28.063
1999,vct,28.267
2000,vct,26.410
2001,vct,26.172
2002,vct,26.764
2003,vct,26.915
2004,vct,26.108
2005,vct,28.039
2006,vct,27.256
2007,vct,28.212
2008,vct,29.835
2009,vct,32.832
2010,vct,32.840
2011,vct,34.489
2012,vct,28.734
2013,vct,31.783
2014,vct,32.798
2015,vct,31.905
2016,vct,31.020
2017,vct,29.850
2018,vct,29.150
2019,vct,28.928
2020,vct,28.857
1990,sdn,28.443
1991,sdn,41.978
1992,sdn,46.314
1993,sdn,21.756
1994,sdn,17.959
1995,sdn,11.829
1996,sdn,8.546
1997,sdn,6.436
1998,sdn,7.524
1999,sdn,8.426
2000,sdn,11.103
2001,sdn,11.762
2002,sdn,12.914
2003,sdn,15.180
2004,sdn,20.504
2005,sdn,26.196
2006,sdn,23.785
2007,sdn,25.361
2008,sdn,23.456
2009,sdn,20.599
2010,sdn,19.038
2011,sdn,17.812
2012,sdn,13.278
2013,sdn,13.110
2014,sdn,12.705
2015,sdn,12.296
2016,sdn,12.588
2017,sdn,12.375
2018,sdn,12.543
2019,sdn,12.613
2020,sdn,12.520
1990,sur,24.152
1991,sur,28.487
1992,sur,25.991
1993,sur,20.197
1994,sur,16.523
1995,sur,21.341
1996,sur,25.833
1997,sur,23.894
1998,sur,35.028
1999,sur,25.944
2000,sur,29.060
2001,sur,26.395
2002,sur,26.031
2003,sur,19.129
2004,sur,22.077
2005,sur,21.805
2006,sur,20.036
2007,sur,21.260
2008,sur,22.231
2009,sur,27.681
2010,sur,25.785
2011,sur,26.499
2012,sur,29.905
2013,sur,31.476
2014,sur,27.547
2015,sur,26.130
2016,sur,25.752
2017,sur,25.313
2018,sur,24.950
2019,sur,24.356
2020,sur,23.699
1981,swz,17.252
1982,swz,17.269
1983,swz,16.352
1984,swz,16.046
1985,swz,17.722
1986,swz,18.069
1987,swz,16.284
1988,swz,16.374
1989,swz,16.596
1990,swz,18.412
1991,swz,20.303
1992,swz,24.558
1993,swz,24.293
1994,swz,24.877
1995,swz,21.984
1996,swz,23.645
1997,swz,22.771
1998,swz,23.805
1999,swz,27.296
2000,swz,27.359
2001,swz,28.479
2002,swz,30.191
2003,swz,29.491
2004,swz,35.073
2005,swz,33.690
2006,swz,30.021
2007,swz,33.148
2008,swz,35.755
2009,swz,37.308
2010,swz,34.526
2011,swz,28.480
2012,swz,30.745
2013,swz,34.226
2014,swz,38.331
2015,swz,35.836
2016,swz,33.351
2017,swz,35.209
2018,swz,35.551
2019,swz,35.787
2020,swz,36.013
1980,swe,60.701
1981,swe,63.317
1982,swe,65.461
1983,swe,65.014
1984,swe,62.351
1985,swe,63.433
1986,swe,61.420
1987,swe,59.111
1988,swe,57.785
1989,swe,57.719
1990,swe,58.697
1991,swe,62.034
1992,swe,67.666
1993,swe,68.313
1994,swe,65.571
1995,swe,62.398
1996,swe,60.373
1997,swe,58.070
1998,swe,56.120
1999,swe,55.530
2000,swe,52.430
2001,swe,51.671
2002,swe,52.865
2003,swe,52.915
2004,swe,51.393
2005,swe,51.297
2006,swe,50.083
2007,swe,48.310
2008,swe,48.940
2009,swe,51.889
2010,swe,49.619
2011,swe,49.003
2012,swe,50.205
2013,swe,50.659
2014,swe,50.615
2015,swe,50.172
2016,swe,49.559
2017,swe,49.535
2018,swe,49.301
2019,swe,49.004
2020,swe,48.699
1983,che,30.504
1984,che,30.023
1985,che,29.570
1986,che,29.466
1987,che,29.267
1988,che,29.771
1989,che,29.186
1990,che,29.104
1991,che,31.055
1992,che,33.068
1993,che,34.388
1994,che,34.346
1995,che,34.265
1996,che,34.827
1997,che,34.751
1998,che,34.565
1999,che,33.865
2000,che,32.399
2001,che,33.221
2002,che,34.509
2003,che,35.294
2004,che,34.934
2005,che,34.262
2006,che,32.493
2007,che,31.475
2008,che,29.712
2009,che,31.329
2010,che,31.050
2011,che,31.397
2012,che,31.365
2013,che,31.461
2014,che,31.109
2015,che,31.744
2016,che,31.553
2017,che,31.499
2018,che,31.344
2019,che,31.344
2020,che,31.344
1990,syr,28.264
1991,syr,34.265
1992,syr,34.162
1993,syr,29.407
1994,syr,30.260
1995,syr,29.757
1996,syr,27.694
1997,syr,28.973
1998,syr,28.827
1999,syr,28.027
2000,syr,27.367
2001,syr,27.989
2002,syr,28.474
2003,syr,32.640
2004,syr,31.329
2005,syr,28.176
2006,syr,26.334
2007,syr,25.704
2008,syr,22.929
2009,syr,26.742
2010,syr,28.638
1980,twn,24.792
1981,twn,25.380
1982,twn,26.242
1983,twn,23.121
1984,twn,22.907
1985,twn,23.406
1986,twn,21.454
1987,twn,21.184
1988,twn,22.837
1989,twn,32.603
1990,twn,28.369
1991,twn,30.131
1992,twn,29.179
1993,twn,28.869
1994,twn,28.343
1995,twn,27.834
1996,twn,27.091
1997,twn,27.019
1998,twn,27.117
1999,twn,22.766
2000,twn,32.225
2001,twn,24.245
2002,twn,21.964
2003,twn,22.094
2004,twn,21.152
2005,twn,20.835
2006,twn,19.398
2007,twn,18.963
2008,twn,19.702
2009,twn,22.487
2010,twn,20.061
2011,twn,20.138
2012,twn,20.115
2013,twn,19.391
2014,twn,18.671
2015,twn,18.451
2016,twn,18.201
2017,twn,17.921
2018,twn,17.771
2019,twn,17.666
2020,twn,17.561
1998,tjk,16.794
1999,tjk,17.540
2000,tjk,19.157
2001,tjk,18.391
2002,tjk,19.182
2003,tjk,19.088
2004,tjk,20.301
2005,tjk,22.983
2006,tjk,21.917
2007,tjk,27.996
2008,tjk,27.181
2009,tjk,28.644
2010,tjk,26.139
2011,tjk,27.027
2012,tjk,24.576
2013,tjk,27.749
2014,tjk,28.262
2015,tjk,28.027
2016,tjk,28.699
2017,tjk,28.400
2018,tjk,28.814
2019,tjk,29.234
2020,tjk,30.030
1991,tza,12.483
1992,tza,15.494
1993,tza,14.463
1994,tza,14.766
1995,tza,13.728
1996,tza,11.789
1997,tza,11.306
1998,tza,11.303
1999,tza,12.627
2000,tza,12.195
2001,tza,12.247
2002,tza,13.513
2003,tza,15.342
2004,tza,17.054
2005,tza,18.586
2006,tza,17.862
2007,tza,18.103
2008,tza,18.574
2009,tza,20.155
2010,tza,20.370
2011,tza,19.287
2012,tza,19.822
2013,tza,19.685
2014,tza,19.634
2015,tza,20.423
2016,tza,20.495
2017,tza,20.615
2018,tza,20.550
2019,tza,20.484
2020,tza,20.479
1995,tha,17.339
1996,tha,17.962
1997,tha,21.634
1998,tha,23.922
1999,tha,26.472
2000,tha,19.346
2001,tha,20.824
2002,tha,25.712
2003,tha,19.513
2004,tha,20.667
2005,tha,21.092
2006,tha,20.085
2007,tha,21.312
2008,tha,21.226
2009,tha,23.997
2010,tha,23.219
2011,tha,23.198
2012,tha,24.879
2013,tha,24.329
2014,tha,24.307
2015,tha,24.663
2016,tha,25.029
2017,tha,24.938
2018,tha,24.948
2019,tha,25.058
2020,tha,25.040
2000,tls,0.000
2001,tls,0.000
2002,tls,12.662
2003,tls,14.048
2004,tls,6.444
2005,tls,5.167
2006,tls,4.060
2007,tls,8.483
2008,tls,12.851
2009,tls,18.307
2010,tls,18.037
2011,tls,19.305
2012,tls,22.353
2013,tls,21.770
2014,tls,29.106
2015,tls,34.401
2016,tls,39.709
2017,tls,39.507
2018,tls,40.601
2019,tls,38.295
2020,tls,41.660
1989,tgo,26.208
1990,tgo,26.137
1991,tgo,22.645
1992,tgo,19.627
1993,tgo,22.937
1994,tgo,20.466
1995,tgo,19.697
1996,tgo,19.204
1997,tgo,16.438
1998,tgo,19.808
1999,tgo,18.479
2000,tgo,18.482
2001,tgo,16.295
2002,tgo,13.102
2003,tgo,15.133
2004,tgo,16.609
2005,tgo,19.295
2006,tgo,21.220
2007,tgo,20.402
2008,tgo,17.885
2009,tgo,21.246
2010,tgo,22.549
2011,tgo,23.810
2012,tgo,26.404
2013,tgo,25.543
2014,tgo,25.707
2015,tgo,25.265
2016,tgo,27.571
2017,tgo,26.606
2018,tgo,26.136
2019,tgo,25.734
2020,tgo,26.307
1999,ton,21.829
2000,ton,20.189
2001,ton,21.518
2002,ton,21.800
2003,ton,20.218
2004,ton,20.573
2005,ton,24.942
2006,ton,24.761
2007,ton,25.274
2008,ton,24.018
2009,ton,27.517
2010,ton,31.940
2011,ton,31.476
2012,ton,27.874
2013,ton,28.095
2014,ton,30.076
2015,ton,30.274
2016,ton,27.804
2017,ton,27.425
2018,ton,28.064
2019,ton,27.758
2020,ton,26.784
1999,tto,29.207
2000,tto,27.565
2001,tto,29.902
2002,tto,26.595
2003,tto,24.817
2004,tto,26.011
2005,tto,27.545
2006,tto,32.134
2007,tto,29.584
2008,tto,30.828
2009,tto,39.869
2010,tto,37.804
2011,tto,34.218
2012,tto,33.782
2013,tto,35.460
2014,tto,35.122
2015,tto,33.652
2016,tto,34.965
2017,tto,35.439
2018,tto,35.622
2019,tto,35.240
2020,tto,35.229
1991,tun,28.053
1992,tun,26.492
1993,tun,27.379
1994,tun,26.538
1995,tun,27.256
1996,tun,27.555
1997,tun,25.481
1998,tun,25.136
1999,tun,24.933
2000,tun,24.762
2001,tun,24.841
2002,tun,25.015
2003,tun,24.317
2004,tun,24.232
2005,tun,24.128
2006,tun,23.726
2007,tun,23.751
2008,tun,24.746
2009,tun,24.640
2010,tun,24.449
2011,tun,28.409
2012,tun,29.288
2013,tun,29.793
2014,tun,27.955
2015,tun,27.095
2016,tun,27.123
2017,tun,26.934
2018,tun,26.835
2019,tun,26.785
2020,tun,26.707
2002,tur,43.190
2003,tur,41.444
2004,tur,35.597
2005,tur,33.170
2006,tur,33.462
2007,tur,33.595
2008,tur,34.505
2009,tur,38.564
2010,tur,36.691
2011,tur,35.209
2012,tur,36.625
2013,tur,38.462
2014,tur,37.539
2015,tur,37.458
2016,tur,36.657
2017,tur,36.414
2018,tur,36.531
2019,tur,36.722
2020,tur,36.318
1997,tkm,25.044
1998,tkm,24.307
1999,tkm,19.396
2000,tkm,24.100
2001,tkm,21.093
2002,tkm,18.048
2003,tkm,19.353
2004,tkm,18.885
2005,tkm,19.669
2006,tkm,14.950
2007,tkm,13.442
2008,tkm,10.866
2009,tkm,13.406
2010,tkm,14.064
2011,tkm,14.619
2012,tkm,14.663
2013,tkm,16.126
2014,tkm,15.445
2015,tkm,15.003
2016,tkm,14.292
2017,tkm,13.817
2018,tkm,13.436
2019,tkm,13.028
2020,tkm,12.631
2004,tuv,78.379
2005,tuv,86.512
2006,tuv,104.422
2007,tuv,93.537
2008,tuv,89.555
2009,tuv,102.744
2010,tuv,95.700
2011,tuv,77.904
2012,tuv,74.990
2013,tuv,81.137
2014,tuv,96.672
2015,tuv,94.241
2016,tuv,89.961
2017,tuv,89.115
2018,tuv,86.995
2019,tuv,85.369
2020,tuv,84.246
1997,uga,14.907
1998,uga,14.413
1999,uga,15.932
2000,uga,17.473
2001,uga,17.932
2002,uga,18.932
2003,uga,18.164
2004,uga,17.817
2005,uga,16.187
2006,uga,15.640
2007,uga,15.578
2008,uga,16.198
2009,uga,14.978
2010,uga,19.338
2011,uga,16.708
2012,uga,16.625
2013,uga,16.803
2014,uga,17.316
2015,uga,17.118
2016,uga,18.867
2017,uga,19.629
2018,uga,20.699
2019,uga,20.881
2020,uga,20.926
1997,ukr,40.818
1998,ukr,37.086
1999,ukr,25.849
2000,ukr,35.465
2001,ukr,35.327
2002,ukr,36.488
2003,ukr,37.451
2004,ukr,40.087
2005,ukr,42.568
2006,ukr,42.946
2007,ukr,42.052
2008,ukr,45.386
2009,ukr,46.826
2010,ukr,49.150
2011,ukr,45.659
2012,ukr,48.972
2013,ukr,48.110
2014,ukr,45.351
2015,ukr,47.068
2016,ukr,43.901
2017,ukr,43.802
2018,ukr,43.402
2019,ukr,43.182
2020,ukr,42.497
1991,are,35.587
1992,are,29.420
1993,are,30.729
1994,are,30.099
1995,are,26.060
1996,are,28.328
1997,are,22.848
1998,are,26.516
1999,are,24.736
2000,are,21.598
2001,are,25.229
2002,are,21.333
2003,are,20.050
2004,are,17.707
2005,are,15.744
2006,are,15.627
2007,are,17.655
2008,are,21.950
2009,are,34.997
2010,are,32.652
2011,are,31.459
2012,are,29.320
2013,are,29.405
2014,are,30.330
2015,are,33.638
2016,are,31.436
2017,are,29.870
2018,are,28.401
2019,are,26.952
2020,are,25.373
1980,gbr,41.825
1981,gbr,44.722
1982,gbr,44.370
1983,gbr,43.718
1984,gbr,43.923
1985,gbr,42.883
1986,gbr,41.610
1987,gbr,39.571
1988,gbr,37.039
1989,gbr,36.322
1990,gbr,37.781
1991,gbr,38.723
1992,gbr,40.823
1993,gbr,40.802
1994,gbr,40.431
1995,gbr,40.518
1996,gbr,38.347
1997,gbr,37.243
1998,gbr,36.548
1999,gbr,36.087
2000,gbr,35.872
2001,gbr,36.682
2002,gbr,37.605
2003,gbr,38.634
2004,gbr,39.393
2005,gbr,39.686
2006,gbr,39.685
2007,gbr,39.494
2008,gbr,42.139
2009,gbr,45.948
2010,gbr,45.230
2011,gbr,43.764
2012,gbr,44.086
2013,gbr,42.491
2014,gbr,41.484
2015,gbr,40.384
2016,gbr,39.025
2017,gbr,37.578
2018,gbr,36.612
2019,gbr,36.425
2020,gbr,36.408
2001,usa,33.004
2002,usa,33.877
2003,usa,34.194
2004,usa,33.880
2005,usa,34.097
2006,usa,33.919
2007,usa,34.863
2008,usa,37.212
2009,usa,41.922
2010,usa,40.056
2011,usa,39.024
2012,usa,37.780
2013,usa,36.612
2014,usa,36.767
2015,usa,36.189
2016,usa,35.904
2017,usa,35.298
2018,usa,35.021
2019,usa,35.233
2020,usa,35.396
1999,ury,29.645
2000,ury,29.121
2001,ury,30.446
2002,ury,30.084
2003,ury,30.283
2004,ury,29.684
2005,ury,28.683
2006,ury,29.099
2007,ury,28.871
2008,ury,28.681
2009,ury,30.874
2010,ury,31.552
2011,ury,29.628
2012,ury,31.252
2013,ury,32.864
2014,ury,33.524
2015,ury,32.974
2016,ury,32.936
2017,ury,32.789
2018,ury,32.658
2019,ury,32.634
2020,ury,32.664
1992,uzb,29.308
1993,uzb,49.592
1994,uzb,33.978
1995,uzb,38.458
1996,uzb,49.849
1997,uzb,39.509
1998,uzb,44.017
1999,uzb,41.552
2000,uzb,39.092
2001,uzb,35.640
2002,uzb,37.380
2003,uzb,33.200
2004,uzb,31.571
2005,uzb,29.523
2006,uzb,29.024
2007,uzb,30.409
2008,uzb,30.513
2009,uzb,33.944
2010,uzb,32.067
2011,uzb,31.354
2012,uzb,33.020
2013,uzb,33.389
2014,uzb,33.812
2015,uzb,34.825
2016,uzb,34.710
2017,uzb,34.539
2018,uzb,34.462
2019,uzb,34.382
2020,uzb,34.348
1991,vut,35.935
1992,vut,31.832
1993,vut,26.200
1994,vut,24.355
1995,vut,27.962
1996,vut,24.457
1997,vut,22.213
1998,vut,27.887
1999,vut,23.865
2000,vut,25.446
2001,vut,22.334
2002,vut,22.336
2003,vut,18.842
2004,vut,18.514
2005,vut,18.296
2006,vut,20.105
2007,vut,22.022
2008,vut,27.016
2009,vut,26.775
2010,vut,27.117
2011,vut,24.431
2012,vut,23.395
2013,vut,21.530
2014,vut,22.558
2015,vut,27.445
2016,vut,27.843
2017,vut,27.802
2018,vut,26.295
2019,vut,25.269
2020,vut,23.857
1988,ven,33.209
1989,ven,32.525
1990,ven,31.932
1991,ven,33.891
1992,ven,30.646
1993,ven,27.666
1994,ven,42.216
1995,ven,32.869
1996,ven,27.729
1997,ven,30.988
1998,ven,28.791
1999,ven,26.104
2000,ven,28.293
2001,ven,31.899
2002,ven,30.990
2003,ven,32.175
2004,ven,31.915
2005,ven,33.530
2006,ven,39.267
2007,ven,35.949
2008,ven,34.879
2009,ven,33.269
2010,ven,31.579
2011,ven,39.472
2012,ven,40.013
2013,ven,38.013
2014,ven,43.596
2015,ven,42.554
2016,ven,41.438
2017,ven,41.060
2018,ven,40.833
2019,ven,40.712
2020,ven,40.651
1998,vnm,20.337
1999,vnm,21.207
2000,vnm,22.586
2001,vnm,24.369
2002,vnm,25.073
2003,vnm,28.183
2004,vnm,24.684
2005,vnm,26.189
2006,vnm,26.072
2007,vnm,28.111
2008,vnm,27.067
2009,vnm,31.606
2010,vnm,30.017
2011,vnm,26.940
2012,vnm,29.402
2013,vnm,28.782
2014,vnm,26.804
2015,vnm,27.153
2016,vnm,26.572
2017,vnm,26.035
2018,vnm,25.431
2019,vnm,25.242
2020,vnm,25.031
1995,yem,24.127
1996,yem,30.698
1997,yem,34.224
1998,yem,34.270
1999,yem,28.248
2000,yem,31.689
2001,yem,30.489
2002,yem,30.783
2003,yem,35.317
2004,yem,34.162
2005,yem,36.769
2006,yem,37.369
2007,yem,40.349
2008,yem,41.247
2009,yem,35.215
2010,yem,30.203
2011,yem,29.840
2012,yem,36.218
2013,yem,30.797
2014,yem,27.780
2015,yem,23.433
2016,yem,24.453
2017,yem,24.857
2018,yem,24.608
2019,yem,24.379
2020,yem,24.054
2000,zmb,21.409
2001,zmb,27.962
2002,zmb,27.571
2003,zmb,27.313
2004,zmb,23.273
2005,zmb,22.451
2006,zmb,19.692
2007,zmb,19.923
2008,zmb,19.457
2009,zmb,17.807
2010,zmb,18.066
2011,zmb,19.303
2012,zmb,22.345
2013,zmb,25.083
2014,zmb,24.645
2015,zmb,23.149
2016,zmb,23.095
2017,zmb,22.680
2018,zmb,22.632
2019,zmb,22.509
2020,zmb,22.673
2005,zwe,18.540
2006,zwe,9.724
2007,zwe,5.869
2008,zwe,4.273
2009,zwe,14.024
2010,zwe,22.573
2011,zwe,27.932
2012,zwe,28.596
2013,zwe,29.679
2014,zwe,29.042
2015,zwe,29.096
2016,zwe,29.529
2017,zwe,30.932
2018,zwe,31.221
2019,zwe,31.511
2020,zwe,31.507
