year,country,ggxonlb
2004,afg,-5.891
2005,afg,-2.7969999999999997
2006,afg,2.364
2007,afg,-10.524000000000001
2008,afg,-19.994
2009,afg,-10.690999999999999
2010,afg,6.643
2011,afg,-4.794
2012,afg,2.66
2013,afg,-6.075
2014,afg,-25.258000000000003
2015,afg,-0.374
2016,afg,-6.518
2017,afg,1.021
2018,afg,-0.591
2019,afg,-2.7089999999999996
2020,afg,-2.189
1997,alb,-21.284000000000002
1998,alb,-3.32
1999,alb,-5.006
2000,alb,-9.381
2001,alb,-14.904000000000002
2002,alb,-13.159
2003,alb,-4.105
2004,alb,-9.66
2005,alb,-1.777
2006,alb,-3.4739999999999998
2007,alb,-5.166
2008,alb,-21.476
2009,alb,-39.044000000000004
2010,alb,-2.033
2011,alb,-4.611000000000001
2012,alb,-4.359
2013,alb,-27.075
2014,alb,-37.983000000000004
2015,alb,-19.794
2016,alb,-0.956
2017,alb,17.814
2018,alb,5.456
2019,alb,-0.595
2020,alb,3.545
1990,dza,26.66
1991,dza,48.37
1992,dza,31.176
1993,dza,-43.38399999999999
1994,dza,13.354000000000001
1995,dza,51.303999999999995
1996,dza,177.106
1997,dza,163.14700000000002
1998,dza,-37.685
1999,dza,34.25
2000,dza,522.273
2001,dza,245.012
2002,dza,124.589
2003,dza,300.871
2004,dza,316.98400000000004
2005,dza,1013.1439999999999
2006,dza,1170.235
2007,dza,565.6669999999999
2008,dza,975.49
2009,dza,-593.362
2010,dza,-99.79299999999999
2011,dza,-242.93400000000003
2012,dza,-803.888
2013,dza,-143.01
2014,dza,-1089.9569999999999
2015,dza,-2238.244
2016,dza,-1921.396
2017,dza,-1601.997
2018,dza,-1285.3519999999999
2019,dza,-992.202
2020,dza,-747.6610000000001
2000,ago,7.54
2001,ago,17.477999999999998
2002,ago,-1.385
2003,ago,-43.251999999999995
2004,ago,61.076
2005,ago,279.643
2006,ago,450.01599999999996
2007,ago,269.528
2008,ago,-158.7
2009,ago,-337.32800000000003
2010,ago,350.999
2011,ago,943.2510000000001
2012,ago,610.322
2013,ago,58.943000000000005
2014,ago,-217.5
2015,ago,-324.223
2016,ago,-72.796
2017,ago,-48.38
2018,ago,-87.198
2019,ago,-167.016
2020,ago,-278.379
1990,atg,0.047
1991,atg,-0.02
1992,atg,0.025
1993,atg,0.004
1994,atg,-0.027999999999999997
1995,atg,-0.022000000000000002
1996,atg,0.021
1997,atg,0.032
1998,atg,-0.075
1999,atg,-0.02
2000,atg,-0.18
2001,atg,-0.223
2002,atg,-0.33299999999999996
2003,atg,-0.33899999999999997
2004,atg,-0.191
2005,atg,-0.313
2006,atg,-0.154
2007,atg,-0.064
2008,atg,-0.106
2009,atg,-0.36
2010,atg,0.057
2011,atg,-0.046
2012,atg,0.036000000000000004
2013,atg,-0.052000000000000005
2014,atg,-0.006
2015,atg,-0.256
2016,atg,0.18
2017,atg,0.184
2018,atg,0.19
2019,atg,0.2
2020,atg,0.21100000000000002
1995,arg,-1.178
1996,arg,-2.9389999999999996
1997,arg,0.841
1998,arg,1.7480000000000002
1999,arg,-2.076
2000,arg,1.2670000000000001
2001,arg,-3.469
2002,arg,2.905
2003,arg,12.497
2004,arg,24.351
2005,arg,23.585
2006,arg,26.228
2007,arg,20.011
2008,arg,29.178
2009,arg,2.715
2010,arg,22.924
2011,arg,-8.676
2012,arg,-12.917
2013,arg,-24.467
2014,arg,-44.757
2015,arg,-80.86
2016,arg,-87.932
2017,arg,-104.13600000000001
2018,arg,-116.99799999999999
2019,arg,-129.03
2020,arg,-145.139
2005,arm,-34.016999999999996
2006,arm,-42.782
2007,arm,-63.555
2008,arm,-52.282
2009,arm,-225.285
2010,arm,-142.109
2011,arm,-73.43
2012,arm,-23.552
2013,arm,-25.820999999999998
2014,arm,-33.024
2015,arm,-126.762
2016,arm,-39.569
2017,arm,2.427
2018,arm,23.816
2019,arm,36.654
2020,arm,42.643
1990,aus,9.902999999999999
1991,aus,-1.742
1992,aus,-10.98
1993,aus,-10.546
1994,aus,-5.854
1995,aus,0.368
1996,aus,6.162000000000001
1997,aus,10.177999999999999
1998,aus,10.479000000000001
1999,aus,14.424000000000001
2000,aus,17.339000000000002
2001,aus,4.973
2002,aus,6.269
2003,aus,10.297
2004,aus,11.737
2005,aus,15.075999999999999
2006,aus,15.255
2007,aus,14.534
2008,aus,-13.982999999999999
2009,aus,-56.18899999999999
2010,aus,-65.385
2011,aus,-57.787
2012,aus,-40.292
2013,aus,-34.231
2014,aus,-41.75
2015,aus,-36.176
2016,aus,-26.508000000000003
2017,aus,-15.917
2018,aus,-6.17
2019,aus,0.645
2020,aus,5.5329999999999995
1988,aut,-1.798
1989,aut,-1.6030000000000002
1990,aut,-1.0759999999999998
1991,aut,-1.493
1992,aut,-0.265
1993,aut,-3.2060000000000004
1994,aut,-4.231
1995,aut,-5.07
1996,aut,-1.838
1997,aut,1.248
1998,aut,0.489
1999,aut,0.4
2000,aut,1.492
2001,aut,4.773
2002,aut,2.955
2003,aut,1.7369999999999999
2004,aut,-5.999
2005,aut,-0.057999999999999996
2006,aut,-0.099
2007,aut,2.9
2008,aut,2.6889999999999996
2009,aut,-7.792000000000001
2010,aut,-5.903
2011,aut,-0.799
2012,aut,0.011000000000000001
2013,aut,2.149
2014,aut,-4.04
2015,aut,1.2009999999999998
2016,aut,2.8280000000000003
2017,aut,3.8510000000000004
2018,aut,4.5569999999999995
2019,aut,4.909
2020,aut,5.077
2000,aze,0.037000000000000005
2001,aze,0.013999999999999999
2002,aze,-0.005
2003,aze,-0.11
2004,aze,0.10099999999999999
2005,aze,0.32
2006,aze,0.23199999999999998
2007,aze,0.68
2008,aze,7.629
2009,aze,2.376
2010,aze,5.975
2011,aze,6.132999999999999
2012,aze,2.147
2013,aze,0.995
2014,aze,0.36700000000000005
2015,aze,-3.4619999999999997
2016,aze,1.126
2017,aze,1.992
2018,aze,3.555
2019,aze,4.614
2020,aze,5.275
1991,bhs,-0.067
1992,bhs,-0.02
1993,bhs,-0.013000000000000001
1994,bhs,0.023
1995,bhs,0.052000000000000005
1996,bhs,0.031
1997,bhs,-0.055999999999999994
1998,bhs,0.018000000000000002
1999,bhs,0.023
2000,bhs,0.055999999999999994
2001,bhs,0.073
2002,bhs,-0.069
2003,bhs,-0.08800000000000001
2004,bhs,-0.053
2005,bhs,-0.057999999999999996
2006,bhs,0.011000000000000001
2007,bhs,-0.055999999999999994
2008,bhs,-0.008
2009,bhs,-0.207
2010,bhs,-0.161
2011,bhs,-0.16
2012,bhs,-0.265
2013,bhs,-0.348
2014,bhs,-0.147
2015,bhs,-0.083
2016,bhs,-0.013000000000000001
2017,bhs,0.076
2018,bhs,0.11599999999999999
2019,bhs,0.131
2020,bhs,0.145
1990,bhr,-0.19899999999999998
1991,bhr,-0.151
1992,bhr,-0.195
1993,bhr,-0.08800000000000001
1994,bhr,-0.145
1995,bhr,-0.086
1996,bhr,0.028999999999999998
1997,bhr,-0.162
1998,bhr,-0.07
1999,bhr,-0.114
2000,bhr,0.342
2001,bhr,0.077
2002,bhr,-0.087
2003,bhr,-0.025
2004,bhr,0.057999999999999996
2005,bhr,0.237
2006,bhr,0.23600000000000002
2007,bhr,0.196
2008,bhr,0.465
2009,bhr,-0.43200000000000005
2010,bhr,-0.473
2011,bhr,-0.046
2012,bhr,-0.215
2013,bhr,-0.342
2014,bhr,-0.507
2015,bhr,-0.897
2016,bhr,-0.45399999999999996
2017,bhr,-0.335
2018,bhr,-0.312
2019,bhr,-0.297
2020,bhr,-0.301
1990,bgd,4.52
1991,bgd,16.785999999999998
1992,bgd,16.208
1993,bgd,17.817999999999998
1994,bgd,11.272
1995,bgd,5.3
1996,bgd,-28.555
1997,bgd,-30.331999999999997
1998,bgd,-36.429
1999,bgd,-8.607000000000001
2000,bgd,-42.61600000000001
2001,bgd,-78.718
2002,bgd,-37.451
2003,bgd,-25.115
2004,bgd,-46.845
2005,bgd,-60.888999999999996
2006,bgd,-49.023999999999994
2007,bgd,-32.606
2008,bgd,-118.67
2009,bgd,-72.7
2010,bgd,-65.3
2011,bgd,-172.84599999999998
2012,bgd,-111.016
2013,bgd,-165.368
2014,bgd,-124.186
2015,bgd,-180.342
2016,bgd,-180.94099999999997
2017,bgd,-192.465
2018,bgd,-131.695
2019,bgd,-173.799
2020,bgd,-137.369
1994,brb,0.157
1995,brb,0.162
1996,brb,0.068
1997,brb,-0.006999999999999999
1998,brb,0.141
1999,brb,0.248
2000,brb,-0.039
2001,brb,0.18899999999999997
2002,brb,-0.045
2003,brb,0.07200000000000001
2004,brb,0.172
2005,brb,-0.035
2006,brb,0.207
2007,brb,0.02
2008,brb,-0.034
2009,brb,-0.248
2010,brb,-0.307
2011,brb,0.053
2012,brb,-0.34
2013,brb,-0.6609999999999999
2014,brb,-0.305
2015,brb,-0.147
2016,brb,-0.131
2017,brb,-0.11699999999999999
2018,brb,-0.084
2019,brb,-0.042
2020,brb,0.015
1998,blr,3.96
1999,blr,48.573
2000,blr,127.425
2001,blr,20.272000000000002
2002,blr,-54.373999999999995
2003,blr,1082.2269999999999
2004,blr,1018.291
2005,blr,1475.38
2006,blr,1249.7730000000001
2007,blr,1864.34
2008,blr,3203.611
2009,blr,548.5
2010,blr,350.592
2011,blr,15893.385
2012,blr,16426.0
2013,blr,686.0989999999999
2014,blr,10868.444
2015,blr,-11240.88
2016,blr,-6231.053000000001
2017,blr,-8953.773000000001
2018,blr,-11045.777
2019,blr,-15642.472
2020,blr,-20834.474
1980,bel,-3.403
1981,bel,-7.771
1982,bel,-4.127
1983,bel,-6.3020000000000005
1984,bel,-2.262
1985,bel,-0.789
1986,bel,-0.265
1987,bel,2.0909999999999997
1988,bel,2.905
1989,bel,4.62
1990,bel,6.858
1991,bel,5.335
1992,bel,3.8110000000000004
1993,bel,5.05
1994,bel,7.106
1995,bel,8.047
1996,bel,8.449
1997,bel,11.068
1998,bel,13.83
1999,bel,14.222999999999999
2000,bel,15.703
2001,bel,16.192
2002,bel,14.685
2003,bel,8.841000000000001
2004,bel,12.599
2005,bel,4.291
2006,bel,12.918
2007,bel,12.404000000000002
2008,bel,8.425
2009,bel,-7.354
2010,bel,-2.886
2011,bel,-2.938
2012,bel,-3.575
2013,bel,0.17
2014,bel,-1.247
2015,bel,-1.058
2016,bel,1.5090000000000001
2017,bel,4.127
2018,bel,5.775
2019,bel,7.433
2020,bel,8.883
1996,blz,0.001
1997,blz,-0.011000000000000001
1998,blz,-0.03
1999,blz,-0.087
2000,blz,-0.11199999999999999
2001,blz,-0.11599999999999999
2002,blz,-0.096
2003,blz,-0.073
2004,blz,-0.012
2005,blz,0.064
2006,blz,0.1
2007,blz,0.099
2008,blz,0.114
2009,blz,0.064
2010,blz,0.05
2011,blz,0.068
2012,blz,0.040999999999999995
2013,blz,0.025
2014,blz,0.002
2016,blz,0.015
2017,blz,0.031
2018,blz,0.040999999999999995
2019,blz,0.043
2020,blz,0.045
1990,ben,-23.015
1991,ben,-24.315
1992,ben,-19.077
1993,ben,-10.635
1994,ben,-28.489
1995,ben,-47.973
1996,ben,-22.034000000000002
1997,ben,-20.343
1998,ben,3.745
1999,ben,5.043
2000,ben,-78.24
2001,ben,-72.547
2002,ben,-81.36399999999999
2003,ben,-20.955
2004,ben,-7.146
2005,ben,-45.836999999999996
2006,ben,0.012
2007,ben,50.848
2008,ben,8.562000000000001
2009,ben,-87.039
2010,ben,4.7
2011,ben,-34.55
2012,ben,10.880999999999998
2013,ben,-64.54
2014,ben,-57.615
2015,ben,-68.896
2016,ben,-159.236
2017,ben,-171.81400000000002
2018,ben,-175.516
2019,ben,-76.845
2020,ben,-18.097
1982,btn,0.01
1983,btn,-0.023
1984,btn,0.032
1985,btn,-0.207
1986,btn,-0.098
1987,btn,-0.031
1988,btn,0.038
1989,btn,-0.46
1990,btn,-0.34700000000000003
1991,btn,-0.006999999999999999
1992,btn,-0.196
1993,btn,0.514
1994,btn,0.138
1995,btn,0.342
1996,btn,0.48
1997,btn,0.16899999999999998
1998,btn,0.588
1999,btn,1.459
2000,btn,0.22899999999999998
2001,btn,-2.717
2002,btn,-1.088
2003,btn,-2.722
2004,btn,0.7759999999999999
2005,btn,-2.048
2006,btn,-0.061
2007,btn,0.731
2008,btn,1.851
2009,btn,1.4509999999999998
2010,btn,2.844
2011,btn,0.12300000000000001
2012,btn,0.9229999999999999
2013,btn,-1.087
2014,btn,-1.673
2015,btn,-0.384
2016,btn,0.618
2017,btn,1.766
2018,btn,6.432
2019,btn,18.44
2020,btn,27.396
1985,bol,-0.102
1986,bol,0.174
1987,bol,-0.332
1988,bol,-0.307
1989,bol,-0.29
1990,bol,-0.27399999999999997
1991,bol,-0.293
1992,bol,-0.4
1993,bol,-0.856
1994,bol,-0.138
1995,bol,0.358
1996,bol,0.324
1997,bol,-0.419
1998,bol,-1.403
1999,bol,-0.888
2000,bol,-0.754
2001,bol,-2.269
2002,bol,-3.51
2003,bol,-3.1319999999999997
2004,bol,-1.8219999999999998
2005,bol,0.5820000000000001
2006,bol,6.419
2007,bol,4.409
2008,bol,6.695
2009,bol,2.02
2010,bol,4.217
2011,bol,3.4219999999999997
2012,bol,5.195
2013,bol,3.403
2014,bol,-5.483
2015,bol,-8.62
2016,bol,-11.492
2017,bol,-10.822000000000001
2018,bol,-10.7
2019,bol,-10.054
2020,bol,-9.825
1998,bih,-0.177
1999,bih,-0.43799999999999994
2000,bih,-0.748
2001,bih,-0.37
2002,bih,-0.222
2003,bih,0.095
2004,bih,0.026000000000000002
2005,bih,0.16
2006,bih,0.562
2007,bih,0.243
2008,bih,-0.68
2009,bih,-1.198
2010,bih,-0.879
2011,bih,-0.5670000000000001
2012,bih,-0.49
2013,bih,-0.316
2014,bih,-0.59
2015,bih,-0.39299999999999996
2016,bih,-0.195
2017,bih,-0.013999999999999999
2018,bih,0.042
2019,bih,0.21899999999999997
2020,bih,0.319
2000,bwa,2.6660000000000004
2001,bwa,-5.4079999999999995
2002,bwa,-6.095
2003,bwa,-5.6770000000000005
2004,bwa,-5.2829999999999995
2005,bwa,-2.456
2006,bwa,-1.157
2007,bwa,-4.493
2008,bwa,-12.043
2009,bwa,-16.825
2010,bwa,-15.788
2011,bwa,-10.255999999999998
2012,bwa,-7.23
2013,bwa,-4.652
2014,bwa,-11.622
2015,bwa,-12.728
2016,bwa,-9.467
2017,bwa,-8.451
2018,bwa,-8.719
2019,bwa,-8.47
2020,bwa,-8.298
2001,bra,42.107
2002,bra,47.471000000000004
2003,bra,55.653
2004,bra,72.219
2005,bra,81.285
2006,bra,75.916
2007,bra,88.07799999999999
2008,bra,117.82700000000001
2009,bra,64.76899999999999
2010,bra,89.71600000000001
2011,bra,128.71
2012,bra,92.551
2013,bra,91.306
2014,bra,-32.536
2015,bra,71.455
2016,bra,127.166
2017,bra,154.341
2018,bra,184.565
2019,bra,198.678
2020,bra,213.895
1980,brn,5.125
1981,brn,7.077000000000001
1982,brn,5.707000000000001
1983,brn,2.122
1984,brn,3.208
1985,brn,3.215
1986,brn,0.46399999999999997
1987,brn,0.278
1988,brn,-0.228
1989,brn,-0.375
1990,brn,-0.145
1991,brn,-0.096
1992,brn,-0.745
1993,brn,-1.153
1994,brn,-2.0669999999999997
1995,brn,-2.0069999999999997
1996,brn,-0.884
1997,brn,-1.2329999999999999
1998,brn,-2.15
1999,brn,-1.788
2000,brn,0.7859999999999999
2001,brn,0.287
2002,brn,-0.535
2003,brn,1.02
2004,brn,1.263
2005,brn,2.8569999999999998
2006,brn,4.031000000000001
2007,brn,0.634
2008,brn,8.16
2009,brn,0.598
2010,brn,1.419
2011,brn,5.897
2012,brn,3.571
2013,brn,2.8369999999999997
2014,brn,2.6919999999999997
2015,brn,-2.381
2016,brn,-1.0859999999999999
2017,brn,-0.45799999999999996
2018,brn,0.19399999999999998
2019,brn,1.791
2020,brn,2.548
2000,bgr,0.9129999999999999
2001,bgr,0.9259999999999999
2002,bgr,0.397
2003,bgr,0.622
2004,bgr,1.236
2005,bgr,1.5919999999999999
2006,bgr,2.214
2007,bgr,2.329
2008,bgr,1.933
2009,bgr,-0.40700000000000003
2010,bgr,-2.639
2011,bgr,-1.248
2012,bgr,-0.114
2013,bgr,-1.06
2014,bgr,-2.8310000000000004
2015,bgr,-1.974
2016,bgr,-1.474
2017,bgr,-0.946
2018,bgr,-0.545
2019,bgr,-0.13
2020,bgr,0.354
1985,bfa,8.554
1986,bfa,-7.7829999999999995
1987,bfa,-1.633
1988,bfa,-3.076
1989,bfa,59.202
1990,bfa,32.282
1991,bfa,12.503
1992,bfa,17.69
1993,bfa,-26.439
1994,bfa,-7.372000000000001
1995,bfa,-18.917
1996,bfa,-13.297
1997,bfa,-30.741999999999997
1998,bfa,-35.641999999999996
1999,bfa,-54.909
2000,bfa,-47.213
2001,bfa,-65.654
2002,bfa,-94.62200000000001
2003,bfa,-32.422
2004,bfa,-101.447
2005,bfa,-140.293
2006,bfa,508.048
2007,bfa,-169.986
2008,bfa,-140.21
2009,bfa,-168.044
2010,bfa,-113.961
2011,bfa,-41.246
2012,bfa,-135.406
2013,bfa,-200.891
2014,bfa,-75.61
2015,bfa,-127.34200000000001
2016,bfa,-163.072
2017,bfa,-220.63
2018,bfa,-271.711
2019,bfa,-317.823
2020,bfa,-344.898
1992,bdi,3.4419999999999997
1993,bdi,3.016
1994,bdi,-3.873
1995,bdi,-2.502
1996,bdi,-17.197
1997,bdi,-5.952000000000001
1998,bdi,-8.105
1999,bdi,-15.536
2000,bdi,4.996
2001,bdi,-9.919
2002,bdi,10.773
2003,bdi,-15.319
2004,bdi,-11.341
2005,bdi,-11.502
2006,bdi,11.107999999999999
2007,bdi,-6.965
2008,bdi,-22.682
2009,bdi,-86.124
2010,bdi,-76.111
2011,bdi,-91.906
2012,bdi,-106.285
2013,bdi,-40.615
2014,bdi,-131.3
2015,bdi,-70.423
2016,bdi,-34.867
2017,bdi,-46.782
2018,bdi,-50.102
2019,bdi,-55.85
2020,bdi,-74.794
2002,cpv,-5.135
2003,cpv,-2.755
2004,cpv,-1.545
2005,cpv,-4.225
2006,cpv,-4.178999999999999
2007,cpv,0.133
2008,cpv,0.77
2009,cpv,-6.8839999999999995
2010,cpv,-12.907
2011,cpv,-9.237
2012,cpv,-12.887
2013,cpv,-11.004000000000001
2014,cpv,-9.324
2015,cpv,-9.37
2016,cpv,-7.689
2017,cpv,-6.3389999999999995
2018,cpv,-3.799
2019,cpv,0.297
2020,cpv,-1.318
1996,khm,-680.5930000000001
1997,khm,-368.246
1998,khm,-613.207
1999,khm,-486.26300000000003
2000,khm,-657.09
2001,khm,-782.923
2002,khm,-1042.663
2003,khm,-1109.288
2004,khm,-714.931
2005,khm,-43.722
2006,khm,-1.473
2007,khm,-184.321
2008,khm,195.19299999999998
2009,khm,-1740.9720000000002
2010,khm,-1197.6689999999999
2011,khm,-1962.629
2012,khm,-1845.195
2013,khm,-874.118
2014,khm,-335.08099999999996
2015,khm,-1970.12
2016,khm,-2099.736
2017,khm,-1962.999
2018,khm,-1928.3310000000001
2019,khm,-1733.006
2020,khm,-1582.74
2000,cmr,364.45
2001,cmr,276.3
2002,cmr,332.58099999999996
2003,cmr,232.46
2004,cmr,118.596
2005,cmr,440.73
2006,cmr,3169.2859999999996
2007,cmr,507.602
2008,cmr,270.283
2009,cmr,27.225
2010,cmr,-94.329
2011,cmr,-281.392
2012,cmr,-163.674
2013,cmr,-519.195
2014,cmr,-731.081
2015,cmr,-894.447
2016,cmr,-803.673
2017,cmr,-773.5010000000001
2018,cmr,-648.134
2019,cmr,-535.18
2020,cmr,-542.961
1980,can,-8.234
1981,can,-1.426
1982,can,-14.397
1983,can,-20.589000000000002
1984,can,-18.315
1985,can,-20.515
1986,can,-10.394
1987,can,-0.6970000000000001
1988,can,-0.609
1989,can,0.198
1990,can,-4.676
1991,can,-21.601999999999997
1992,can,-27.375999999999998
1993,can,-25.371
1994,can,-11.964
1995,can,3.145
1996,can,21.112
1997,can,44.452
1998,can,45.571999999999996
1999,can,59.071999999999996
2000,can,65.333
2001,can,40.866
2002,can,29.844
2003,can,22.71
2004,can,33.021
2005,can,37.366
2006,can,35.628
2007,can,31.945
2008,can,-4.002
2009,can,-57.245
2010,can,-71.637
2011,can,-59.24
2012,can,-47.516000000000005
2013,can,-46.253
2014,can,-27.375999999999998
2015,can,-27.63
2016,can,-19.118
2017,can,-12.165
2018,can,-7.7410000000000005
2019,can,-3.511
2020,can,5.882000000000001
1988,caf,-19.108
1989,caf,-10.633
1990,caf,-14.175
1991,caf,-22.764
1992,caf,-9.888
1993,caf,21.813000000000002
1994,caf,-23.974
1995,caf,4.045
1996,caf,-23.508000000000003
1997,caf,5.695
1998,caf,6.987
1999,caf,9.91
2000,caf,-0.8540000000000001
2001,caf,3.614
2002,caf,2.6319999999999997
2003,caf,-13.833
2004,caf,-6.461
2005,caf,-25.781999999999996
2006,caf,76.26100000000001
2007,caf,21.14
2008,caf,7.71
2009,caf,9.424
2010,caf,-4.095
2011,caf,-17.617
2012,caf,8.01
2013,caf,-43.152
2014,caf,23.320999999999998
2015,caf,-38.84
2016,caf,-43.038999999999994
2017,caf,-57.221000000000004
2018,caf,-69.995
2019,caf,-80.877
2020,caf,-92.669
1995,tcd,-25.864
1996,tcd,-33.194
1997,tcd,-25.646
1998,tcd,-17.769000000000002
1999,tcd,-47.821999999999996
2000,tcd,-57.47
2001,tcd,-55.82
2002,tcd,-71.06
2003,tcd,-91.24
2004,tcd,-52.836000000000006
2005,tcd,7.972
2006,tcd,100.994
2007,tcd,115.564
2008,tcd,175.56400000000002
2009,tcd,-383.022
2010,tcd,-190.375
2011,tcd,172.28599999999997
2012,tcd,57.903
2013,tcd,-98.544
2014,tcd,-248.63099999999997
2015,tcd,-188.768
2016,tcd,1.528
2017,tcd,76.021
2018,tcd,392.4
2019,tcd,378.85900000000004
2020,tcd,257.725
1990,chl,473.69
1991,chl,510.202
1992,chl,656.4760000000001
1993,chl,595.975
1994,chl,676.195
1995,chl,1191.745
1996,chl,913.033
1997,chl,966.762
1998,chl,339.376
1999,chl,-568.131
2000,chl,-23.213
2001,chl,-16.973
2002,chl,-328.309
2003,chl,59.467
2004,chl,1539.161
2005,chl,3427.8320000000003
2006,chl,6252.946999999999
2007,chl,7001.625
2008,chl,3541.238
2009,chl,-4129.630999999999
2010,chl,-350.077
2011,chl,1823.618
2012,chl,1028.146
2013,chl,-533.0840000000001
2014,chl,-2066.254
2015,chl,-2972.505
2016,chl,-2520.303
2017,chl,-1241.893
2018,chl,-63.937
2019,chl,-87.84299999999999
2020,chl,-40.552
1989,chn,-12.962
1990,chn,-9.236
1991,chn,-15.155999999999999
1992,chn,-19.045
1993,chn,-22.155
1994,chn,-65.123
1995,chn,-26.851999999999997
1996,chn,-13.755999999999998
1997,chn,0.945
1998,chn,-19.323
1999,chn,-149.697
2000,chn,-210.937
2001,chn,-206.657
2002,chn,-281.996
2003,chn,-231.983
2004,chn,-168.03900000000002
2005,chn,-181.498
2006,chn,-153.614
2007,chn,121.23299999999999
2008,chn,122.62899999999999
2009,chn,-469.654
2010,chn,-312.44599999999997
2011,chn,503.06800000000004
2012,chn,273.837
2013,chn,-370.955
2014,chn,-422.324
2015,chn,-997.905
2016,chn,-1221.275
2017,chn,-1061.978
2018,chn,-929.065
2019,chn,-899.8810000000001
2020,chn,-761.087
1989,col,239.8
1990,col,674.5
1991,col,1230.4
1992,col,1242.9
1993,col,1273.156
1994,col,1386.906
1995,col,936.439
1996,col,-259.21299999999997
1997,col,-1548.476
1998,col,-1798.981
1999,col,-4007.43
2000,col,1567.809
2001,col,2905.6209999999996
2002,col,707.8660000000001
2003,col,3477.881
2004,col,4360.514
2005,col,6991.853
2006,col,6438.888000000001
2007,col,7769.203
2008,col,9122.101999999999
2009,col,-5639.834
2010,col,-8776.04
2011,col,-761.38
2012,col,10384.02
2013,col,8246.226
2014,col,6984.255
2015,col,-3613.5170000000003
2016,col,-98.728
2017,col,-67.94800000000001
2018,col,3030.676
2019,col,5070.472
2020,col,7480.425
1988,com,-1.23
1989,com,-0.43
1990,com,-0.08199999999999999
1991,com,-1.661
1992,com,-1.6580000000000001
1993,com,0.047
1994,com,-4.58
1995,com,-5.492999999999999
1996,com,-4.335
1997,com,-1.1320000000000001
1998,com,-4.258
1999,com,0.20600000000000002
2000,com,-1.0979999999999999
2001,com,-3.012
2002,com,-3.4360000000000004
2003,com,-3.4339999999999997
2004,com,-1.131
2005,com,1.265
2006,com,-2.92
2007,com,-2.548
2008,com,-3.2119999999999997
2009,com,2.218
2010,com,15.202
2011,com,4.066
2012,com,8.417
2013,com,43.825
2014,com,-0.221
2015,com,-2.87
2016,com,-6.025
2017,com,-6.228
2018,com,-6.734
2019,com,1.515
2020,com,-0.732
1996,cod,-0.102
1997,cod,-0.433
1998,cod,-0.491
1999,cod,-2.481
2000,cod,-18.14
2001,cod,-28.206
2002,cod,11.196
2003,cod,-72.487
2004,cod,-11.501
2005,cod,137.342
2006,cod,205.734
2007,cod,76.192
2008,cod,-9.79
2009,cod,405.92400000000004
2010,cod,722.092
2011,cod,285.39
2012,cod,824.654
2013,cod,1266.319
2014,cod,1147.479
2015,cod,951.362
2016,cod,1010.2710000000001
2017,cod,1166.484
2018,cod,1151.22
2019,cod,1122.394
2020,cod,1173.212
1990,cog,44.93600000000001
1991,cog,-28.316
1992,cog,-47.016999999999996
1993,cog,-38.296
1994,cog,-10.573
1995,cog,63.481
1996,cog,142.227
1997,cog,63.39
1998,cog,-67.257
1999,cog,87.273
2000,cog,184.79
2001,cog,137.864
2002,cog,7.272
2003,cog,126.0
2004,cog,217.4
2005,cog,627.938
2006,cog,851.847
2007,cog,478.662
2008,cog,1371.5279999999998
2009,cog,277.982
2010,cog,1009.367
2011,cog,1125.5
2012,cog,450.9
2013,cog,585.2
2014,cog,143.9
2015,cog,-386.836
2016,cog,125.229
2017,cog,599.977
2018,cog,621.5369999999999
2019,cog,374.093
2020,cog,193.155
2000,cri,24.485
2001,cri,57.157
2002,cri,0.105
2003,cri,97.48
2004,cri,110.89299999999999
2005,cri,193.59099999999998
2006,cri,315.644
2007,cri,497.21
2008,cri,369.685
2009,cri,-212.933
2010,cri,-579.849
2011,cri,-395.98699999999997
2012,cri,-529.425
2013,cri,-704.4019999999999
2014,cri,-828.2489999999999
2015,cri,-725.554
2016,cri,-596.8
2017,cri,-524.602
2018,cri,-559.905
2019,cri,-598.198
2020,cri,-648.19
1997,civ,163.309
1998,civ,123.411
1999,civ,84.81200000000001
2000,civ,220.5
2001,civ,339.0
2002,civ,169.13400000000001
2003,civ,19.017
2004,civ,55.935
2005,civ,49.802
2006,civ,21.889
2007,civ,121.24
2008,civ,144.87
2009,civ,9.79
2010,civ,-33.3
2011,civ,-264.45
2012,civ,-197.44
2013,civ,-130.455
2014,civ,-182.49
2015,civ,-363.69
2016,civ,-404.60699999999997
2017,civ,-441.68699999999995
2018,civ,-458.07599999999996
2019,civ,-494.901
2020,civ,-163.519
2002,hrv,-6.327000000000001
2003,hrv,-7.176
2004,hrv,-8.731
2005,hrv,-5.801
2006,hrv,-5.417999999999999
2007,hrv,-3.388
2008,hrv,-4.004
2009,hrv,-12.969000000000001
2010,hrv,-12.450999999999999
2011,hrv,-15.959000000000001
2012,hrv,-8.075
2013,hrv,-6.319
2014,hrv,-4.821000000000001
2015,hrv,-2.825
2016,hrv,0.8270000000000001
2017,hrv,3.154
2018,hrv,4.933
2019,hrv,5.14
2020,hrv,5.36
1995,cyp,0.083
1996,cyp,-0.061
1997,cyp,-0.201
1998,cyp,-0.09
1999,cyp,-0.11699999999999999
2000,cyp,0.013999999999999999
2001,cyp,-0.051
2002,cyp,-0.231
2003,cyp,-0.423
2004,cyp,-0.191
2005,cyp,0.07
2006,cyp,0.21
2007,cyp,0.929
2008,cyp,0.584
2009,cyp,-0.6579999999999999
2010,cyp,-0.609
2011,cyp,-0.7879999999999999
2012,cyp,-0.633
2013,cyp,-0.35100000000000003
2014,cyp,0.514
2015,cyp,0.253
2016,cyp,0.46299999999999997
2017,cyp,0.551
2018,cyp,0.7609999999999999
2019,cyp,0.79
2020,cyp,0.8190000000000001
1995,cze,-191.75599999999997
1996,cze,-46.391000000000005
1997,cze,-60.708
1998,cze,-89.19
1999,cze,-65.527
2000,cze,-78.837
2001,cze,-128.429
2002,cze,-159.123
2003,cze,-167.578
2004,cze,-64.115
2005,cze,-78.933
2006,cze,-56.207
2007,cze,-1.4040000000000001
2008,cze,-56.477
2009,cze,-179.025
2010,cze,-133.782
2011,cze,-75.33
2012,cze,-111.98299999999999
2013,cze,-8.747
2014,cze,8.138
2015,cze,-13.27
2016,cze,-3.8110000000000004
2017,cze,-1.979
2018,cze,-6.087000000000001
2019,cze,-2.5669999999999997
2020,cze,9.105
1980,dnk,-9.266
1981,dnk,-18.855999999999998
1982,dnk,-31.434
1983,dnk,-14.78
1984,dnk,11.823
1985,dnk,27.320999999999998
1986,dnk,56.346000000000004
1987,dnk,49.723
1988,dnk,36.454
1989,dnk,27.219
1990,dnk,22.398000000000003
1991,dnk,12.713
1992,dnk,5.912999999999999
1993,dnk,-0.7929999999999999
1994,dnk,-2.356
1995,dnk,1.3430000000000002
1996,dnk,7.496
1997,dnk,22.906999999999996
1998,dnk,31.019000000000002
1999,dnk,46.411
2000,dnk,57.95399999999999
2001,dnk,43.376999999999995
2002,dnk,27.351
2003,dnk,21.717
2004,dnk,51.803000000000004
2005,dnk,95.855
2006,dnk,97.76899999999999
2007,dnk,96.814
2008,dnk,60.355
2009,dnk,-40.885999999999996
2010,dnk,-38.301
2011,dnk,-26.669
2012,dnk,-58.601000000000006
2013,dnk,-11.517000000000001
2014,dnk,46.288000000000004
2015,dnk,-32.416
2016,dnk,-30.215
2017,dnk,-34.108000000000004
2018,dnk,-25.590999999999998
2019,dnk,-15.915
2020,dnk,-5.26
1990,dji,-5.381
1991,dji,-2.147
1992,dji,-9.21
1993,dji,-10.397
1994,dji,-9.338
1995,dji,-6.922999999999999
1996,dji,-2.818
1997,dji,-3.415
1998,dji,0.7290000000000001
1999,dji,-2.265
2000,dji,-1.274
2001,dji,-1.14
2002,dji,-3.472
2003,dji,-2.136
2004,dji,-1.84
2005,dji,0.8740000000000001
2006,dji,-2.7289999999999996
2007,dji,-3.2689999999999997
2008,dji,2.747
2009,dji,-10.052
2010,dji,-3.668
2011,dji,-1.475
2012,dji,-5.159
2013,dji,-13.195
2014,dji,-31.55
2015,dji,-37.064
2016,dji,-38.114000000000004
2017,dji,-7.662000000000001
2018,dji,-12.264000000000001
2019,dji,-8.177
2020,dji,10.849
1990,dma,-0.019
1991,dma,-0.009000000000000001
1992,dma,-0.003
1993,dma,0.003
1994,dma,-0.011000000000000001
1995,dma,-0.008
1996,dma,0.003
1997,dma,-0.002
1998,dma,-0.035
1999,dma,-0.054000000000000006
2000,dma,-0.043
2001,dma,-0.023
2003,dma,0.043
2004,dma,0.037000000000000005
2005,dma,0.053
2006,dma,0.052000000000000005
2007,dma,0.044000000000000004
2008,dma,0.031
2009,dma,0.013999999999999999
2010,dma,-0.025
2011,dma,-0.038
2012,dma,-0.045
2013,dma,-0.013999999999999999
2014,dma,-0.023
2015,dma,-0.02
2016,dma,-0.024
2017,dma,-0.026000000000000002
2018,dma,-0.028999999999999998
2019,dma,-0.033
2020,dma,-0.037000000000000005
1997,dom,-1.2990000000000002
1998,dom,-0.5529999999999999
1999,dom,-2.374
2000,dom,-2.7460000000000004
2001,dom,-4.013999999999999
2002,dom,-4.864
2003,dom,-28.706999999999997
2004,dom,-15.675
2005,dom,8.947000000000001
2006,dom,4.649
2007,dom,23.355
2008,dom,-27.901999999999997
2009,dom,-20.416
2010,dom,-18.322
2011,dom,-22.584
2012,dom,-100.31200000000001
2013,dom,-31.75
2014,dom,-14.517999999999999
2015,dom,4.521
2016,dom,3.022
2017,dom,1.876
2018,dom,0.147
2019,dom,-0.6559999999999999
2020,dom,-1.472
1993,ecu,0.0
1994,ecu,0.0
1995,ecu,0.623
1996,ecu,0.313
1997,ecu,0.5660000000000001
1998,ecu,-0.109
1999,ecu,0.647
2000,ecu,1.236
2001,ecu,1.28
2002,ecu,1.057
2003,ecu,1.143
2004,ecu,1.5030000000000001
2005,ecu,1.073
2006,ecu,2.231
2007,ecu,1.758
2008,ecu,1.004
2009,ecu,-1.883
2010,ecu,-0.524
2011,ecu,0.49700000000000005
2012,ecu,-0.172
2013,ecu,-3.377
2014,ecu,-4.026
2015,ecu,-4.245
2016,ecu,-3.932
2017,ecu,-2.997
2018,ecu,-1.2690000000000001
2019,ecu,0.6629999999999999
2020,ecu,0.8440000000000001
2002,egy,-27.037
2003,egy,-18.762999999999998
2004,egy,-18.049
2005,egy,-20.408
2006,egy,-25.715
2007,egy,-22.47
2008,egy,-35.135999999999996
2009,egy,-39.004
2010,egy,-45.558
2011,egy,-64.306
2012,egy,-80.92699999999999
2013,egy,-116.395
2014,egy,-121.581
2015,egy,-100.381
2016,egy,-51.534
2017,egy,-35.260999999999996
2018,egy,-33.097
2019,egy,-24.697
2020,egy,-15.040999999999999
1993,slv,-0.183
1994,slv,-0.12
1995,slv,-0.057999999999999996
1996,slv,-0.126
1997,slv,-0.049
1998,slv,-0.136
1999,slv,-0.223
2000,slv,-0.256
2001,slv,-0.37200000000000005
2002,slv,-0.309
2003,slv,-0.32299999999999995
2004,slv,-0.11
2005,slv,-0.13699999999999998
2006,slv,-0.023
2007,slv,0.239
2008,slv,-0.064
2009,slv,-0.628
2010,slv,-0.452
2011,slv,-0.439
2012,slv,-0.41200000000000003
2013,slv,-0.303
2014,slv,-0.29
2015,slv,-0.41700000000000004
2016,slv,-0.38799999999999996
2017,slv,-0.386
2018,slv,-0.395
2019,slv,-0.40299999999999997
2020,slv,-0.446
1984,gnq,0.659
1985,gnq,1.034
1986,gnq,-0.292
1987,gnq,2.0909999999999997
1988,gnq,-10.015
1989,gnq,-3.565
1990,gnq,0.462
1991,gnq,0.397
1992,gnq,-0.385
1993,gnq,-0.23800000000000002
1994,gnq,0.98
1995,gnq,2.345
1996,gnq,1.936
1997,gnq,14.273
1998,gnq,-1.442
1999,gnq,4.084
2000,gnq,-18.259
2001,gnq,189.857
2002,gnq,256.705
2003,gnq,216.87099999999998
2004,gnq,291.149
2005,gnq,802.78
2006,gnq,1150.618
2007,gnq,1075.917
2008,gnq,1294.997
2009,gnq,-456.004
2010,gnq,-346.371
2011,gnq,109.772
2012,gnq,-796.942
2013,gnq,-570.007
2014,gnq,-563.134
2015,gnq,-975.1
2016,gnq,-349.87300000000005
2017,gnq,1.298
2018,gnq,117.309
2019,gnq,257.115
2020,gnq,113.787
1992,eri,0.11699999999999999
1993,eri,0.084
1994,eri,0.23600000000000002
1995,eri,-0.6809999999999999
1996,eri,-0.639
1997,eri,-0.18100000000000002
1998,eri,-1.7930000000000001
1999,eri,-2.866
2000,eri,-1.745
2001,eri,-2.322
2002,eri,-2.332
2003,eri,-1.694
2004,eri,-2.065
2005,eri,-3.219
2006,eri,-2.02
2007,eri,-2.529
2008,eri,-3.696
2009,eri,-3.2910000000000004
2010,eri,-4.165
2011,eri,-5.303
2012,eri,-5.031000000000001
2013,eri,-5.045
2014,eri,-5.126
2015,eri,-5.962999999999999
2016,eri,-6.932
2017,eri,-8.863999999999999
2018,eri,-9.375
2019,eri,-10.417
2020,eri,-12.344000000000001
1995,est,-0.003
1996,est,-0.027999999999999997
1997,est,0.141
1998,est,0.04
1999,est,-0.17800000000000002
2000,est,-0.018000000000000002
2001,est,-0.013000000000000001
2002,est,0.013000000000000001
2003,est,0.11699999999999999
2004,est,0.134
2005,est,0.162
2006,est,0.299
2007,est,0.331
2008,est,-0.55
2009,est,-0.305
2010,est,0.001
2011,est,0.145
2012,est,-0.063
2013,est,-0.098
2014,est,0.062
2015,est,-0.12300000000000001
2016,est,-0.036000000000000004
2017,est,0.01
2018,est,0.009000000000000001
2019,est,0.008
2020,est,0.019
1980,eth,-0.301
1981,eth,-0.23600000000000002
1982,eth,-0.439
1983,eth,-1.2
1984,eth,-0.431
1985,eth,-0.657
1986,eth,-0.5579999999999999
1987,eth,-0.5529999999999999
1988,eth,-0.534
1989,eth,-0.785
1990,eth,-1.5090000000000001
1991,eth,-1.4169999999999998
1992,eth,-1.147
1993,eth,-1.032
1994,eth,-1.2109999999999999
1995,eth,-0.489
1996,eth,-1.209
1997,eth,-0.066
1998,eth,-1.1179999999999999
1999,eth,-4.064
2000,eth,-4.8389999999999995
2001,eth,-1.4980000000000002
2002,eth,-2.861
2003,eth,-2.9189999999999996
2004,eth,-1.238
2005,eth,-3.4139999999999997
2006,eth,-3.971
2007,eth,-4.976
2008,eth,-6.077000000000001
2009,eth,-1.861
2010,eth,-3.51
2011,eth,-6.308
2012,eth,-6.528
2013,eth,-13.805
2014,eth,-23.6
2015,eth,-30.471999999999998
2016,eth,-33.668
2017,eth,-36.129
2018,eth,-39.086999999999996
2019,eth,-42.43899999999999
2020,eth,-47.022
1992,fji,0.012
1993,fji,-0.012
1994,fji,0.038
1995,fji,0.07
1996,fji,-0.067
1997,fji,-0.102
1998,fji,0.265
1999,fji,0.07400000000000001
2000,fji,-0.018000000000000002
2001,fji,-0.14400000000000002
2002,fji,-0.114
2003,fji,-0.14300000000000002
2004,fji,-0.022000000000000002
2005,fji,-0.037000000000000005
2006,fji,-0.042
2007,fji,0.069
2008,fji,0.207
2009,fji,-0.037000000000000005
2010,fji,0.09300000000000001
2011,fji,0.174
2012,fji,0.184
2013,fji,0.223
2014,fji,0.028999999999999998
2015,fji,-0.055999999999999994
2016,fji,0.059000000000000004
2017,fji,0.067
2018,fji,0.077
2019,fji,0.084
2020,fji,0.083
1980,fin,0.414
1981,fin,1.1440000000000001
1982,fin,0.292
1983,fin,-0.617
1984,fin,0.551
1985,fin,0.531
1986,fin,0.9390000000000001
1987,fin,-0.652
1988,fin,2.439
1989,fin,4.373
1990,fin,3.7039999999999997
1991,fin,-2.131
1992,fin,-6.462999999999999
1993,fin,-7.962000000000001
1994,fin,-5.606
1995,fin,-5.848
1996,fin,-2.565
1997,fin,0.14800000000000002
1998,fin,3.687
1999,fin,3.762
2000,fin,10.390999999999998
2001,fin,7.745
2002,fin,5.888
2003,fin,3.437
2004,fin,3.31
2005,fin,4.19
2006,fin,6.445
2007,fin,8.939
2008,fin,7.066
2009,fin,-5.247999999999999
2010,fin,-4.633
2011,fin,-1.9469999999999998
2012,fin,-3.74
2013,fin,-4.553
2014,fin,-5.031000000000001
2015,fin,-4.586
2016,fin,-3.4930000000000003
2017,fin,-2.4330000000000003
2018,fin,-1.743
2019,fin,-1.3519999999999999
2020,fin,-0.94
1980,fra,0.867
1981,fra,-7.361000000000001
1982,fra,-10.918
1983,fra,-7.215
1984,fra,-8.311
1985,fra,-9.357000000000001
1986,fra,-11.200999999999999
1987,fra,-1.324
1988,fra,-6.803999999999999
1989,fra,1.338
1990,fra,-3.51
1991,fra,-6.944
1992,fra,-24.945
1993,fra,-42.722
1994,fra,-31.32
1995,fra,-28.128
1996,fra,-11.202
1997,fra,-7.624
1998,fra,6.891
1999,fra,15.558
2000,fra,18.697
2001,fra,17.832
2002,fra,-7.221
2003,fra,-22.381999999999998
2004,fra,-16.977999999999998
2005,fra,-13.17
2006,fra,0.43700000000000006
2007,fra,-1.584
2008,fra,-10.959000000000001
2009,fra,-95.81299999999999
2010,fra,-90.411
2011,fra,-54.027
2012,fra,-50.928000000000004
2013,fra,-41.508
2014,fra,-44.89
2015,fra,-43.456
2016,fra,-36.896
2017,fra,-24.576999999999998
2018,fra,-5.172999999999999
2019,fra,13.353
2020,fra,30.851
1990,gab,24.109
1991,gab,59.023999999999994
1992,gab,16.912
1993,gab,19.71
1994,gab,118.374
1995,gab,280.623
1996,gab,251.75099999999998
1997,gab,241.62900000000002
1998,gab,-167.856
1999,gab,229.989
2000,gab,639.75
2001,gab,453.348
2002,gab,289.125
2003,gab,434.24800000000005
2004,gab,437.32599999999996
2005,gab,527.177
2006,gab,577.049
2007,gab,599.4119999999999
2008,gab,877.933
2009,gab,470.639
2010,gab,288.712
2011,gab,290.002
2012,gab,227.16
2013,gab,305.48
2014,gab,394.82599999999996
2015,gab,-15.883
2016,gab,151.501
2017,gab,226.34900000000002
2018,gab,254.888
2019,gab,248.083
2020,gab,217.94400000000002
2000,gmb,0.23600000000000002
2001,gmb,-0.10300000000000001
2002,gmb,0.013000000000000001
2003,gmb,0.113
2004,gmb,0.16399999999999998
2005,gmb,0.084
2006,gmb,-0.023
2007,gmb,0.903
2008,gmb,0.22399999999999998
2009,gmb,0.105
2010,gmb,-0.611
2011,gmb,-0.284
2012,gmb,-0.19899999999999998
2013,gmb,-1.453
2014,gmb,-1.183
2015,gmb,1.172
2016,gmb,1.692
2017,gmb,1.4
2018,gmb,1.6869999999999998
2019,gmb,1.4969999999999999
2020,gmb,1.425
2000,geo,0.051
2001,geo,0.069
2002,geo,0.132
2003,geo,0.12
2004,geo,0.504
2005,geo,0.376
2006,geo,0.569
2007,geo,0.239
2008,geo,-0.256
2009,geo,-1.006
2010,geo,-0.7859999999999999
2011,geo,0.077
2012,geo,0.055
2013,geo,-0.081
2014,geo,-0.276
2015,geo,-0.585
2016,geo,-0.605
2017,geo,-0.603
2018,geo,-0.703
2019,geo,-0.7979999999999999
2020,geo,-0.9309999999999999
1991,deu,-1.83
1992,deu,11.468
1993,deu,3.865
1994,deu,16.101
1995,deu,-121.0
1996,deu,-7.9
1997,deu,2.98
1998,deu,12.37
1999,deu,22.96
2000,deu,79.12
2001,deu,-9.63
2002,deu,-27.69
2003,deu,-32.68
2004,deu,-27.44
2005,deu,-19.55
2006,deu,18.59
2007,deu,65.88
2008,deu,56.44
2009,deu,-18.63
2010,deu,-51.01
2011,deu,28.8
2012,deu,51.916000000000004
2013,deu,47.623999999999995
2014,deu,57.052
2015,deu,43.746
2016,deu,41.608999999999995
2017,deu,37.774
2018,deu,42.433
2019,deu,39.875
2020,deu,37.483000000000004
1981,gha,-0.001
1985,gha,-0.001
1986,gha,-0.001
1987,gha,-0.001
1988,gha,-0.002
1989,gha,-0.001
1990,gha,-0.006999999999999999
1991,gha,-0.005
1992,gha,-0.028999999999999998
1993,gha,-0.037000000000000005
1994,gha,-0.040999999999999995
1995,gha,-0.052000000000000005
1996,gha,-0.095
1997,gha,-0.126
1998,gha,-0.105
1999,gha,-0.17300000000000001
2000,gha,-0.065
2001,gha,-0.045
2002,gha,-0.10800000000000001
2003,gha,0.084
2004,gha,-0.049
2005,gha,-0.094
2006,gha,-0.48700000000000004
2007,gha,-0.807
2008,gha,-1.869
2009,gha,-1.5330000000000001
2010,gha,-2.875
2011,gha,-2.7739999999999996
2012,gha,-6.516
2013,gha,-5.928
2014,gha,-3.9819999999999998
2015,gha,1.139
2016,gha,2.617
2017,gha,5.972
2018,gha,5.751
2019,gha,5.682
2020,gha,5.642
1988,grc,-1.237
1989,grc,-2.416
1990,grc,-2.556
1991,grc,-1.443
1992,grc,-1.169
1993,grc,-1.395
1994,grc,1.923
1995,grc,2.184
1996,grc,4.23
1997,grc,4.077
1998,grc,5.28
1999,grc,5.678999999999999
2000,grc,5.025
2001,grc,2.928
2002,grc,1.091
2003,grc,-1.268
2004,grc,-4.774
2005,grc,-1.8780000000000001
2006,grc,-3.529
2007,grc,-4.962
2008,grc,-12.043
2009,grc,-24.281
2010,grc,-11.8
2011,grc,-5.965
2012,grc,-2.532
2013,grc,2.14
2014,grc,2.6860000000000004
2015,grc,5.49
2016,grc,8.626
2017,grc,9.051
2018,grc,8.936
2019,grc,9.355
2020,grc,9.777000000000001
1990,grd,-0.038
1991,grd,-0.015
1992,grd,0.005
1993,grd,0.016
1994,grd,-0.008
1995,grd,0.01
1996,grd,-0.013000000000000001
1997,grd,-0.033
1998,grd,-0.013999999999999999
1999,grd,-0.013000000000000001
2000,grd,-0.011000000000000001
2001,grd,-0.062
2002,grd,-0.159
2003,grd,0.005
2004,grd,0.043
2005,grd,0.037000000000000005
2006,grd,-0.079
2007,grd,-0.096
2008,grd,-0.054000000000000006
2009,grd,-0.063
2010,grd,-0.03
2011,grd,-0.057
2012,grd,-0.053
2013,grd,-0.09
2014,grd,-0.055
2015,grd,0.031
2016,grd,0.087
2017,grd,0.092
2018,grd,0.096
2019,grd,0.102
2020,grd,0.106
2000,gtm,-0.81
2001,gtm,-0.815
2002,gtm,0.5
2003,gtm,-2.258
2004,gtm,0.521
2005,gtm,-0.67
2006,gtm,-1.2890000000000001
2007,gtm,0.12
2008,gtm,-0.7509999999999999
2009,gtm,-5.297000000000001
2010,gtm,-6.021
2011,gtm,-4.857
2012,gtm,-3.423
2013,gtm,-2.441
2014,gtm,-2.039
2015,gtm,-4.553999999999999
2016,gtm,-3.375
2017,gtm,-3.367
2018,gtm,-3.301
2019,gtm,-3.4
2020,gtm,-3.576
1990,gin,-26.724
1991,gin,-30.651
1992,gin,-50.542
1993,gin,-78.426
1994,gin,-79.3
1995,gin,-69.523
1996,gin,-66.264
1997,gin,-55.208999999999996
1998,gin,33.033
1999,gin,-70.777
2000,gin,-83.4
2001,gin,-156.001
2002,gin,-175.167
2003,gin,-289.966
2004,gin,-211.847
2005,gin,152.76
2006,gin,62.79
2007,gin,746.196
2008,gin,670.166
2009,gin,-1117.26
2010,gin,-3244.57
2011,gin,240.87099999999998
2012,gin,-621.945
2013,gin,-1748.28
2014,gin,-1493.881
2015,gin,-4535.894
2016,gin,-1574.0829999999999
2017,gin,-1190.935
2018,gin,-373.605
2019,gin,-335.619
2020,gin,-159.901
2000,gnb,1.015
2001,gnb,5.246
2002,gnb,-2.745
2003,gnb,-9.802
2004,gnb,-9.322000000000001
2005,gnb,-8.871
2006,gnb,-9.764
2007,gnb,-17.773
2008,gnb,9.249
2009,gnb,20.95
2010,gnb,7.362
2011,gnb,-3.5410000000000004
2012,gnb,-8.728
2013,gnb,-6.211
2014,gnb,-7.7010000000000005
2015,gnb,3.0239999999999996
2016,gnb,-12.511
2017,gnb,-10.773
2018,gnb,-9.2
2019,gnb,-7.535
2020,gnb,-4.383
1997,guy,6.263
1998,guy,2.648
1999,guy,8.213
2000,guy,5.797000000000001
2001,guy,1.23
2002,guy,3.68
2003,guy,-6.544
2004,guy,-1.733
2005,guy,-15.103
2006,guy,-16.346
2007,guy,-8.861
2008,guy,-10.44
2009,guy,-10.132
2010,guy,-6.822
2011,guy,-9.667
2012,guy,-22.471999999999998
2013,guy,-21.377
2014,guy,-28.276999999999997
2015,guy,-25.366
2016,guy,-21.698
2017,guy,-20.413
2018,guy,-17.991
2019,guy,-9.754
2020,guy,-2.295
1997,hti,0.778
1998,hti,0.769
1999,hti,0.374
2000,hti,-0.66
2001,hti,-1.082
2002,hti,-2.101
2003,hti,-3.117
2004,hti,-0.951
2005,hti,-3.9810000000000003
2006,hti,-2.287
2007,hti,2.875
2008,hti,-5.282
2009,hti,-10.075
2010,hti,4.477
2011,hti,-9.759
2012,hti,-14.357000000000001
2013,hti,-24.322
2014,hti,-23.035999999999998
2015,hti,-11.136
2016,hti,-10.625
2017,hti,-10.705
2018,hti,-9.972999999999999
2019,hti,-10.407
2020,hti,-11.383
1990,hnd,-0.03
1991,hnd,0.32799999999999996
1992,hnd,0.562
1993,hnd,-0.725
1994,hnd,0.373
1995,hnd,0.8270000000000001
1996,hnd,1.148
1997,hnd,1.419
1998,hnd,3.987
1999,hnd,2.6630000000000003
2000,hnd,2.7510000000000003
2001,hnd,-3.187
2002,hnd,-8.113999999999999
2003,hnd,-8.883
2004,hnd,-6.2410000000000005
2005,hnd,-2.6710000000000003
2006,hnd,-6.321000000000001
2007,hnd,-5.118
2008,hnd,-7.061
2009,hnd,-14.864
2010,hnd,-10.139
2011,hnd,-10.117
2012,hnd,-15.545
2013,hnd,-26.613000000000003
2014,hnd,-15.595
2015,hnd,-6.896
2016,hnd,-2.419
2017,hnd,0.452
2018,hnd,2.187
2019,hnd,2.925
2020,hnd,1.236
2005,hkg,12.445
2006,hkg,53.84
2007,hkg,119.365
2008,hkg,-5.2860000000000005
2009,hkg,23.283
2010,hkg,71.863
2011,hkg,70.282
2012,hkg,61.386
2013,hkg,18.292
2014,hkg,110.12799999999999
2015,hkg,73.41
2016,hkg,63.747
2017,hkg,45.086999999999996
2018,hkg,60.321999999999996
2019,hkg,95.28
2020,hkg,101.759
1995,hun,191.84900000000002
1996,hun,227.578
1997,hun,-126.45200000000001
1998,hun,-54.211999999999996
1999,hun,98.96700000000001
2000,hun,-107.572
2001,hun,-133.612
2002,hun,-995.09
2003,hun,-786.943
2004,hun,-761.125
2005,hun,-866.06
2006,hun,-1346.5810000000001
2007,hun,-308.145
2008,hun,4.323
2009,hun,-119.932
2010,hun,-199.763
2011,hun,-403.466
2012,hun,447.135
2013,hun,568.861
2014,hun,432.9
2015,hun,302.128
2016,hun,331.32599999999996
2017,hun,354.309
2018,hun,321.82
2019,hun,383.344
2020,hun,484.657
1980,isl,0.168
1981,isl,0.355
1982,isl,0.6
1983,isl,-1.527
1984,isl,2.137
1985,isl,-1.8230000000000002
1986,isl,-5.547000000000001
1987,isl,-1.015
1988,isl,-2.006
1989,isl,-9.551
1990,isl,-4.058
1991,isl,4.377
1992,isl,-0.158
1993,isl,-9.902000000000001
1994,isl,-10.775
1995,isl,-1.432
1996,isl,3.7119999999999997
1997,isl,11.581
1998,isl,10.945
1999,isl,19.433
2000,isl,22.109
2001,isl,4.995
2002,isl,-13.55
2003,isl,-14.120999999999999
2004,isl,9.59
2005,isl,59.07899999999999
2006,isl,74.827
2007,isl,70.207
2008,isl,-204.35
2009,isl,-104.182
2010,isl,-109.588
2011,isl,-42.151
2012,isl,-1.2209999999999999
2013,isl,37.388000000000005
2014,isl,100.33200000000001
2015,isl,70.5
2016,isl,62.79600000000001
2017,isl,86.804
2018,isl,70.732
2019,isl,75.465
2020,isl,78.223
1989,ind,-157.213
1990,ind,-180.53799999999998
1991,ind,-187.513
1992,ind,-250.44799999999998
1993,ind,-349.5
1994,ind,-346.899
1995,ind,-304.20099999999996
1996,ind,-310.204
1997,ind,-589.521
1998,ind,-923.4939999999999
1999,ind,-744.1060000000001
2000,ind,-674.8810000000001
2001,ind,-1250.7939999999999
2002,ind,-1265.38
2003,ind,-1557.46
2004,ind,-1088.195
2005,ind,-830.58
2006,ind,-566.26
2007,ind,178.46099999999998
2008,ind,-2983.3509999999997
2009,ind,-3356.656
2010,ind,-3258.66
2011,ind,-3376.1679999999997
2012,ind,-3095.0820000000003
2013,ind,-2967.8379999999997
2014,ind,-3269.248
2015,ind,-3108.5879999999997
2016,ind,-3895.8740000000003
2017,ind,-4181.569
2018,ind,-4621.342000000001
2019,ind,-5007.037
2020,ind,-5573.069
1993,idn,3811.8
1994,idn,6367.4
1995,idn,10134.9
1996,idn,12772.6
1997,idn,3422.719
1998,idn,10307.96
1999,idn,30067.0
2000,idn,21820.006
2001,idn,55569.602999999996
2002,idn,76209.025
2003,idn,41768.281
2004,idn,55988.126
2005,idn,77979.32400000001
2006,idn,92611.088
2007,idn,39105.08
2008,idn,91359.94099999999
2009,idn,-5051.875
2010,idn,3117.2490000000003
2011,idn,46573.465
2012,idn,-36168.609
2013,idn,-77108.467
2014,idn,-94100.0
2015,idn,-115887.492
2016,idn,-96810.306
2017,idn,-82405.859
2018,idn,-64757.931
2019,idn,-70729.636
2020,idn,-65203.758
2002,irn,5764.378000000001
2003,irn,16193.819
2004,irn,56286.71599999999
2005,irn,56483.885
2006,irn,47620.788
2007,irn,214230.09
2008,irn,25071.237999999998
2009,irn,32708.865
2010,irn,130898.77
2011,irn,19974.319
2012,irn,-17312.252
2013,irn,-80089.23599999999
2014,irn,-140066.47
2015,irn,-295185.469
2016,irn,-328551.096
2017,irn,-417700.28799999994
2018,irn,-539770.902
2019,irn,-647967.236
2020,irn,-778092.941
2004,irq,-18582.977
2005,irq,2882.3259999999996
2006,irq,10246.360999999999
2007,irq,8186.382
2008,irq,-1540.368
2009,irq,-16389.119
2010,irq,-5984.138000000001
2011,irq,11868.767
2012,irq,11330.08
2013,irq,-14839.473
2014,irq,-6949.179
2015,irq,-18128.675
2016,irq,-11778.965
2017,irq,4985.802
2018,irq,8720.116
2019,irq,8470.416
2020,irq,13849.585
1980,irl,-0.589
1981,irl,-0.7040000000000001
1982,irl,-0.716
1983,irl,-0.405
1984,irl,-0.11900000000000001
1985,irl,-0.251
1986,irl,-0.371
1987,irl,0.201
1988,irl,1.227
1989,irl,1.7619999999999998
1990,irl,1.909
1991,irl,1.85
1992,irl,1.746
1993,irl,1.6969999999999998
1994,irl,1.942
1995,irl,1.5730000000000002
1996,irl,2.459
1997,irl,3.661
1998,irl,4.306
1999,irl,4.4110000000000005
2000,irl,6.936
2001,irl,2.443
2002,irl,1.073
2003,irl,2.105
2004,irl,3.648
2005,irl,4.1160000000000005
2006,irl,6.516
2007,irl,1.665
2008,irl,-11.856
2009,irl,-20.926
2010,irl,-49.398999999999994
2011,irl,-16.62
2012,irl,-7.579
2013,irl,-3.3169999999999997
2014,irl,-0.598
2015,irl,1.234
2016,irl,2.947
2017,irl,5.067
2018,irl,6.284
2019,irl,6.619
2020,irl,6.669
2000,isr,15.787
2001,isr,2.189
2002,isr,-5.2139999999999995
2003,isr,-5.847
2004,isr,3.925
2005,isr,9.926
2006,isr,19.804000000000002
2007,isr,25.068
2008,isr,6.131
2009,isr,-18.255
2010,isr,-6.087000000000001
2011,isr,-2.207
2012,isr,-14.14
2013,isr,-5.6579999999999995
2014,isr,-1.122
2015,isr,-0.927
2016,isr,-0.736
2017,isr,7.327000000000001
2018,isr,15.492
2019,isr,23.046999999999997
2020,isr,27.680999999999997
1988,ita,-12.761
1989,ita,-10.686
1990,ita,-5.67
1991,ita,3.3789999999999996
1992,ita,16.459
1993,ita,22.712
1994,ita,18.037
1995,ita,36.77
1996,ita,39.718
1997,ita,61.5
1998,ita,54.097
1999,ita,51.159
2000,ita,57.265
2001,ita,31.829
2002,ita,29.886
2003,ita,19.289
2004,ita,13.503
2005,ita,2.9930000000000003
2006,ita,9.876
2007,ita,47.928000000000004
2008,ita,32.274
2009,ita,-17.629
2010,ita,-3.842
2011,ita,14.077
2012,ita,30.241
2013,ita,29.031
2014,ita,24.212
2015,ita,22.879
2016,ita,33.269
2017,ita,39.226
2018,ita,46.214
2019,ita,54.196999999999996
2020,ita,60.88399999999999
1990,jam,3.733
1991,jam,6.1979999999999995
1992,jam,10.044
1993,jam,13.493
1994,jam,19.809
1995,jam,21.776999999999997
1996,jam,12.314
1997,jam,4.601
1998,jam,15.418
1999,jam,29.209
2000,jam,39.748000000000005
2001,jam,29.807
2002,jam,29.454
2003,jam,59.79600000000001
2004,jam,65.505
2005,jam,70.68
2006,jam,57.427
2007,jam,72.012
2008,jam,49.983999999999995
2009,jam,67.45100000000001
2010,jam,54.145
2011,jam,39.97
2012,jam,72.327
2013,jam,111.65899999999999
2014,jam,121.335
2015,jam,126.509
2016,jam,139.011
2017,jam,142.46200000000002
2018,jam,156.185
2019,jam,170.42700000000002
2020,jam,185.53
1980,jpn,-9002.756
1981,jpn,-7802.159000000001
1982,jpn,-7200.706999999999
1983,jpn,-6866.438
1984,jpn,-2549.51
1985,jpn,1635.5439999999999
1986,jpn,1517.8529999999998
1987,jpn,5043.3
1988,jpn,7907.28
1989,jpn,10592.097
1990,jpn,12802.792
1991,jpn,12563.858
1992,jpn,7695.776999999999
1993,jpn,-7265.142
1994,jpn,-13970.5
1995,jpn,-18319.8
1996,jpn,-19549.5
1997,jpn,-14099.5
1998,jpn,-18408.9
1999,jpn,-29577.2
2000,jpn,-33555.1
2001,jpn,-26193.7
2002,jpn,-34961.9
2003,jpn,-35865.4
2004,jpn,-27739.9
2005,jpn,-23828.7
2006,jpn,-18998.7
2007,jpn,-10829.5
2008,jpn,-19263.4
2009,jpn,-46666.9
2010,jpn,-41683.2
2011,jpn,-42460.5
2012,jpn,-37406.8
2013,jpn,-37465.1
2014,jpn,-34395.16
2015,jpn,-28327.757
2016,jpn,-22502.172000000002
2017,jpn,-19344.965
2018,jpn,-16676.95
2019,jpn,-17199.605
2020,jpn,-17881.039
1985,jor,-0.075
1986,jor,0.023
1987,jor,-0.21899999999999997
1988,jor,-0.166
1989,jor,0.043
1990,jor,0.049
1991,jor,-0.021
1992,jor,0.369
1993,jor,0.145
1994,jor,0.11599999999999999
1995,jor,0.152
1996,jor,0.055999999999999994
1997,jor,0.064
1998,jor,-0.075
1999,jor,0.096
2000,jor,0.069
2001,jor,0.066
2002,jor,-0.045
2003,jor,0.102
2004,jor,0.121
2005,jor,-0.249
2006,jor,-0.129
2007,jor,-0.22
2008,jor,-0.307
2009,jor,-1.062
2010,jor,-0.66
2011,jor,-0.972
2012,jor,-1.305
2013,jor,-2.009
2014,jor,-1.6340000000000001
2015,jor,0.193
2016,jor,0.599
2017,jor,0.7509999999999999
2018,jor,0.904
2019,jor,0.897
2020,jor,0.847
2002,kaz,84.055
2003,kaz,170.13299999999998
2004,kaz,119.152
2005,kaz,415.47
2006,kaz,735.018
2007,kaz,537.502
2008,kaz,247.22299999999998
2009,kaz,-240.918
2010,kaz,396.14
2011,kaz,1612.0520000000001
2012,kaz,1173.265
2013,kaz,1590.537
2014,kaz,547.7769999999999
2015,kaz,-1394.691
2016,kaz,-950.3910000000001
2017,kaz,-280.14799999999997
2018,kaz,-301.913
2019,kaz,74.235
2020,kaz,239.30200000000002
1982,ken,-1.465
1983,ken,-0.10400000000000001
1984,ken,-0.679
1985,ken,-1.253
1986,ken,-1.121
1987,ken,0.976
1988,ken,2.955
1989,ken,2.0340000000000003
1990,ken,-0.086
1991,ken,-13.770999999999999
1992,ken,-17.002
1993,ken,-13.937000000000001
1994,ken,9.074
1995,ken,33.168
1996,ken,31.873
1997,ken,19.753
1998,ken,34.881
1999,ken,47.486000000000004
2000,ken,23.296999999999997
2001,ken,7.482
2002,ken,-3.157
2003,ken,4.218999999999999
2004,ken,20.81
2005,ken,3.1210000000000004
2006,ken,-8.861
2007,ken,-16.957
2008,ken,-43.464
2009,ken,-76.532
2010,ken,-79.672
2011,ken,-82.29700000000001
2012,ken,-122.89299999999999
2013,ken,-156.43
2014,ken,-239.685
2015,ken,-327.128
2016,ken,-278.315
2017,ken,-200.047
2018,ken,-185.78099999999998
2019,ken,-169.253
2020,ken,-133.893
1990,kir,-0.004
1991,kir,-0.006
1992,kir,-0.003
1994,kir,-0.001
1995,kir,-0.006
1996,kir,-0.023
1997,kir,0.005
1998,kir,0.013999999999999999
1999,kir,-0.005
2000,kir,-0.001
2001,kir,-0.016
2003,kir,-0.017
2004,kir,-0.032
2005,kir,-0.021
2006,kir,-0.022000000000000002
2007,kir,-0.024
2008,kir,-0.031
2009,kir,-0.019
2010,kir,-0.021
2011,kir,-0.039
2012,kir,-0.016
2013,kir,0.017
2014,kir,0.034
2015,kir,-0.031
2016,kir,-0.015
2017,kir,-0.004
2018,kir,-0.001
2019,kir,0.002
2020,kir,0.005
1995,kor,11710.0
1996,kor,13636.0
1997,kor,15233.0
1998,kor,9471.521
1999,kor,12905.618999999999
2000,kor,33276.879
2001,kor,24928.882999999998
2002,kor,33103.248999999996
2003,kor,19693.387
2004,kor,9523.502
2005,kor,17974.6
2006,kor,22533.5
2007,kor,14986.874
2008,kor,12741.903999999999
2009,kor,-7528.5380000000005
2010,kor,10126.568000000001
2011,kor,12646.389
2012,kor,10423.077
2013,kor,-2841.947
2014,kor,-6392.516
2015,kor,-3718.195
2016,kor,3417.8740000000003
2017,kor,13588.136
2018,kor,18873.298
2019,kor,24945.988999999998
2020,kor,37308.992999999995
1990,kwt,-3.09
1991,kwt,-5.848
1992,kwt,-3.517
1993,kwt,-1.453
1994,kwt,-1.002
1995,kwt,-0.764
1996,kwt,0.028999999999999998
1997,kwt,0.165
1998,kwt,-0.823
1999,kwt,-0.043
2000,kwt,1.819
2001,kwt,1.518
2002,kwt,1.175
2003,kwt,1.439
2004,kwt,2.407
2005,kwt,5.856
2006,kwt,5.653
2007,kwt,8.317
2008,kwt,4.396
2009,kwt,5.516
2010,kwt,5.577999999999999
2011,kwt,11.258
2012,kwt,13.405999999999999
2013,kwt,12.98
2014,kwt,7.456
2015,kwt,-3.1910000000000003
2016,kwt,-1.217
2017,kwt,-0.9359999999999999
2018,kwt,-1.2329999999999999
2019,kwt,-1.76
2020,kwt,-2.458
2000,kgz,-5.569
2001,kgz,-3.758
2002,kgz,-3.233
2003,kgz,-3.0660000000000003
2004,kgz,-3.339
2005,kgz,-2.286
2006,kgz,-2.085
2007,kgz,0.013000000000000001
2008,kgz,3.225
2009,kgz,-0.622
2010,kgz,-11.071
2011,kgz,-10.314
2012,kgz,-14.636
2013,kgz,-10.155
2014,kgz,4.398
2015,kgz,-14.913
2016,kgz,-18.291
2017,kgz,-14.937999999999999
2018,kgz,-4.5169999999999995
2019,kgz,3.5389999999999997
2020,kgz,0.222
2000,lao,-533.569
2001,lao,-905.4639999999999
2002,lao,-318.657
2003,lao,-1287.378
2004,lao,-435.93199999999996
2005,lao,-965.8639999999999
2006,lao,-756.966
2007,lao,-847.5139999999999
2008,lao,-378.251
2009,lao,-1788.7020000000002
2010,lao,-1482.9979999999998
2011,lao,-749.0010000000001
2012,lao,132.632
2013,lao,-3608.7909999999997
2014,lao,-2746.2209999999995
2015,lao,-3507.3579999999997
2016,lao,-5029.015
2017,lao,-5088.72
2018,lao,-5624.185
2019,lao,-6517.8
2020,lao,-6615.61
1998,lva,0.002
1999,lva,-0.174
2000,lva,-0.106
2001,lva,-0.08
2002,lva,-0.14400000000000002
2003,lva,-0.121
2004,lva,-0.047
2005,lva,-0.075
2006,lva,-0.01
2007,lva,0.183
2008,lva,-1.702
2009,lva,-1.337
2010,lva,-1.145
2011,lva,-0.45399999999999996
2012,lva,0.298
2013,lva,0.009000000000000001
2014,lva,-0.094
2015,lva,-0.023
2016,lva,-0.005
2017,lva,-0.201
2018,lva,0.207
2019,lva,0.18
2020,lva,0.158
1995,lbn,-551.22
1996,lbn,-2522.288
1997,lbn,-2389.311
1998,lbn,-1114.732
1999,lbn,-704.201
2000,lbn,-1945.66
2001,lbn,-1190.984
2002,lbn,115.339
2003,lbn,839.45
2004,lbn,785.172
2005,lbn,631.813
2006,lbn,871.058
2007,lbn,641.342
2008,lbn,652.464
2009,lbn,1477.682
2010,lbn,1578.082
2011,lbn,2086.7329999999997
2012,lbn,-131.692
2013,lbn,-515.457
2014,lbn,987.803
2015,lbn,-337.705
2016,lbn,742.1619999999999
2017,lbn,1171.255
2018,lbn,1238.8039999999999
2019,lbn,1241.627
2020,lbn,1395.517
1982,lso,-0.025
1983,lso,-0.006
1984,lso,0.006
1985,lso,-0.023
1986,lso,-0.033
1987,lso,-0.084
1988,lso,-0.084
1989,lso,0.001
1990,lso,0.086
1991,lso,0.111
1992,lso,0.166
1993,lso,0.25
1994,lso,0.28
1995,lso,0.305
1996,lso,0.345
1997,lso,0.316
1998,lso,0.17600000000000002
1999,lso,-0.308
2000,lso,0.053
2001,lso,-0.083
2002,lso,-0.006
2003,lso,0.21600000000000003
2004,lso,0.754
2005,lso,0.599
2006,lso,1.706
2007,lso,1.556
2008,lso,1.29
2009,lso,-0.47100000000000003
2010,lso,-0.7340000000000001
2011,lso,-1.81
2012,lso,1.155
2013,lso,-0.38299999999999995
2014,lso,-0.303
2015,lso,-0.098
2016,lso,-3.28
2017,lso,-2.978
2018,lso,-3.347
2019,lso,-3.56
2020,lso,-2.9010000000000002
2000,lbr,0.008
2001,lbr,0.001
2002,lbr,-0.001
2003,lbr,0.01
2004,lbr,0.002
2005,lbr,0.001
2006,lbr,0.037000000000000005
2007,lbr,0.032
2008,lbr,-0.011000000000000001
2009,lbr,0.005
2010,lbr,0.038
2011,lbr,-0.043
2012,lbr,-0.027000000000000003
2013,lbr,-0.08199999999999999
2014,lbr,-0.083
2015,lbr,-0.185
2016,lbr,-0.165
2017,lbr,-0.12300000000000001
2018,lbr,-0.114
2019,lbr,-0.107
2020,lbr,-0.075
1990,lby,0.41600000000000004
1991,lby,0.9420000000000001
1992,lby,0.127
1993,lby,-0.473
1994,lby,-0.175
1995,lby,0.5589999999999999
1996,lby,1.63
1997,lby,-0.18
1998,lby,-0.218
1999,lby,1.103
2000,lby,2.759
2001,lby,0.08900000000000001
2002,lby,1.8769999999999998
2003,lby,2.1390000000000002
2004,lby,5.027
2005,lby,19.419
2006,lby,22.964000000000002
2007,lby,24.364
2008,lby,29.364
2009,lby,-4.162
2010,lby,10.952
2011,lby,-6.752000000000001
2012,lby,28.736
2013,lby,-3.3710000000000004
2014,lby,-22.783
2015,lby,-31.945999999999998
2016,lby,-25.403000000000002
2017,lby,-12.581
2018,lby,-12.970999999999998
2019,lby,-9.677
2020,lby,-12.892000000000001
2000,ltu,-0.384
2001,ltu,-0.365
2002,ltu,-0.134
2003,ltu,-0.057999999999999996
2004,ltu,-0.14300000000000002
2005,ltu,0.027999999999999997
2006,ltu,0.027999999999999997
2007,ltu,-0.15
2008,ltu,-0.905
2009,ltu,-2.211
2010,ltu,-1.466
2011,ltu,-2.258
2012,ltu,-0.402
2013,ltu,-0.305
2014,ltu,0.32299999999999995
2015,ltu,0.08900000000000001
2016,ltu,-0.01
2017,ltu,0.027999999999999997
2018,ltu,0.102
2019,ltu,0.146
2020,ltu,0.252
1995,lux,0.171
1996,lux,0.031
1997,lux,0.461
1998,lux,0.439
1999,lux,0.5479999999999999
2000,lux,1.037
2001,lux,1.083
2002,lux,0.28300000000000003
2003,lux,-0.09300000000000001
2004,lux,-0.504
2005,lux,-0.16699999999999998
2006,lux,0.196
2007,lux,1.121
2008,lux,0.745
2009,lux,-0.374
2010,lux,-0.358
2011,lux,0.009000000000000001
2012,lux,-0.063
2013,lux,0.217
2014,lux,0.147
2015,lux,-0.3
2016,lux,0.065
2017,lux,0.063
2018,lux,0.19399999999999998
2019,lux,0.21
2020,lux,0.313
1997,mkd,3.3169999999999997
1998,mkd,0.364
1999,mkd,3.228
2000,mkd,10.066
2001,mkd,-10.487
2002,mkd,-9.975
2003,mkd,2.546
2004,mkd,3.465
2005,mkd,3.2689999999999997
2006,mkd,1.4369999999999998
2007,mkd,5.0680000000000005
2008,mkd,-1.228
2009,mkd,-8.45
2010,mkd,-7.367999999999999
2011,mkd,-8.012
2012,mkd,-13.550999999999998
2013,mkd,-14.647
2014,mkd,-17.044
2015,mkd,-14.981
2016,mkd,-13.3
2017,mkd,-11.558
2018,mkd,-11.575999999999999
2019,mkd,-12.352
2020,mkd,-13.103
1980,mdg,-23.671999999999997
1981,mdg,-24.66
1982,mdg,-21.364
1983,mdg,-21.605
1984,mdg,-23.23
1985,mdg,-7.019
1986,mdg,-7.723
1987,mdg,-7.79
1988,mdg,6.291
1989,mdg,-21.195999999999998
1990,mdg,8.32
1991,mdg,-33.088
1992,mdg,-31.445999999999998
1993,mdg,-47.788000000000004
1994,mdg,-59.332
1995,mdg,-30.294
1996,mdg,-8.119
1997,mdg,23.248
1998,mdg,-145.314
1999,mdg,-31.596999999999998
2000,mdg,-24.949
2001,mdg,-140.634
2002,mdg,-167.33599999999998
2003,mdg,-112.046
2004,mdg,-161.129
2005,mdg,-23.844
2006,mdg,230.636
2007,mdg,-213.015
2008,mdg,-188.40200000000002
2009,mdg,-297.26
2010,mdg,-10.692
2011,mdg,-307.66900000000004
2012,mdg,-413.601
2013,mdg,-774.4010000000001
2014,mdg,-382.83099999999996
2015,mdg,-817.688
2016,mdg,-797.613
2017,mdg,-960.38
2018,mdg,-990.1010000000001
2019,mdg,-1045.552
2020,mdg,-1089.256
2002,mwi,-10.772
2003,mwi,3.114
2004,mwi,4.077
2005,mwi,10.69
2006,mwi,21.691999999999997
2007,mwi,-3.8139999999999996
2008,mwi,-11.431
2009,mwi,-9.979
2010,mwi,41.056000000000004
2011,mwi,-17.162
2012,mwi,-4.078
2013,mwi,-38.07
2014,mwi,18.44
2015,mwi,15.947000000000001
2016,mwi,83.555
2017,mwi,84.2
2018,mwi,40.169000000000004
2019,mwi,72.08
2020,mwi,69.631
1990,mys,0.451
1991,mys,3.859
1992,mys,2.695
1993,mys,6.987
1994,mys,10.327
1995,mys,8.994
1996,mys,10.311
1997,mys,16.009
1998,mys,3.2539999999999996
1999,mys,-4.771
2000,mys,-17.704
2001,mys,-11.254000000000001
2002,mys,-9.82
2003,mys,-20.52
2004,mys,-15.071
2005,mys,-8.199
2006,mys,-10.267999999999999
2007,mys,-13.052
2008,mys,-16.474
2009,mys,-36.525999999999996
2010,mys,-24.186999999999998
2011,mys,-18.355
2012,mys,-19.313
2013,mys,-24.647
2014,mys,-17.791
2015,mys,-16.627
2016,mys,-8.794
2017,mys,-10.265999999999998
2018,mys,-5.529
2019,mys,-3.045
2020,mys,-0.26899999999999996
1990,mdv,-0.26899999999999996
1991,mdv,-0.254
1992,mdv,-0.386
1993,mdv,-0.496
1994,mdv,-0.18600000000000003
1995,mdv,-0.324
1996,mdv,-0.111
1997,mdv,-0.157
1998,mdv,-0.198
1999,mdv,-0.262
2000,mdv,-0.34600000000000003
2001,mdv,-0.35200000000000004
2002,mdv,-0.377
2003,mdv,-0.429
2004,mdv,-0.287
2005,mdv,-1.093
2006,mdv,-0.79
2007,mdv,-0.6779999999999999
2008,mdv,-2.733
2009,mdv,-4.851
2010,mdv,-3.8510000000000004
2011,mdv,-2.105
2012,mdv,-2.0269999999999997
2013,mdv,-2.381
2014,mdv,-3.425
2015,mdv,-1.845
2016,mdv,-1.345
2017,mdv,-1.383
2018,mdv,-1.452
2019,mdv,-1.4709999999999999
2020,mdv,-1.56
2000,mli,-39.58
2001,mli,-56.492
2002,mli,-65.506
2003,mli,-13.674000000000001
2004,mli,-50.665
2005,mli,-72.796
2006,mli,1017.865
2007,mli,-94.809
2008,mli,-72.64
2009,mli,-163.156
2010,mli,-114.60700000000001
2011,mli,-173.37099999999998
2012,mli,-27.878
2013,mli,-123.757
2014,mli,-199.145
2015,mli,-256.198
2016,mli,-250.778
2017,mli,-246.78
2018,mli,-233.398
2019,mli,-211.31
2020,mli,-230.80200000000002
2000,mlt,-0.063
2001,mlt,-0.109
2002,mlt,-0.07200000000000001
2003,mlt,-0.266
2004,mlt,-0.034
2005,mlt,0.055999999999999994
2006,mlt,0.059000000000000004
2007,mlt,0.07
2008,mlt,-0.053
2009,mlt,-0.004
2010,mlt,-0.015
2011,mlt,0.036000000000000004
2012,mlt,-0.047
2013,mlt,0.018000000000000002
2014,mlt,0.06
2015,mlt,0.096
2016,mlt,0.115
2017,mlt,0.133
2018,mlt,0.154
2019,mlt,0.182
2020,mlt,0.212
1995,mhl,-0.015
1996,mhl,0.025
1997,mhl,0.015
1998,mhl,0.021
1999,mhl,0.015
2000,mhl,0.011000000000000001
2001,mhl,0.011000000000000001
2002,mhl,0.006999999999999999
2003,mhl,0.015
2004,mhl,-0.001
2005,mhl,-0.03
2006,mhl,0.001
2007,mhl,0.001
2008,mhl,0.006999999999999999
2009,mhl,0.003
2010,mhl,0.006999999999999999
2011,mhl,0.005
2013,mhl,0.003
2014,mhl,0.004
2015,mhl,0.006
2016,mhl,0.006
2019,mhl,-0.001
2020,mhl,-0.002
2004,mrt,-7.228
2005,mrt,-8.526
2006,mrt,37.05
2007,mrt,-4.123
2008,mrt,-24.728
2009,mrt,-13.344000000000001
2010,mrt,8.038
2011,mrt,14.865
2012,mrt,48.27
2013,mrt,1.597
2014,mrt,-39.289
2015,mrt,-4.908
2016,mrt,-6.095
2017,mrt,-9.683
2018,mrt,-18.262
2019,mrt,2.533
2020,mrt,19.403
2000,mus,-1.006
2001,mus,-2.8289999999999997
2002,mus,-2.489
2003,mus,-1.7830000000000001
2004,mus,-1.4269999999999998
2005,mus,-1.7269999999999999
2006,mus,-1.2409999999999999
2007,mus,1.7930000000000001
2008,mus,3.012
2009,mus,0.595
2010,mus,0.29
2011,mus,-1.093
2012,mus,3.4019999999999997
2013,mus,-3.615
2014,mus,-3.26
2015,mus,-2.563
2016,mus,-1.834
2017,mus,-1.426
2018,mus,-0.9440000000000001
2019,mus,-1.5730000000000002
2020,mus,-0.424
1990,mex,42.714
1991,mex,39.626
1992,mex,45.36
1993,mex,35.693000000000005
1994,mex,22.345
1995,mex,61.553999999999995
1996,mex,77.327
1997,mex,67.456
1998,mex,4.706
1999,mex,41.586999999999996
2000,mex,67.303
2001,mex,67.518
2002,mex,-6.33
2003,mex,58.11
2004,mex,142.425
2005,mex,154.124
2006,mex,185.24599999999998
2007,mex,166.835
2008,mex,188.158
2009,mex,-288.483
2010,mex,-230.549
2011,mex,-138.41
2012,mex,-178.54
2013,mex,-211.239
2014,mex,-334.024
2015,mex,-247.935
2016,mex,-123.927
2017,mex,5.1
2018,mex,132.485
2019,mex,154.58100000000002
2020,mex,174.69799999999998
1995,fsm,0.006
1996,fsm,0.011000000000000001
1997,fsm,0.01
1998,fsm,-0.004
1999,fsm,-0.009000000000000001
2000,fsm,-0.006
2001,fsm,-0.013000000000000001
2002,fsm,0.017
2003,fsm,0.006
2004,fsm,-0.036000000000000004
2005,fsm,-0.013000000000000001
2006,fsm,-0.013000000000000001
2007,fsm,-0.009000000000000001
2008,fsm,-0.003
2009,fsm,0.006
2010,fsm,0.002
2011,fsm,-0.001
2012,fsm,0.004
2013,fsm,0.01
2014,fsm,0.040999999999999995
2015,fsm,0.01
2016,fsm,0.015
2017,fsm,0.013999999999999999
2018,fsm,0.012
2019,fsm,0.011000000000000001
2020,fsm,0.009000000000000001
1995,mda,0.027000000000000003
1996,mda,-0.19899999999999998
1997,mda,-0.32
1998,mda,0.252
1999,mda,0.47100000000000003
2000,mda,0.473
2001,mda,0.7490000000000001
2002,mda,0.298
2003,mda,0.762
2004,mda,0.8590000000000001
2005,mda,1.052
2006,mda,0.302
2007,mda,0.772
2008,mda,0.138
2009,mda,-2.995
2010,mda,-1.235
2011,mda,-1.29
2012,mda,-1.203
2013,mda,-1.238
2014,mda,-1.355
2015,mda,-4.115
2016,mda,-5.773
2017,mda,-6.587999999999999
2018,mda,-6.117999999999999
2019,mda,-5.968
2020,mda,-7.227
1991,mng,-1.4869999999999999
1992,mng,-4.98
1993,mng,-24.131999999999998
1994,mng,-27.373
1995,mng,-30.564
1996,mng,-46.896
1997,mng,-54.335
1998,mng,-105.546
1999,mng,-95.55799999999999
2000,mng,-53.063
2001,mng,-43.718
2002,mng,-53.85
2003,mng,-44.233000000000004
2004,mng,-16.146
2005,mng,93.944
2006,mng,323.567
2007,mng,149.363
2008,mng,-276.455
2009,mng,-313.012
2010,mng,83.835
2011,mng,-491.449
2012,mng,-1391.11
2013,mng,-1434.537
2014,mng,-1896.503
2015,mng,-1679.296
2016,mng,-1170.133
2017,mng,-1012.2589999999999
2018,mng,-52.437
2019,mng,131.219
2020,mng,22.502
2002,mne,-0.006
2003,mne,-0.046
2004,mne,-0.015
2005,mne,-0.005
2006,mne,0.092
2007,mne,0.198
2008,mne,-0.075
2009,mne,-0.134
2010,mne,-0.111
2011,mne,-0.121
2012,mne,-0.126
2013,mne,-0.037000000000000005
2014,mne,0.054000000000000006
2015,mne,-0.105
2016,mne,-0.17600000000000002
2017,mne,-0.141
2018,mne,0.040999999999999995
2019,mne,0.12
2020,mne,0.125
1990,mar,9.635
1991,mar,10.581
1992,mar,7.782
1993,mar,8.347000000000001
1994,mar,6.912999999999999
1995,mar,7.622999999999999
1996,mar,20.816999999999997
1997,mar,23.225
1998,mar,24.233
1999,mar,31.746
2000,mar,9.902000000000001
2001,mar,0.461
2002,mar,-5.103
2003,mar,-3.1630000000000003
2004,mar,-1.689
2005,mar,-15.380999999999998
2006,mar,6.71
2007,mar,18.34
2008,mar,23.039
2009,mar,4.247
2010,mar,-15.844000000000001
2011,mar,-35.678000000000004
2012,mar,-40.755
2013,mar,-23.322
2014,mar,-20.083
2015,mar,-15.572000000000001
2016,mar,-7.336
2017,mar,-2.633
2018,mar,-0.7390000000000001
2019,mar,1.712
2020,mar,2.717
1980,moz,-0.002
1981,moz,-0.009000000000000001
1982,moz,-0.005
1983,moz,-0.021
1984,moz,-0.019
1985,moz,-0.019
1986,moz,-0.025
1987,moz,-0.042
1988,moz,-0.057
1989,moz,-0.043
1990,moz,-0.10099999999999999
1991,moz,-0.065
1992,moz,-0.017
1993,moz,-0.084
1994,moz,-0.564
1995,moz,-0.335
1996,moz,-0.47100000000000003
1997,moz,-0.488
1998,moz,-0.24600000000000002
1999,moz,0.07200000000000001
2000,moz,-1.028
2001,moz,-4.71
2002,moz,-3.467
2003,moz,-2.8080000000000003
2004,moz,-4.357
2005,moz,-2.9619999999999997
2006,moz,-5.9479999999999995
2007,moz,-4.845
2008,moz,-4.692
2009,moz,-13.306
2010,moz,-10.882
2011,moz,-14.843
2012,moz,-12.209000000000001
2013,moz,-8.672
2014,moz,-38.484
2015,moz,-31.112
2016,moz,-30.342
2017,moz,-29.948
2018,moz,-28.016
2019,moz,-26.726999999999997
2020,moz,-26.005
1998,mmr,-78.998
1999,mmr,-77.608
2000,mmr,-185.953
2001,mmr,-169.43
2002,mmr,-153.055
2003,mmr,-355.14099999999996
2004,mmr,-346.601
2005,mmr,-307.655
2006,mmr,-589.896
2007,mmr,-728.582
2008,mmr,-591.569
2009,mmr,-1458.261
2010,mmr,-1810.531
2011,mmr,-1530.806
2012,mmr,-209.465
2013,mmr,-230.757
2014,mmr,-1685.277
2015,mmr,-3276.4390000000003
2016,mmr,-4287.23
2017,mmr,-4824.959
2018,mmr,-5135.678
2019,mmr,-5691.941
2020,mmr,-6350.1230000000005
1990,nam,0.11
1991,nam,-0.11900000000000001
1992,nam,-0.237
1993,nam,-0.244
1994,nam,0.01
1995,nam,-0.139
1996,nam,-0.435
1997,nam,-0.162
1998,nam,-0.171
1999,nam,0.005
2000,nam,0.226
2001,nam,-0.158
2002,nam,0.138
2003,nam,-0.946
2004,nam,-0.305
2005,nam,0.8290000000000001
2006,nam,2.8339999999999996
2007,nam,4.8660000000000005
2008,nam,3.509
2009,nam,0.703
2010,nam,-2.9010000000000002
2011,nam,-5.2410000000000005
2012,nam,0.031
2013,nam,-3.696
2014,nam,-5.242000000000001
2015,nam,-4.939
2016,nam,-8.802999999999999
2017,nam,-9.629
2018,nam,-5.4510000000000005
2019,nam,-4.47
2020,nam,-4.988
2000,npl,-3.7460000000000004
2001,npl,-8.708
2002,npl,-8.425
2003,npl,3.765
2004,npl,3.9819999999999998
2005,npl,6.335
2006,npl,6.13
2007,npl,-0.5489999999999999
2008,npl,2.261
2009,npl,-18.399
2010,npl,0.287
2011,npl,-1.84
2012,npl,3.7680000000000002
2013,npl,47.876999999999995
2014,npl,53.648999999999994
2015,npl,46.731
2016,npl,33.556999999999995
2017,npl,27.271
2018,npl,25.906999999999996
2019,npl,18.182000000000002
2020,npl,18.658
1995,nld,-14.595999999999998
1996,nld,8.013
1997,nld,9.996
1998,nld,11.22
1999,nld,14.719000000000001
2000,nld,20.027
2001,nld,8.634
2002,nld,-0.5670000000000001
2003,nld,-6.167000000000001
2004,nld,0.152
2005,nld,7.565
2006,nld,9.52
2007,nld,9.807
2008,nld,10.831
2009,nld,-24.535999999999998
2010,nld,-24.081999999999997
2011,nld,-19.975
2012,nld,-18.175
2013,nld,-8.27
2014,nld,-8.743
2015,nld,-4.3389999999999995
2016,nld,1.087
2017,nld,2.56
2018,nld,2.479
2019,nld,2.653
2020,nld,2.81
1985,nzl,-1.193
1986,nzl,-0.8590000000000001
1987,nzl,0.14300000000000002
1988,nzl,1.294
1989,nzl,1.4269999999999998
1990,nzl,1.3869999999999998
1991,nzl,-0.499
1992,nzl,-0.428
1993,nzl,2.804
1994,nzl,5.447
1995,nzl,6.972
1996,nzl,5.808
1997,nzl,4.189
1998,nzl,2.306
1999,nzl,1.436
2000,nzl,2.7239999999999998
2001,nzl,2.99
2002,nzl,4.351
2003,nzl,5.819
2004,nzl,7.1129999999999995
2005,nzl,7.641
2006,nzl,6.598
2007,nzl,5.6770000000000005
2008,nzl,2.22
2009,nzl,-3.7910000000000004
2010,nzl,-10.749
2011,nzl,-9.808
2012,nzl,-2.917
2013,nzl,-1.7269999999999999
2014,nzl,-1.415
2015,nzl,-0.228
2016,nzl,0.867
2017,nzl,2.254
2018,nzl,3.1010000000000004
2019,nzl,3.1180000000000003
2020,nzl,3.11
2000,nic,-0.295
2001,nic,-1.013
2002,nic,0.804
2003,nic,1.089
2004,nic,0.39299999999999996
2005,nic,0.6459999999999999
2006,nic,2.334
2007,nic,2.496
2008,nic,-0.307
2009,nic,-2.053
2010,nic,0.41200000000000003
2011,nic,1.111
2012,nic,1.663
2013,nic,-0.278
2014,nic,-1.7990000000000002
2015,nic,-1.0290000000000001
2016,nic,-0.312
2017,nic,-0.517
2018,nic,-1.145
2019,nic,-1.6780000000000002
2020,nic,-2.384
1995,ner,-19.997
1996,ner,10.155
1997,ner,-18.137999999999998
1998,ner,-15.722000000000001
1999,ner,-48.056999999999995
2000,ner,-26.27
2001,ner,-21.516
2002,ner,-20.01
2003,ner,-25.108
2004,ner,-45.37
2005,ner,-25.267
2006,ner,774.112
2007,ner,-13.360999999999999
2008,ner,41.565
2009,ner,-129.614
2010,ner,-62.343
2011,ner,-34.522
2012,ner,-28.75
2013,ner,-85.465
2014,ner,-207.41400000000002
2015,ner,-304.744
2016,ner,-204.993
2017,ner,-142.149
2018,ner,-145.023
2019,ner,-123.98200000000001
2020,ner,-116.40100000000001
2000,nga,560.298
2001,nga,64.557
2002,nga,365.194
2003,nga,253.69099999999997
2004,nga,1189.513
2005,nga,1508.86
2006,nga,2686.12
2007,nga,-144.039
2008,nga,2480.928
2009,nga,-2085.987
2010,nga,-1990.743
2011,nga,797.6260000000001
2012,nga,897.34
2013,nga,-1079.234
2014,nga,-1181.643
2015,nga,-906.441
2016,nga,-663.048
2017,nga,-988.6110000000001
2018,nga,-1142.39
2019,nga,-1034.015
2020,nga,-1229.547
1980,nor,16.35
1981,nor,15.269
1982,nor,12.083
1983,nor,22.335
1984,nor,25.899
1985,nor,43.706
1986,nor,17.737000000000002
1987,nor,7.585
1988,nor,-7.195
1989,nor,-12.958
1990,nor,-10.904000000000002
1991,nor,-28.94
1992,nor,-43.023
1993,nor,-37.601
1994,nor,-18.546
1995,nor,10.713
1996,nor,46.468999999999994
1997,nor,68.214
1998,nor,20.631999999999998
1999,nor,51.722
2000,nor,201.701
2001,nor,175.35299999999998
2002,nor,108.691
2003,nor,86.34899999999999
2004,nor,159.998
2005,nor,257.77099999999996
2006,nor,351.974
2007,nor,332.116
2008,nor,403.648
2009,nor,193.351
2010,nor,228.645
2011,nor,310.25
2012,nor,346.96
2013,nor,281.86
2014,nor,209.023
2015,nor,166.855
2016,nor,174.226
2017,nor,179.165
2018,nor,180.951
2019,nor,176.796
2020,nor,166.75599999999997
1990,omn,0.22399999999999998
1991,omn,-0.042
1992,omn,-0.276
1993,omn,-0.396
1994,omn,-0.429
1995,omn,-0.21600000000000003
1996,omn,0.172
1997,omn,0.35600000000000004
1998,omn,-0.267
1999,omn,0.055
2000,omn,1.065
2001,omn,0.636
2002,omn,0.441
2003,omn,0.385
2004,omn,0.516
2005,omn,1.4269999999999998
2006,omn,1.806
2007,omn,1.699
2008,omn,3.6489999999999996
2009,omn,-0.25
2010,omn,1.04
2011,omn,2.332
2012,omn,0.9840000000000001
2013,omn,0.778
2014,omn,-0.647
2015,omn,-3.88
2016,omn,-3.4619999999999997
2017,omn,-3.554
2018,omn,-3.799
2019,omn,-3.795
2020,omn,-4.126
1993,pak,-23.991
1994,pak,1.4269999999999998
1995,pak,-22.531
1996,pak,-19.261
1997,pak,4.24
1998,pak,0.8390000000000001
1999,pak,65.788
2000,pak,79.742
2001,pak,95.631
2002,pak,86.25200000000001
2003,pak,199.422
2004,pak,97.96799999999999
2005,pak,13.049000000000001
2006,pak,-43.803999999999995
2007,pak,-103.98299999999999
2008,pak,-261.289
2009,pak,-15.605
2010,pak,-236.21599999999998
2011,pak,-561.9680000000001
2012,pak,-795.586
2013,pak,-837.2669999999999
2014,pak,-48.175
2015,pak,5.731
2016,pak,211.645
2017,pak,208.82
2018,pak,272.15
2019,pak,323.045
2020,pak,276.242
1982,pan,-0.251
1983,pan,0.006999999999999999
1984,pan,0.006999999999999999
1985,pan,0.257
1986,pan,0.318
1987,pan,0.239
1988,pan,-0.155
1989,pan,-0.084
1990,pan,0.327
1991,pan,0.147
1992,pan,0.083
1993,pan,-0.33299999999999996
1994,pan,1.185
1995,pan,0.7929999999999999
1996,pan,0.446
1997,pan,0.215
1998,pan,-0.011000000000000001
1999,pan,0.207
2000,pan,0.316
2001,pan,0.128
2002,pan,-0.006999999999999999
2003,pan,-0.129
2004,pan,-0.17300000000000001
2005,pan,0.19899999999999998
2006,pan,0.759
2007,pan,1.27
2008,pan,0.7290000000000001
2009,pan,0.349
2010,pan,0.158
2011,pan,-0.004
2012,pan,0.015
2013,pan,-0.212
2014,pan,-1.067
2015,pan,-0.693
2016,pan,-0.6409999999999999
2017,pan,0.067
2018,pan,0.5529999999999999
2019,pan,0.506
2020,pan,0.449
1993,png,-0.293
1994,png,0.018000000000000002
1995,png,0.278
1996,png,0.365
1997,png,0.23199999999999998
1998,png,0.193
1999,png,-0.006
2000,png,0.314
2001,png,0.047
2002,png,-0.040999999999999995
2003,png,0.5379999999999999
2004,png,0.578
2005,png,0.74
2006,png,1.411
2007,png,2.053
2008,png,0.922
2009,png,-1.699
2010,png,1.172
2011,png,0.919
2012,png,-0.5920000000000001
2013,png,-2.275
2014,png,-1.681
2015,png,-1.614
2016,png,-0.895
2017,png,-0.34700000000000003
2018,png,0.11
2019,png,0.044000000000000004
2020,png,-0.025
1980,pry,10.057
1981,pry,-16.254
1982,pry,-4.852
1983,pry,-17.147000000000002
1984,pry,-29.311
1985,pry,-12.728
1986,pry,39.158
1987,pry,43.818000000000005
1988,pry,70.676
1989,pry,255.35299999999998
1990,pry,520.095
1991,pry,210.412
1992,pry,75.30199999999999
1993,pry,385.176
1994,pry,832.925
1995,pry,591.177
1996,pry,447.24300000000005
1997,pry,513.117
1998,pry,1193.4289999999999
1999,pry,1103.903
2000,pry,120.84299999999999
2001,pry,275.892
2002,pry,-250.138
2003,pry,714.1610000000001
2004,pry,1153.818
2005,pry,1360.86
2006,pry,2077.367
2007,pry,2290.547
2008,pry,3216.5190000000002
2009,pry,150.968
2010,pry,1407.61
2011,pry,2724.5609999999997
2012,pry,-1158.757
2013,pry,-869.67
2014,pry,374.087
2015,pry,-216.952
2016,pry,165.27599999999998
2017,pry,399.186
2018,pry,608.5930000000001
2019,pry,869.2869999999999
2020,pry,1073.766
2000,per,0.703
2001,per,0.23
2002,per,1.4509999999999998
2003,per,1.1340000000000001
2004,per,2.394
2005,per,3.83
2006,per,11.328
2007,per,16.564
2008,per,14.543
2009,per,-1.9269999999999998
2010,per,4.4239999999999995
2011,per,15.405999999999999
2012,per,14.225999999999999
2013,per,9.148
2014,per,4.72
2015,per,-4.686
2016,per,-2.657
2017,per,-1.179
2018,per,0.557
2019,per,1.025
2020,per,0.40700000000000003
1994,phl,87.066
1995,phl,91.464
1996,phl,112.00299999999999
1997,phl,111.78
1998,phl,78.833
1999,phl,45.582
2000,phl,31.57
2001,phl,46.88399999999999
2002,phl,26.898000000000003
2003,phl,62.753
2004,phl,112.94200000000001
2005,phl,202.608
2006,phl,298.868
2007,phl,235.452
2008,phl,263.379
2009,phl,50.245
2010,phl,60.353
2011,phl,212.042
2012,phl,209.472
2013,phl,270.07099999999997
2014,phl,351.336
2015,phl,196.012
2016,phl,187.078
2017,phl,171.638
2018,phl,144.884
2019,phl,116.959
2020,phl,59.883
1995,pol,4.476
1996,pol,-1.274
1997,pol,-0.48200000000000004
1998,pol,-1.555
1999,pol,4.287
2000,pol,-0.028999999999999998
2001,pol,-16.76
2002,pol,-16.963
2003,pol,-27.156
2004,pol,-24.293000000000003
2005,pol,-12.215
2006,pol,-14.504000000000001
2007,pol,2.1
2008,pol,-18.765
2009,pol,-64.548
2010,pol,-73.757
2011,pol,-36.744
2012,pol,-17.29
2013,pol,-25.595
2014,pol,-21.654
2015,pol,-14.005999999999998
2016,pol,-2.8989999999999996
2017,pol,-7.068
2018,pol,0.978
2019,pol,3.4130000000000003
2020,pol,5.62
1986,prt,0.02
1987,prt,-0.035
1988,prt,1.081
1989,prt,1.348
1990,prt,0.89
1991,prt,0.521
1992,prt,2.505
1993,prt,-0.54
1994,prt,-1.148
1995,prt,-1.396
1996,prt,-1.124
1997,prt,-1.263
1998,prt,-2.219
1999,prt,-1.159
2000,prt,-1.395
2001,prt,-3.551
2002,prt,-1.9240000000000002
2003,prt,-3.7289999999999996
2004,prt,-6.805
2005,prt,-6.662999999999999
2006,prt,-0.17300000000000001
2007,prt,-1.6469999999999998
2008,prt,-2.98
2009,prt,-13.635
2010,prt,-16.287
2011,prt,-7.18
2012,prt,-3.153
2013,prt,0.138
2014,prt,0.758
2015,prt,2.995
2016,prt,3.136
2017,prt,3.301
2018,prt,3.239
2019,prt,3.1
2020,prt,3.14
1990,qat,-7.813
1991,qat,-0.528
1992,qat,-0.16399999999999998
1993,qat,-2.344
1994,qat,-2.37
1995,qat,0.084
1996,qat,-1.5490000000000002
1997,qat,-1.9609999999999999
1998,qat,0.552
1999,qat,0.48200000000000004
2000,qat,7.648
2001,qat,5.013999999999999
2002,qat,8.89
2003,qat,7.4479999999999995
2004,qat,21.500999999999998
2005,qat,17.752
2006,qat,22.221999999999998
2007,qat,35.434
2008,qat,45.878
2009,qat,63.306999999999995
2010,qat,35.835
2011,qat,74.681
2012,qat,109.887
2013,qat,160.298
2014,qat,116.77
2015,qat,47.242
2016,qat,20.636999999999997
2017,qat,15.549000000000001
2018,qat,14.43
2019,qat,9.317
2020,qat,3.197
2000,rou,0.672
2001,rou,0.703
2002,rou,0.584
2003,rou,-0.365
2004,rou,-5.605
2005,rou,1.1840000000000002
2006,rou,-2.471
2007,rou,-10.652000000000001
2008,rou,-21.627
2009,rou,-31.21
2010,rou,-26.941
2011,rou,-15.545
2012,rou,-4.343
2013,rou,-5.206
2014,rou,-2.451
2015,rou,-3.5389999999999997
2016,rou,-0.9540000000000001
2017,rou,0.743
2018,rou,1.531
2019,rou,2.4730000000000003
2020,rou,3.091
1998,rus,-88.81200000000001
1999,rus,97.556
2000,rus,556.2230000000001
2001,rus,523.1
2002,rus,300.58299999999997
2003,rus,395.714
2004,rus,1028.042
2005,rus,1931.558
2006,rus,2399.355
2007,rus,1989.2479999999998
2008,rus,2094.8179999999998
2009,rus,-2576.604
2010,rus,-1527.602
2011,rus,1027.073
2012,rus,446.08
2013,rus,-602.187
2014,rus,-534.22
2015,rus,-2394.47
2016,rus,-1730.0020000000002
2017,rus,-507.49699999999996
2018,rus,415.36300000000006
2019,rus,432.288
2020,rus,439.80300000000005
1992,rwa,-22.836
1993,rwa,-20.849
1994,rwa,-11.725999999999999
1995,rwa,-0.151
1996,rwa,-17.54
1997,rwa,-7.39
1998,rwa,-12.832
1999,rwa,-20.776999999999997
2000,rwa,12.075
2001,rwa,-3.0389999999999997
2002,rwa,4.117
2003,rwa,-30.023000000000003
2004,rwa,22.691999999999997
2005,rwa,22.728
2006,rwa,17.895
2007,rwa,-24.809
2008,rwa,37.102
2009,rwa,19.6
2010,rwa,29.833000000000002
2011,rwa,-54.147
2012,rwa,-47.913000000000004
2013,rwa,-89.137
2014,rwa,-153.388
2015,rwa,-80.648
2016,rwa,-108.101
2017,rwa,-147.851
2018,rwa,-191.892
2019,rwa,-184.766
2020,rwa,-195.794
2004,smr,0.04
2005,smr,0.052000000000000005
2006,smr,0.046
2007,smr,0.025
2008,smr,0.001
2009,smr,-0.042
2010,smr,-0.038
2011,smr,-0.059000000000000004
2012,smr,-0.035
2013,smr,-0.019
2014,smr,-0.011000000000000001
2015,smr,-0.011000000000000001
2016,smr,-0.012
2017,smr,-0.013999999999999999
2018,smr,-0.015
2019,smr,-0.015
2020,smr,-0.015
2001,stp,-62.731
2002,stp,-56.113
2003,stp,-116.09
2004,stp,-229.71599999999998
2005,stp,387.996
2006,stp,-158.359
2007,stp,2475.718
2008,stp,400.58099999999996
2009,stp,-563.23
2010,stp,-411.526
2011,stp,-499.834
2012,stp,-510.606
2013,stp,134.375
2014,stp,-315.964
2015,stp,-542.663
2016,stp,-259.988
2017,stp,-212.06400000000002
2018,stp,-81.72399999999999
2019,stp,49.157
2020,stp,54.81399999999999
1999,sau,5.318
2000,sau,70.223
2001,sau,47.778
2002,sau,10.512
2003,sau,67.396
2004,sau,135.715
2005,sau,277.235
2006,sau,357.163
2007,sau,230.5
2008,sau,603.884
2009,sau,-63.25
2010,sau,110.553
2011,sau,304.436
2012,sau,401.74199999999996
2013,sau,233.622
2014,sau,-30.899
2015,sau,-362.033
2016,sau,-231.882
2017,sau,-177.585
2018,sau,-174.96
2019,sau,-151.72799999999998
2020,sau,-141.244
2000,sen,74.49
2001,sen,-54.2
2002,sen,12.369000000000002
2003,sen,-25.647
2004,sen,-52.7
2005,sen,-87.068
2006,sen,-222.59
2007,sen,-173.601
2008,sen,-242.7
2009,sen,-252.945
2010,sen,-272.497
2011,sen,-322.694
2012,sen,-293.672
2013,sen,-291.9
2014,sen,-262.349
2015,sen,-227.87400000000002
2016,sen,-218.94099999999997
2017,sen,-212.708
2018,sen,-200.78
2019,sen,-137.997
2020,sen,-134.844
2000,srb,1.93
2001,srb,8.935
2002,srb,-23.921
2003,srb,-21.144000000000002
2004,srb,18.67
2005,srb,44.222
2006,srb,9.99
2007,srb,-3.1210000000000004
2008,srb,-34.809
2009,srb,-82.417
2010,srb,-79.094
2011,srb,-96.26899999999999
2012,srb,-174.111
2013,srb,-111.221
2014,srb,-128.342
2015,srb,-91.977
2016,srb,-31.522
2017,srb,15.24
2018,srb,49.119
2019,srb,65.794
2020,srb,90.458
1983,syc,-0.011000000000000001
1984,syc,-0.034
1985,syc,-0.006999999999999999
1986,syc,-0.091
1987,syc,0.156
1988,syc,0.313
1989,syc,0.281
1990,syc,0.391
1991,syc,0.22
1992,syc,0.318
1993,syc,0.105
1994,syc,0.034
1995,syc,0.172
1996,syc,0.009000000000000001
1997,syc,0.109
1998,syc,-0.21
1999,syc,-0.038
2000,syc,-0.256
2001,syc,-0.06
2002,syc,-0.33
2003,syc,0.392
2004,syc,0.318
2005,syc,0.345
2006,syc,0.157
2007,syc,-0.233
2008,syc,1.349
2009,syc,1.558
2010,syc,0.7609999999999999
2011,syc,0.812
2012,syc,0.958
2013,syc,0.8490000000000001
2014,syc,0.992
2015,syc,0.905
2016,syc,1.072
2017,syc,1.242
2018,syc,1.2919999999999998
2019,syc,1.266
2020,syc,0.8590000000000001
2000,sle,23.851999999999997
2001,sle,-38.223
2002,sle,-22.019000000000002
2003,sle,-30.399
2004,sle,66.393
2005,sle,68.722
2006,sle,75.34100000000001
2007,sle,1406.713
2008,sle,-138.467
2009,sle,-90.711
2010,sle,-353.843
2011,sle,-330.964
2012,sle,-563.4209999999999
2013,sle,-208.342
2014,sle,-517.0269999999999
2015,sle,-865.17
2016,sle,-1254.422
2017,sle,-1207.5910000000001
2018,sle,-1243.538
2019,sle,-1314.999
2020,sle,-1408.764
1990,sgp,6.8420000000000005
1991,sgp,7.2589999999999995
1992,sgp,10.892000000000001
1993,sgp,14.964
1994,sgp,15.225
1995,sgp,14.311
1996,sgp,10.869000000000002
1997,sgp,12.972000000000001
1998,sgp,1.138
1999,sgp,6.925
2000,sgp,13.17
2001,sgp,4.585
2002,sgp,5.358
2003,sgp,8.209
2004,sgp,9.071
2005,sgp,13.96
2006,sgp,13.58
2007,sgp,28.8
2008,sgp,13.290999999999999
2009,sgp,-5.939
2010,sgp,16.944000000000003
2011,sgp,24.594
2012,sgp,23.273000000000003
2013,sgp,15.241
2014,sgp,10.91
2015,sgp,0.11900000000000001
2016,sgp,2.804
2017,sgp,3.911
2018,sgp,4.732
2019,sgp,5.513999999999999
2020,sgp,5.146
1997,svk,-0.9540000000000001
1998,svk,-0.782
1999,svk,-1.271
2000,svk,-2.846
2001,svk,-1.173
2002,svk,-1.926
2003,svk,-0.451
2004,svk,-0.413
2005,svk,-0.8909999999999999
2006,svk,-1.508
2007,svk,-0.62
2008,svk,-1.0190000000000001
2009,svk,-4.368
2010,svk,-4.274
2011,svk,-1.943
2012,svk,-1.903
2013,svk,-0.695
2014,svk,-1.079
2015,svk,-0.9590000000000001
2016,svk,-0.813
2017,svk,-0.5579999999999999
2018,svk,-0.593
2019,svk,-0.5379999999999999
2020,svk,-0.5379999999999999
1995,svn,0.08800000000000001
1996,svn,0.14400000000000002
1997,svn,-0.018000000000000002
1998,svn,0.040999999999999995
1999,svn,0.086
2000,svn,-0.016
2001,svn,0.005
2002,svn,-0.021
2003,svn,-0.003
2004,svn,-0.018000000000000002
2005,svn,0.03
2006,svn,0.092
2007,svn,0.418
2008,svn,0.177
2009,svn,-1.6469999999999998
2010,svn,-1.4609999999999999
2011,svn,-1.5390000000000001
2012,svn,-0.519
2013,svn,-4.178
2014,svn,-1.05
2015,svn,-0.39799999999999996
2016,svn,-0.11900000000000001
2017,svn,-0.048
2018,svn,0.003
2020,svn,-0.006
2000,slb,-0.028999999999999998
2001,slb,-0.018000000000000002
2002,slb,-0.013000000000000001
2003,slb,0.153
2004,slb,0.174
2005,slb,-0.035
2006,slb,-0.025
2007,slb,0.128
2008,slb,0.045
2009,slb,0.13
2010,slb,0.36700000000000005
2011,slb,0.623
2012,slb,0.304
2013,slb,0.35600000000000004
2014,slb,0.17300000000000001
2015,slb,-0.17300000000000001
2016,slb,-0.14400000000000002
2017,slb,-0.016
2018,slb,0.055
2019,slb,0.1
2020,slb,0.111
2000,zaf,31.283
2001,zaf,35.244
2002,zaf,34.391999999999996
2003,zaf,22.616999999999997
2004,zaf,31.175
2005,zaf,44.993
2006,zaf,64.859
2007,zaf,78.977
2008,zaf,46.428000000000004
2009,zaf,-60.983999999999995
2010,zaf,-60.955
2011,zaf,-36.791
2012,zaf,-43.354
2013,zaf,-38.496
2014,zaf,-37.123000000000005
2015,zaf,-38.926
2016,zaf,-4.0569999999999995
2017,zaf,13.515
2018,zaf,23.703000000000003
2019,zaf,37.853
2020,zaf,54.696000000000005
2013,ssd,-2.309
2014,ssd,-2.316
1980,esp,-1.682
1981,esp,-2.322
1982,esp,-6.693
1983,esp,-6.08
1984,esp,-6.867000000000001
1985,esp,-7.9079999999999995
1986,esp,-6.0329999999999995
1987,esp,-1.295
1988,esp,-1.175
1989,esp,0.20199999999999999
1990,esp,-2.1719999999999997
1991,esp,-4.096
1992,esp,-0.9359999999999999
1993,esp,-8.592
1994,esp,-8.017999999999999
1995,esp,-9.044
1996,esp,-1.364
1997,esp,3.6239999999999997
1998,esp,2.6069999999999998
1999,esp,10.176
2000,esp,11.855
2001,esp,13.974
2002,esp,14.082
2003,esp,13.449000000000002
2004,esp,14.999
2005,esp,25.358
2006,esp,35.04
2007,esp,33.431999999999995
2008,esp,-37.766999999999996
2009,esp,-103.84299999999999
2010,esp,-84.72200000000001
2011,esp,-80.19
2012,esp,-82.90100000000001
2013,esp,-41.756
2014,esp,-31.468000000000004
2015,esp,-17.863
2016,esp,-4.458
2017,esp,-1.298
2018,esp,3.3819999999999997
2019,esp,9.451
2020,esp,10.189
1990,lka,-4.484
1991,lka,-14.247
1992,lka,0.17600000000000002
1993,lka,-5.092
1994,lka,-14.437999999999999
1995,lka,-19.972
1996,lka,-15.714
1997,lka,-7.4879999999999995
1998,lka,-31.052
1999,lka,-14.368
2000,lka,-48.196000000000005
2001,lka,-52.415
2002,lka,-17.506
2003,lka,-8.127
2004,lka,-36.971
2005,lka,-52.236999999999995
2006,lka,-54.968999999999994
2007,lka,-63.364
2008,lka,-97.169
2009,lka,-166.683
2010,lka,-93.37799999999999
2011,lka,-93.48
2012,lka,-80.468
2013,lka,-64.42699999999999
2014,lka,-164.708
2015,lka,-225.75
2016,lka,-362.98800000000006
2017,lka,-381.48400000000004
2018,lka,-388.204
2019,lka,-413.37199999999996
2020,lka,-398.615
1990,kna,0.016
1991,kna,0.017
1992,kna,0.016
1993,kna,0.015
1994,kna,0.021
1995,kna,0.021
1997,kna,-0.005
1998,kna,-0.037000000000000005
1999,kna,-0.07400000000000001
2000,kna,-0.09300000000000001
2001,kna,-0.073
2002,kna,-0.12
2003,kna,-0.012
2004,kna,-0.019
2005,kna,0.040999999999999995
2006,kna,0.078
2007,kna,0.05
2008,kna,0.052000000000000005
2009,kna,0.069
2010,kna,-0.013000000000000001
2011,kna,0.162
2012,kna,0.214
2013,kna,0.34
2014,kna,0.297
2015,kna,0.08800000000000001
2016,kna,0.06
2017,kna,0.04
2018,kna,0.018000000000000002
2019,kna,0.019
2020,kna,0.018000000000000002
1985,lca,-0.003
1986,lca,-0.006
1987,lca,0.018000000000000002
1988,lca,0.034
1989,lca,0.022000000000000002
1990,lca,0.013000000000000001
1991,lca,0.001
1992,lca,-0.002
1993,lca,0.006
1994,lca,0.01
1995,lca,0.009000000000000001
1996,lca,0.002
1997,lca,-0.008
1998,lca,0.075
1999,lca,0.064
2000,lca,0.005
2001,lca,-0.035
2002,lca,-0.035
2003,lca,-0.031
2004,lca,-0.009000000000000001
2005,lca,-0.10800000000000001
2006,lca,-0.095
2007,lca,0.026000000000000002
2008,lca,0.061
2009,lca,-0.012
2010,lca,-0.065
2011,lca,-0.122
2012,lca,-0.205
2013,lca,-0.076
2014,lca,-0.08
2015,lca,-0.1
2016,lca,-0.11
2017,lca,-0.115
2018,lca,-0.11900000000000001
2019,lca,-0.125
2020,lca,-0.13
1984,vct,0.011000000000000001
1985,vct,0.018000000000000002
1986,vct,0.012
1987,vct,0.008
1988,vct,0.004
1989,vct,-0.011000000000000001
1990,vct,0.011000000000000001
1991,vct,-0.003
1992,vct,-0.026000000000000002
1993,vct,-0.01
1994,vct,0.004
1995,vct,0.017
1996,vct,0.021
1997,vct,-0.022000000000000002
1998,vct,-0.011000000000000001
1999,vct,-0.006999999999999999
2000,vct,0.008
2001,vct,0.005
2002,vct,0.005
2004,vct,-0.012
2005,vct,-0.03
2006,vct,-0.006999999999999999
2007,vct,-0.013000000000000001
2008,vct,0.01
2009,vct,-0.013999999999999999
2010,vct,-0.03
2011,vct,-0.096
2012,vct,-0.005
2013,vct,-0.079
2014,vct,-0.067
2015,vct,-0.067
2016,vct,-0.033
2017,vct,-0.008
2018,vct,0.018000000000000002
2019,vct,0.034
2020,vct,0.036000000000000004
1990,sdn,-0.016
1991,sdn,-0.045
1992,sdn,-0.071
1993,sdn,-0.062
1994,sdn,-0.018000000000000002
1995,sdn,-0.096
1996,sdn,-0.174
1997,sdn,0.006
1998,sdn,0.024
1999,sdn,-0.013999999999999999
2000,sdn,0.11
2001,sdn,-0.049
2002,sdn,0.184
2003,sdn,1.158
2004,sdn,0.935
2005,sdn,-0.7340000000000001
2006,sdn,-0.121
2007,sdn,-2.329
2008,sdn,1.733
2009,sdn,-4.957
2010,sdn,2.099
2011,sdn,2.588
2012,sdn,-4.95
2013,sdn,-5.636
2014,sdn,-1.11
2015,sdn,-3.5869999999999997
2016,sdn,-3.603
2017,sdn,-2.369
2018,sdn,-1.935
2019,sdn,-0.92
2020,sdn,-1.26
1991,sur,-0.001
1992,sur,-0.001
1993,sur,-0.001
1994,sur,0.001
1995,sur,-0.001
1996,sur,-0.006
1997,sur,-0.016
1998,sur,-0.067
1999,sur,-0.079
2000,sur,-0.187
2001,sur,0.03
2002,sur,-0.162
2003,sur,0.121
2004,sur,-0.013999999999999999
2005,sur,0.036000000000000004
2006,sur,0.191
2007,sur,0.273
2008,sur,0.214
2009,sur,-0.127
2010,sur,-0.266
2011,sur,0.214
2012,sur,-0.474
2013,sur,-0.92
2014,sur,-0.725
2015,sur,-0.885
2016,sur,-0.72
2017,sur,-0.69
2018,sur,-0.6459999999999999
2019,sur,-0.75
2020,sur,-0.736
1981,swz,-0.011000000000000001
1982,swz,-0.001
1983,swz,0.004
1984,swz,0.017
1985,swz,0.005
1986,swz,-0.012
1987,swz,0.038
1988,swz,0.086
1989,swz,0.161
1990,swz,0.193
1991,swz,0.153
1992,swz,-0.039
1993,swz,-0.127
1994,swz,-0.171
1995,swz,0.023
1996,swz,-0.006999999999999999
1997,swz,0.161
1998,swz,0.172
1999,swz,-0.009000000000000001
2000,swz,-0.08
2001,swz,-0.196
2002,swz,-0.387
2003,swz,-0.17300000000000001
2004,swz,-0.544
2005,swz,-0.133
2006,swz,2.076
2007,swz,0.7509999999999999
2008,swz,0.682
2009,swz,-0.6920000000000001
2010,swz,-2.8569999999999998
2011,swz,-1.05
2012,swz,2.153
2013,swz,0.615
2014,swz,-0.315
2015,swz,-0.804
2016,swz,-0.9990000000000001
2017,swz,-1.7280000000000002
2018,swz,-1.036
2019,swz,-1.095
2020,swz,-1.158
1980,swe,-27.026999999999997
1981,swe,-17.764
1982,swe,-24.194000000000003
1983,swe,-13.513
1984,swe,7.077999999999999
1985,swe,7.307
1986,swe,34.838
1987,swe,73.03
1988,swe,70.633
1989,swe,72.919
1990,swe,76.862
1991,swe,26.987
1992,swe,-114.50200000000001
1993,swe,-164.14
1994,swe,-121.12899999999999
1995,swe,-88.95100000000001
1996,swe,-10.123
1997,swe,27.159000000000002
1998,swe,71.005
1999,swe,70.02199999999999
2000,swe,129.786
2001,swe,77.97800000000001
2002,swe,14.867
2003,swe,1.575
2004,swe,36.119
2005,swe,80.725
2006,swe,89.535
2007,swe,132.59799999999998
2008,swe,85.115
2009,swe,-23.236
2010,swe,5.849
2011,swe,9.662
2012,swe,-23.9
2013,swe,-53.143
2014,swe,-87.211
2015,swe,-57.485
2016,swe,-30.144000000000002
2017,swe,-22.811
2018,swe,-6.006
2019,swe,11.9
2020,swe,31.483
1983,che,2.029
1984,che,2.778
1985,che,3.532
1986,che,6.706
1987,che,6.806
1988,che,6.452000000000001
1989,che,6.367000000000001
1990,che,1.147
1991,che,-5.479
1992,che,-9.146
1993,che,-9.972000000000001
1994,che,-6.806
1995,che,-3.6
1996,che,-3.927
1997,che,-5.843999999999999
1998,che,-0.665
1999,che,4.098
2000,che,15.105
2001,che,7.888
2002,che,4.757
2003,che,-1.393
2004,che,-1.3130000000000002
2005,che,2.1830000000000003
2006,che,9.54
2007,che,11.16
2008,che,13.761
2009,che,6.196000000000001
2010,che,4.069
2011,che,4.96
2012,che,2.521
2013,che,1.556
2014,che,3.792
2015,che,-0.36200000000000004
2016,che,0.843
2017,che,1.122
2018,che,2.085
2019,che,2.023
2020,che,1.959
1998,tjk,-0.040999999999999995
1999,tjk,-0.046
2000,tjk,-0.076
2001,tjk,-0.042
2002,tjk,-0.019
2003,tjk,-0.025
2004,tjk,-0.10300000000000001
2005,tjk,-0.17300000000000001
2006,tjk,0.204
2007,tjk,-0.648
2008,tjk,-0.8370000000000001
2009,tjk,-0.975
2010,tjk,-0.615
2011,tjk,-0.488
2012,tjk,0.41600000000000004
2013,tjk,0.032
2014,tjk,0.26899999999999996
2015,tjk,-0.599
2016,tjk,-1.001
2017,tjk,-1.107
2018,tjk,-1.4080000000000001
2019,tjk,-1.787
2020,tjk,-2.47
1991,tza,31.565
1992,tza,-43.261
1993,tza,8.865
1994,tza,-15.044
1995,tza,34.408
1996,tza,182.162
1997,tza,113.915
1998,tza,105.57799999999999
1999,tza,26.473000000000003
2000,tza,55.233000000000004
2001,tza,78.876
2002,tza,18.282
2003,tza,-156.808
2004,tza,-287.033
2005,tza,-464.254
2006,tza,-592.92
2007,tza,-152.054
2008,tza,-384.226
2009,tza,-1445.0479999999998
2010,tza,-1789.029
2011,tza,-1485.8670000000002
2012,tza,-1928.7079999999999
2013,tza,-1908.3429999999998
2014,tza,-2048.7470000000003
2015,tza,-2630.362
2016,tza,-2464.501
2017,tza,-2642.679
2018,tza,-2818.48
2019,tza,-2962.073
2020,tza,-3031.38
2000,tha,-37.66
2001,tha,-36.202
2002,tha,-294.31
2003,tha,179.863
2004,tha,149.249
2005,tha,183.82299999999998
2006,tha,268.514
2007,tha,96.721
2008,tha,89.99799999999999
2009,tha,-215.33
2010,tha,-5.86
2011,tha,31.768
2012,tha,-97.37200000000001
2013,tha,75.89
2014,tha,-112.32600000000001
2015,tha,-134.203
2016,tha,-150.621
2017,tha,-141.286
2018,tha,-146.653
2019,tha,-165.356
2020,tha,-161.071
1989,tgo,2.167
1990,tgo,2.02
1991,tgo,-12.819
1992,tgo,-4.862
1993,tgo,-37.703
1994,tgo,-27.845
1995,tgo,-13.607000000000001
1996,tgo,-20.324
1997,tgo,5.9879999999999995
1998,tgo,-25.68
1999,tgo,-4.613
2000,tgo,-29.561
2001,tgo,7.452000000000001
2002,tgo,13.245
2003,tgo,41.6
2004,tgo,27.733
2005,tgo,-15.447000000000001
2006,tgo,-21.76
2007,tgo,2.8960000000000004
2008,tgo,-1.202
2009,tgo,-44.458
2010,tgo,-23.976
2011,tgo,-59.628
2012,tgo,-125.802
2013,tgo,-76.429
2014,tgo,-100.911
2015,tgo,-85.041
2016,tgo,-116.26700000000001
2017,tgo,-103.367
2018,tgo,-99.206
2019,tgo,-93.95200000000001
2020,tgo,-81.72
2000,ton,0.008
2001,ton,0.011000000000000001
2002,ton,0.013000000000000001
2003,ton,0.018000000000000002
2004,ton,0.024
2005,ton,0.018000000000000002
2006,ton,0.023
2007,ton,0.025
2008,ton,0.045
2009,ton,0.035
2010,ton,-0.021
2011,ton,-0.022000000000000002
2012,ton,-0.004
2013,ton,0.006999999999999999
2014,ton,0.009000000000000001
2016,ton,-0.001
2017,ton,0.003
2018,ton,0.005
2019,ton,0.008
2020,ton,0.009000000000000001
1999,tto,0.35700000000000004
2000,tto,2.6660000000000004
2001,tto,1.411
2002,tto,0.405
2003,tto,3.7760000000000002
2004,tto,3.799
2005,tto,6.417000000000001
2006,tto,9.309
2007,tto,7.502999999999999
2008,tto,16.272000000000002
2009,tto,-8.699
2010,tto,-1.6640000000000001
2011,tto,2.67
2012,tto,2.26
2013,tto,-0.6409999999999999
2014,tto,-4.364
2015,tto,-4.152
2016,tto,-6.434
2017,tto,-7.5329999999999995
2018,tto,-7.9239999999999995
2019,tto,-7.882999999999999
2020,tto,-8.927999999999999
1991,tun,-0.193
1992,tun,0.064
1993,tun,0.086
1994,tun,0.21100000000000002
1995,tun,-0.057999999999999996
1996,tun,-0.201
1997,tun,-0.043
1998,tun,0.519
1999,tun,0.037000000000000005
2000,tun,0.03
2001,tun,-0.027000000000000003
2002,tun,0.076
2003,tun,-0.03
2004,tun,0.02
2005,tun,-0.08
2006,tun,0.024
2007,tun,0.23600000000000002
2008,tun,0.775
2009,tun,0.33399999999999996
2010,tun,0.557
2011,tun,-1.14
2012,tun,-2.483
2013,tun,-3.235
2014,tun,-1.38
2015,tun,-1.4169999999999998
2016,tun,-1.445
2017,tun,-1.411
2018,tun,-1.157
2019,tun,-1.015
2020,tun,-0.9440000000000001
2002,tur,10.652999999999999
2003,tur,21.717
2004,tur,26.368000000000002
2005,tur,29.548000000000002
2006,tur,33.268
2007,tur,24.546999999999997
2008,tur,15.74
2009,tur,-13.732000000000001
2010,tur,2.8960000000000004
2011,tur,27.171
2012,tur,15.765
2013,tur,21.881999999999998
2014,tur,13.632
2015,tur,26.454
2016,tur,31.804000000000002
2017,tur,33.109
2018,tur,35.166
2019,tur,38.830999999999996
2020,tur,42.992
2005,tuv,-0.004
2006,tuv,-0.012
2007,tuv,-0.008
2008,tuv,-0.006999999999999999
2009,tuv,-0.006
2010,tuv,-0.01
2011,tuv,-0.005
2012,tuv,0.003
2013,tuv,0.01
2014,tuv,0.006999999999999999
2015,tuv,-0.002
2016,tuv,-0.003
2017,tuv,-0.003
2018,tuv,-0.003
2019,tuv,-0.003
2020,tuv,-0.003
1997,uga,148.00799999999998
1998,uga,233.15599999999998
1999,uga,146.724
2000,uga,23.765
2001,uga,-12.35
2002,uga,-153.122
2003,uga,55.424
2004,uga,316.305
2005,uga,203.282
2006,uga,79.107
2007,uga,26.863000000000003
2008,uga,-425.756
2009,uga,-410.167
2010,uga,-2119.29
2011,uga,-918.998
2012,uga,-1062.262
2013,uga,-1797.326
2014,uga,-1611.629
2015,uga,-741.2439999999999
2016,uga,-2125.8579999999997
2017,uga,-2719.55
2018,uga,-3528.422
2019,uga,-3370.367
2020,uga,-2384.049
1997,ukr,-3.5
1998,ukr,-0.434
1999,ukr,9.771
2000,ukr,-0.312
2001,ukr,-2.106
2002,ukr,-1.198
2003,ukr,0.259
2004,ukr,-11.994000000000002
2005,ukr,-6.718
2006,ukr,-3.987
2007,ukr,-10.554
2008,ukr,-25.12
2009,ukr,-46.486999999999995
2010,ukr,-44.7
2011,ukr,-10.3
2012,ukr,-33.5
2013,ukr,-34.2
2014,ukr,-18.355999999999998
2015,ukr,21.194000000000003
2016,ukr,29.799
2017,ukr,37.586
2018,ukr,40.964
2019,ukr,45.61
2020,ukr,50.18
1991,are,31.266
1992,are,20.471
1993,are,7.169
1994,are,16.302
1995,are,33.93
1996,are,27.309
1997,are,46.674
1998,are,30.662
1999,are,33.31
2000,are,77.881
2001,are,27.094
2002,are,6.9
2003,are,18.975
2004,are,47.736999999999995
2005,are,134.53
2006,are,206.35
2007,are,206.563
2008,are,233.025
2009,are,-38.175
2010,are,24.592
2011,are,83.265
2012,are,153.461
2013,are,152.759
2014,are,94.25
2015,are,-33.992
2016,are,5.782
2017,are,24.198
2018,are,42.591
2019,are,58.6
2020,are,77.72800000000001
1980,gbr,-1.735
1981,gbr,-5.118
1982,gbr,-1.751
1983,gbr,-2.6460000000000004
1984,gbr,-1.942
1985,gbr,-0.534
1986,gbr,0.309
1987,gbr,3.1830000000000003
1988,gbr,11.932
1989,gbr,13.615
1990,gbr,1.758
1991,gbr,-9.714
1992,gbr,-30.32
1993,gbr,-40.593
1994,gbr,-33.028
1995,gbr,-25.346
1996,gbr,-14.179
1997,gbr,2.52
1998,gbr,19.079
1999,gbr,25.660999999999998
2000,gbr,29.935
2001,gbr,20.337
2002,gbr,-7.774
2003,gbr,-23.68
2004,gbr,-27.083000000000002
2005,gbr,-26.235
2006,gbr,-18.75
2007,gbr,-19.947
2008,gbr,-54.04
2009,gbr,-139.885
2010,gbr,-111.83200000000001
2011,gbr,-78.835
2012,gbr,-89.728
2013,gbr,-74.637
2014,gbr,-68.449
2015,gbr,-58.925
2016,gbr,-26.552
2017,gbr,7.1739999999999995
2018,gbr,27.776999999999997
2019,gbr,34.055
2020,gbr,35.915
2001,usa,155.725
2002,usa,-214.175
2003,usa,-352.0
2004,usa,-327.4
2005,usa,-187.85
2006,usa,-53.225
2007,usa,-158.55
2008,usa,-730.163
2009,usa,-1669.704
2010,usa,-1381.194
2011,usa,-1182.5
2012,usa,-1022.575
2013,usa,-606.925
2014,usa,-561.388
2015,usa,-393.744
2016,usa,-347.58
2017,usa,-260.77099999999996
2018,usa,-227.21900000000002
2019,usa,-270.066
2020,usa,-287.329
1999,ury,-3.957
2000,ury,-3.18
2001,ury,-2.5269999999999997
2002,ury,0.6709999999999999
2003,ury,10.297
2004,ury,15.047
2005,ury,17.142
2006,ury,17.373
2007,ury,19.74
2008,ury,8.726
2009,ury,8.068999999999999
2010,ury,12.224
2011,ury,17.811
2012,ury,-1.67
2013,ury,4.559
2014,ury,-6.132999999999999
2015,ury,3.343
2016,ury,0.08900000000000001
2017,ury,-3.968
2018,ury,-6.056
2019,ury,-7.854
2020,ury,-9.191
1992,uzb,0.01
1993,uzb,-0.763
1994,uzb,-3.638
1995,uzb,-11.335
1996,uzb,-43.975
1997,uzb,-17.695
1998,uzb,-43.968999999999994
1999,uzb,-51.623999999999995
2000,uzb,-63.062
2001,uzb,-43.153
2002,uzb,-112.914
2003,uzb,53.281000000000006
2004,uzb,105.654
2005,uzb,236.963
2006,uzb,1153.195
2007,uzb,1501.987
2008,uzb,3880.488
2009,uzb,1400.661
2010,uzb,3077.725
2011,uzb,6914.05
2012,uzb,8177.664000000001
2013,uzb,3482.2490000000003
2014,uzb,2532.9970000000003
2015,uzb,67.203
2016,uzb,-187.622
2017,uzb,-140.094
2018,uzb,-223.922
2019,uzb,-275.869
2020,uzb,-208.83900000000003
1996,vut,-0.358
1997,vut,-0.015
1998,vut,-2.006
1999,vut,0.071
2000,vut,-2.083
2001,vut,-0.965
2002,vut,-1.01
2003,vut,-0.165
2004,vut,0.7040000000000001
2005,vut,1.151
2006,vut,0.574
2007,vut,0.47100000000000003
2008,vut,0.322
2009,vut,-0.217
2010,vut,-1.375
2011,vut,-1.113
2012,vut,-0.715
2013,vut,0.409
2014,vut,1.2819999999999998
2015,vut,-3.78
2016,vut,-4.397
2017,vut,-3.986
2018,vut,-3.4939999999999998
2019,vut,-2.568
2020,vut,-1.7990000000000002
1988,ven,-0.051
1989,ven,0.067
1990,ven,0.20199999999999999
1991,ven,0.057
1992,ven,-0.098
1993,ven,0.09300000000000001
1994,ven,-0.526
1995,ven,0.047
1996,ven,3.7769999999999997
1997,ven,2.342
1998,ven,-0.304
1999,ven,2.72
2000,ven,5.997999999999999
2001,ven,-1.063
2002,ven,4.027
2003,ven,7.225
2004,ven,13.243
2005,ven,21.498
2006,ven,1.902
2007,ven,-5.888
2008,ven,-13.651
2009,ven,-51.077
2010,ven,-87.74
2011,ven,-127.712
2012,ven,-225.65
2013,ven,-254.614
2014,ven,-343.715
2015,ven,-779.1
2016,ven,-1498.06
2017,ven,-2665.715
2018,ven,-4768.245
2019,ven,-8488.311
2020,ven,-14710.612
1998,vnm,1596.0
1999,vnm,-4000.0
2000,vnm,-5488.0
2001,vnm,-8912.0
2002,vnm,-7288.0
2003,vnm,-13533.6
2004,vnm,5733.0
2005,vnm,-4454.68
2006,vnm,10663.0
2007,vnm,-12381.178999999998
2008,vnm,8837.0
2009,vnm,-88439.1
2010,vnm,-34077.0
2011,vnm,292.0
2012,vnm,-180899.408
2013,vnm,-162523.451
2014,vnm,-143903.0
2015,vnm,-200729.954
2016,vnm,-184525.428
2017,vnm,-148703.736
2018,vnm,-121005.024
2019,vnm,-119170.32699999999
2020,vnm,-124311.694
1990,yem,-12.304
1991,yem,-5.9510000000000005
1992,yem,-20.09
1993,yem,-27.423000000000002
1994,yem,-38.733000000000004
1995,yem,-22.456999999999997
1996,yem,12.245
1997,yem,7.426
1998,yem,-40.739000000000004
1999,yem,41.387
2000,yem,129.464
2001,yem,79.594
2002,yem,24.243000000000002
2003,yem,-52.802
2004,yem,-1.202
2005,yem,10.620999999999999
2006,yem,131.53
2007,yem,-212.11
2008,yem,-114.948
2009,yem,-393.38199999999995
2010,yem,-112.727
2011,yem,-12.125
2012,yem,-66.221
2013,yem,-126.33200000000001
2014,yem,139.873
2015,yem,-20.424
2016,yem,-21.233
2017,yem,48.646
2018,yem,56.063
2019,yem,102.556
2020,yem,103.014
2000,zmb,0.43700000000000006
2001,zmb,-0.54
2002,zmb,-0.17
2003,zmb,-0.441
2004,zmb,0.152
2005,zmb,-0.018000000000000002
2006,zmb,8.523
2007,zmb,0.192
2008,zmb,0.502
2009,zmb,-0.5589999999999999
2010,zmb,-0.9940000000000001
2011,zmb,-0.951
2012,zmb,-2.408
2013,zmb,-7.447
2014,zmb,-5.562
2015,zmb,-4.935
2016,zmb,-5.172000000000001
2017,zmb,-3.332
2018,zmb,-0.8690000000000001
2019,zmb,-0.179
2020,zmb,0.861
2005,zwe,-0.268
2006,zwe,0.003
2007,zwe,-0.084
2008,zwe,0.017
2009,zwe,0.028999999999999998
2010,zwe,0.18100000000000002
2011,zwe,-0.027000000000000003
2012,zwe,0.044000000000000004
2013,zwe,-0.136
2014,zwe,-0.055999999999999994
2015,zwe,0.018000000000000002
2016,zwe,-0.154
2017,zwe,-0.281
2018,zwe,-0.314
2019,zwe,-0.35700000000000004
2020,zwe,-0.377
