year,country,ggxwdn_ngdp
1997,alb,69.988
1998,alb,67.814
1999,alb,64.968
2000,alb,61.898
2001,alb,58.543
2002,alb,62.839
2003,alb,58.825
2004,alb,56.451
2005,alb,57.443999999999996
2006,alb,56.07899999999999
2007,alb,53.427
2008,alb,55.13399999999999
2009,alb,59.667
2010,alb,57.72
2011,alb,59.413000000000004
2012,alb,62.02
2013,alb,70.09100000000001
2014,alb,72.564
2015,alb,73.562
2016,alb,69.75399999999999
2017,alb,64.752
2018,alb,60.062
2019,alb,55.26
2020,alb,50.04
1990,dza,0.0
1991,dza,77.834
1992,dza,62.926
1993,dza,74.028
1994,dza,98.376
1995,dza,116.195
1996,dza,98.148
1997,dza,69.855
1998,dza,72.863
1999,dza,82.01899999999999
2000,dza,62.813
2001,dza,52.372
2002,dza,48.591
2003,dza,33.711999999999996
2004,dza,25.109
2005,dza,2.85
2006,dza,-7.611000000000001
2007,dza,-20.445
2008,dza,-29.933000000000003
2009,dza,-32.489000000000004
2010,dza,-28.721999999999998
2011,dza,-27.105
2012,dza,-23.438000000000002
2013,dza,-23.303
2014,dza,-16.485
2015,dza,-5.98
2016,dza,2.885
2017,dza,8.754
2018,dza,12.375
2019,dza,14.464
2020,dza,15.315
1990,atg,97.509
1991,atg,98.441
1992,atg,95.02
1993,atg,89.719
1994,atg,89.473
1995,atg,97.427
1996,atg,90.995
1997,atg,86.553
1998,atg,102.06299999999999
1999,atg,104.181
2000,atg,110.838
2001,atg,122.025
2002,atg,128.165
2003,atg,127.51899999999999
2004,atg,122.985
2005,atg,94.99
2006,atg,90.868
2007,atg,79.202
2008,atg,77.271
2009,atg,102.46
2010,atg,90.78200000000001
2011,atg,92.431
2012,atg,87.147
2013,atg,94.26299999999999
2014,atg,98.69200000000001
2015,atg,106.90700000000001
2016,atg,102.435
2017,atg,97.169
2018,atg,91.698
2019,atg,86.319
2020,atg,81.133
1989,aus,9.942
1990,aus,9.585
1991,aus,12.607000000000001
1992,aus,18.227999999999998
1993,aus,22.041
1994,aus,23.272
1995,aus,23.06
1996,aus,21.3
1997,aus,18.179000000000002
1998,aus,14.662
1999,aus,11.048
2000,aus,7.145
2001,aus,4.703
2002,aus,2.767
2003,aus,0.754
2004,aus,-1.23
2005,aus,-3.813
2006,aus,-6.319
2007,aus,-7.267
2008,aus,-5.292999999999999
2009,aus,-0.598
2010,aus,3.93
2011,aus,8.077
2012,aus,11.239
2013,aus,13.658
2014,aus,16.967
2015,aus,19.930999999999997
2016,aus,21.583000000000002
2017,aus,22.496
2018,aus,22.8
2019,aus,22.67
2020,aus,22.358
2012,aut,49.468999999999994
2013,aut,48.89
2014,aut,51.114
2015,aut,50.992
2016,aut,50.402
2017,aut,49.626999999999995
2018,aut,49.015
2019,aut,48.053999999999995
2020,aut,47.145
1991,bhs,23.221
1992,bhs,26.045
1993,bhs,29.298000000000002
1994,bhs,31.2
1995,bhs,31.041999999999998
1996,bhs,30.789
1997,bhs,30.243000000000002
1998,bhs,27.32
1999,bhs,25.936
2000,bhs,24.476
2001,bhs,23.588
2002,bhs,24.807
2003,bhs,26.601
2004,bhs,27.596
2005,bhs,29.298000000000002
2006,bhs,29.554000000000002
2007,bhs,29.982
2008,bhs,32.346
2009,bhs,38.399
2010,bhs,43.24100000000001
2011,bhs,44.878
2012,bhs,48.367
2013,bhs,56.364
2014,bhs,60.408
2015,bhs,61.573
2016,bhs,61.385
2017,bhs,61.076
2018,bhs,60.677
2019,bhs,60.178000000000004
2020,bhs,59.583
1990,bhr,-19.855999999999998
1991,bhr,-13.485999999999999
1992,bhr,-7.204
1993,bhr,-8.812999999999999
1994,bhr,-11.437999999999999
1995,bhr,-0.203
1996,bhr,-2.753
1997,bhr,-0.76
1998,bhr,4.76
1999,bhr,10.565
2000,bhr,12.661
2001,bhr,13.698
2002,bhr,16.155
2003,bhr,20.119
2004,bhr,29.398000000000003
2005,bhr,24.195
2006,bhr,20.253
2007,bhr,16.344
2008,bhr,12.562000000000001
2009,bhr,21.361
2010,bhr,29.704
2011,bhr,32.498000000000005
2012,bhr,36.306999999999995
2013,bhr,43.608000000000004
2014,bhr,43.763000000000005
2015,bhr,54.013000000000005
2016,bhr,56.98
2017,bhr,60.218
2018,bhr,64.03699999999999
2019,bhr,68.259
2020,bhr,72.767
1980,bel,0.0
1981,bel,0.0
1982,bel,0.0
1983,bel,0.0
1984,bel,0.0
1985,bel,0.0
1986,bel,0.0
1987,bel,0.0
1988,bel,0.0
1989,bel,0.0
1990,bel,0.0
1991,bel,0.0
1992,bel,0.0
1993,bel,0.0
1994,bel,0.0
1995,bel,0.0
1996,bel,0.0
1997,bel,0.0
1998,bel,90.228
1999,bel,85.166
2000,bel,80.001
2001,bel,76.195
2002,bel,73.21300000000001
2003,bel,72.029
2004,bel,65.97800000000001
2005,bel,64.191
2006,bel,60.669
2007,bel,54.119
2008,bel,56.095
2009,bel,60.743
2010,bel,59.251000000000005
2011,bel,60.207
2012,bel,61.883
2013,bel,63.6
2014,bel,65.363
2015,bel,67.061
2016,bel,67.594
2017,bel,67.259
2018,bel,66.305
2019,bel,64.804
2020,bel,62.924
2001,blz,82.375
2002,blz,87.64200000000001
2003,blz,100.34899999999999
2004,blz,97.72399999999999
2005,blz,95.89299999999999
2006,blz,90.632
2007,blz,85.976
2008,blz,79.75
2009,blz,83.663
2010,blz,83.212
2011,blz,79.393
2012,blz,74.977
2013,blz,75.277
2014,blz,76.314
2015,blz,75.742
2016,blz,95.62700000000001
2017,blz,91.91
2018,blz,90.35700000000001
2019,blz,89.346
2020,blz,88.26700000000001
2000,bol,58.93
2001,bol,51.729
2002,bol,62.11600000000001
2003,bol,66.444
2004,bol,81.006
2005,bol,71.08800000000001
2006,bol,41.886
2007,bol,27.258000000000003
2008,bol,20.607
2009,bol,23.144000000000002
2010,bol,18.382
2011,bol,14.437999999999999
2012,bol,11.046
2013,bol,10.166
2014,bol,11.97
2015,bol,18.294
2016,bol,26.99
2017,bol,35.673
2018,bol,42.76
2019,bol,43.445
2020,bol,43.8
1998,bih,50.713
1999,bih,53.335
2000,bih,32.223
2001,bih,30.826999999999998
2002,bih,26.456
2003,bih,22.16
2004,bih,19.724
2005,bih,19.107
2006,bih,13.162
2007,bih,4.3839999999999995
2008,bih,21.601
2009,bih,27.256
2010,bih,32.082
2011,bih,33.68
2012,bih,37.702
2013,bih,36.104
2014,bih,38.169000000000004
2015,bih,40.036
2016,bih,40.201
2017,bih,39.609
2018,bih,37.986999999999995
2019,bih,35.101
2020,bih,32.113
2000,bra,46.838
2001,bra,51.464
2002,bra,59.838
2003,bra,54.192
2004,bra,50.161
2005,bra,47.89
2006,bra,46.479
2007,bra,44.178999999999995
2008,bra,37.124
2009,bra,40.422
2010,bra,37.97
2011,bra,34.483000000000004
2012,bra,32.889
2013,bra,31.533
2014,bra,34.107
2015,bra,34.397
2016,bra,34.479
2017,bra,33.871
2018,bra,34.0
2019,bra,34.209
2020,bra,33.419000000000004
2000,bgr,21.901999999999997
2001,bgr,16.143
2002,bgr,7.76
2003,bgr,-8.884
2004,bgr,-12.812999999999999
2005,bgr,-7.529
2006,bgr,-10.309000000000001
2007,bgr,-9.865
2008,bgr,-13.232000000000001
2009,bgr,-13.411
2010,bgr,-13.35
2011,bgr,-11.284
2012,bgr,-10.19
2013,bgr,-8.009
2014,bgr,-2.5380000000000003
2015,bgr,0.397
2016,bgr,2.463
2017,bgr,3.82
2018,bgr,4.473
2019,bgr,4.452
2020,bgr,3.861
2002,cpv,80.014
2003,cpv,78.926
2004,cpv,81.227
2005,cpv,80.48899999999999
2006,cpv,74.078
2007,cpv,59.188
2008,cpv,52.632
2009,cpv,59.419
2010,cpv,64.48
2011,cpv,72.45
2012,cpv,86.928
2013,cpv,94.99700000000001
2014,cpv,107.691
2015,cpv,116.573
2016,cpv,118.695
2017,cpv,118.478
2018,cpv,115.072
2019,cpv,108.389
2020,cpv,102.506
1980,can,14.681
1981,can,13.690999999999999
1982,can,19.418
1983,can,25.959
1984,can,30.035
1985,can,35.835
1986,can,40.224000000000004
1987,can,39.842
1988,can,38.715
1989,can,41.715
1990,can,44.369
1991,can,51.306999999999995
1992,can,60.037
1993,can,65.139
1994,can,68.907
1995,can,71.719
1996,can,71.279
1997,can,66.661
1998,can,62.875
1999,can,57.03
2000,can,47.591
2001,can,45.159
2002,can,44.253
2003,can,40.596
2004,can,36.559
2005,can,31.628
2006,can,27.809
2007,can,24.346
2008,can,24.259
2009,can,29.944000000000003
2010,can,32.885
2011,can,34.552
2012,can,36.379
2013,can,37.126999999999995
2014,can,37.338
2015,can,38.311
2016,can,37.868
2017,can,37.141
2018,can,36.353
2019,can,35.491
2020,can,34.281
1992,chl,14.890999999999998
1993,chl,13.5
1994,chl,8.111
1995,chl,3.926
1996,chl,1.4580000000000002
1997,chl,-0.436
1998,chl,-0.27699999999999997
1999,chl,1.635
2000,chl,3.082
2001,chl,5.59
2002,chl,7.601
2003,chl,6.525
2004,chl,3.983
2005,chl,-0.005
2006,chl,-6.627999999999999
2007,chl,-12.966
2008,chl,-19.275
2009,chl,-10.562000000000001
2010,chl,-7.034
2011,chl,-8.616
2012,chl,-6.824
2013,chl,-5.659
2014,chl,-5.154
2015,chl,-2.668
2016,chl,-0.6559999999999999
2017,chl,0.6
2018,chl,1.2770000000000001
2019,chl,1.933
2020,chl,2.6060000000000003
1999,col,27.128
2000,col,31.906999999999996
2001,col,33.562
2002,col,30.76
2003,col,37.504
2004,col,32.696999999999996
2005,col,27.956
2006,col,25.195999999999998
2007,col,22.296
2008,col,21.988000000000003
2009,col,26.148000000000003
2010,col,29.02
2011,col,27.169
2012,col,22.820999999999998
2013,col,24.921
2014,col,27.888
2015,col,30.232
2016,col,30.487
2017,col,30.955
2018,col,31.018
2019,col,30.839000000000002
2020,col,30.392
2000,com,101.939
2001,com,89.705
2002,com,81.666
2003,com,74.824
2004,com,72.797
2005,com,67.52600000000001
2006,com,65.65100000000001
2007,com,61.794
2008,com,57.489
2009,com,53.527
2010,com,50.324
2011,com,46.132
2012,com,42.541000000000004
2013,com,18.146
2014,com,19.953
2015,com,19.757
2016,com,19.205
2017,com,18.577
2018,com,18.009
2019,com,15.888
2020,com,14.38
2000,cri,36.578
2001,cri,38.611
2002,cri,40.785
2003,cri,39.996
2004,cri,41.035
2005,cri,37.47
2006,cri,33.311
2007,cri,27.552
2008,cri,24.783
2009,cri,27.233
2010,cri,29.142
2011,cri,30.605
2012,cri,35.179
2013,cri,36.299
2014,cri,39.758
2015,cri,42.378
2016,cri,44.641000000000005
2017,cri,46.567
2018,cri,48.636
2019,cri,50.772
2020,cri,52.563
1995,dnk,38.162
1996,dnk,37.977
1997,dnk,36.416
1998,dnk,37.645
1999,dnk,30.636999999999997
2000,dnk,25.515
2001,dnk,21.961
2002,dnk,21.051
2003,dnk,18.391
2004,dnk,14.184000000000001
2005,dnk,9.461
2006,dnk,1.119
2007,dnk,-4.614
2008,dnk,-6.667000000000001
2009,dnk,-5.909
2010,dnk,-3.29
2011,dnk,1.129
2012,dnk,5.381
2013,dnk,2.697
2014,dnk,0.84
2015,dnk,3.073
2016,dnk,5.037
2017,dnk,6.726
2018,dnk,7.877999999999999
2019,dnk,8.511000000000001
2020,dnk,8.649
1990,dma,55.123999999999995
1991,dma,58.053999999999995
1992,dma,55.24
1993,dma,54.869
1994,dma,57.952
1995,dma,59.632
1996,dma,55.586000000000006
1997,dma,49.588
1998,dma,58.474
1999,dma,62.706
2000,dma,68.321
2001,dma,97.432
2002,dma,96.26899999999999
2003,dma,93.038
2004,dma,84.574
2005,dma,80.544
2006,dma,75.968
2007,dma,70.309
2008,dma,62.978
2009,dma,61.94
2010,dma,66.39
2011,dma,67.219
2012,dma,69.765
2013,dma,73.884
2014,dma,76.562
2015,dma,78.492
2016,dma,80.097
2017,dma,82.012
2018,dma,83.90799999999999
2019,dma,85.882
2020,dma,87.958
2002,egy,66.374
2003,egy,73.212
2004,egy,71.017
2005,egy,71.065
2006,egy,71.366
2007,egy,64.48899999999999
2008,egy,55.56399999999999
2009,egy,58.746
2010,egy,60.033
2011,egy,64.488
2012,egy,67.90100000000001
2013,egy,78.116
2014,egy,81.865
2015,egy,83.00200000000001
2016,egy,82.024
2017,egy,80.277
2018,egy,78.809
2019,egy,78.205
2020,egy,77.745
1980,gnq,142.24200000000002
1981,gnq,215.04
1982,gnq,253.56
1983,gnq,252.218
1984,gnq,250.905
1985,gnq,178.747
1986,gnq,148.308
1987,gnq,137.464
1988,gnq,150.291
1989,gnq,181.925
1990,gnq,152.72299999999998
1991,gnq,164.84400000000002
1992,gnq,133.138
1993,gnq,148.415
1994,gnq,210.084
1995,gnq,133.142
1996,gnq,88.699
1997,gnq,45.0
1998,gnq,57.618
1999,gnq,58.82899999999999
2000,gnq,33.131
2001,gnq,23.28
2002,gnq,20.04
2003,gnq,10.035
2004,gnq,5.94
2005,gnq,2.878
2006,gnq,1.569
2007,gnq,1.013
2008,gnq,0.5770000000000001
2009,gnq,7.209
2010,gnq,11.187999999999999
2011,gnq,7.7010000000000005
2012,gnq,10.171
2013,gnq,8.986
2014,gnq,7.564
2015,gnq,23.621
2016,gnq,28.226
2017,gnq,27.498
2018,gnq,25.78
2019,gnq,23.256999999999998
2020,gnq,20.544
1996,est,0.858
1997,est,0.494
1998,est,0.31
1999,est,0.457
2000,est,0.473
2001,est,-1.669
2002,est,-3.713
2003,est,-5.532
2004,est,-6.566
2005,est,-7.397
2006,est,-8.671
2007,est,-8.507
2008,est,-5.643
2009,est,-6.797999999999999
2010,est,-5.462000000000001
2011,est,-3.7880000000000003
2012,est,-5.796
2013,est,-3.8689999999999998
2014,est,-3.9010000000000002
2015,est,-2.322
2016,est,-1.672
2017,est,-1.2790000000000001
2018,est,-0.894
2019,est,-0.52
2020,est,-0.25
1992,eth,82.833
1993,eth,132.783
1994,eth,146.16
1995,eth,138.07299999999998
1996,eth,125.09200000000001
1997,eth,75.111
1998,eth,83.431
1999,eth,91.429
2000,eth,90.825
2001,eth,92.685
2002,eth,107.874
2003,eth,107.448
2004,eth,98.165
2005,eth,67.265
2006,eth,29.028000000000002
2007,eth,28.682
2008,eth,25.379
2009,eth,20.892
2010,eth,23.301
2011,eth,20.362000000000002
2012,eth,17.655
2013,eth,18.843
2014,eth,19.628
2015,eth,19.808
2016,eth,20.207
2017,eth,21.179000000000002
2018,eth,22.099
2019,eth,22.861
2020,eth,23.458000000000002
1992,fji,35.634
1993,fji,35.455
1994,fji,34.903
1995,fji,34.361999999999995
1996,fji,51.398999999999994
1997,fji,55.769
1998,fji,36.968
1999,fji,32.580999999999996
2000,fji,38.126999999999995
2001,fji,42.839
2002,fji,45.751000000000005
2003,fji,47.266000000000005
2004,fji,46.828
2005,fji,47.474
2006,fji,53.801
2007,fji,48.943999999999996
2008,fji,47.507
2009,fji,52.281000000000006
2010,fji,52.131
2011,fji,49.943999999999996
2012,fji,48.301
2013,fji,45.828
2014,fji,44.667
2015,fji,44.538000000000004
2016,fji,44.101000000000006
2017,fji,43.711000000000006
2018,fji,43.284
2019,fji,42.821999999999996
2020,fji,42.395
1980,fin,-170.328
1981,fin,-168.917
1982,fin,-155.694
1983,fin,-147.266
1984,fin,-146.648
1985,fin,-153.76
1986,fin,-158.217
1987,fin,-158.197
1988,fin,-165.459
1989,fin,-188.58900000000003
1990,fin,-200.328
1991,fin,-192.929
1992,fin,-140.907
1993,fin,-91.321
1994,fin,-93.149
1995,fin,-23.081999999999997
1996,fin,-38.39
1997,fin,-42.817
1998,fin,-83.47200000000001
1999,fin,-48.358999999999995
2000,fin,-30.078000000000003
2001,fin,-30.439
2002,fin,-30.236
2003,fin,-36.819
2004,fin,-44.743
2005,fin,-56.018
2006,fin,-66.521
2007,fin,-69.73899999999999
2008,fin,-49.968
2009,fin,-59.647
2010,fin,-62.131
2011,fin,-49.4
2012,fin,-50.805
2013,fin,-47.913000000000004
2014,fin,-44.718999999999994
2015,fin,-41.494
2016,fin,-38.551
2017,fin,-36.211999999999996
2018,fin,-34.177
2019,fin,-32.236999999999995
2020,fin,-30.430999999999997
1983,fra,13.088
1984,fra,15.075999999999999
1985,fra,22.623
1986,fra,25.375999999999998
1987,fra,24.552
1988,fra,24.686
1989,fra,24.763
1990,fra,25.511999999999997
1991,fra,28.055
1992,fra,30.935
1993,fra,35.486
1994,fra,41.32
1995,fra,46.32
1996,fra,49.335
1997,fra,50.449
1998,fra,50.766000000000005
1999,fra,50.483999999999995
2000,fra,49.848
2001,fra,49.681999999999995
2002,fra,51.409
2003,fra,55.031000000000006
2004,fra,56.77
2005,fra,58.77
2006,fra,57.838
2007,fra,57.748999999999995
2008,fra,60.315
2009,fra,70.061
2010,fra,73.74600000000001
2011,fra,76.381
2012,fra,81.517
2013,fra,84.706
2014,fra,87.429
2015,fra,89.3
2016,fra,90.354
2017,fra,90.223
2018,fra,89.234
2019,fra,87.199
2020,fra,84.395
2000,gmb,121.73700000000001
2001,gmb,125.027
2002,gmb,156.014
2003,gmb,152.389
2004,gmb,135.12
2005,gmb,135.995
2006,gmb,140.55100000000002
2007,gmb,60.909
2008,gmb,63.922
2009,gmb,62.583
2010,gmb,69.639
2011,gmb,77.274
2012,gmb,76.955
2013,gmb,83.323
2014,gmb,100.196
2015,gmb,100.01
2016,gmb,90.795
2017,gmb,84.537
2018,gmb,77.976
2019,gmb,72.12100000000001
2020,gmb,66.53699999999999
1991,deu,18.660999999999998
1992,deu,24.127
1993,deu,26.903000000000002
1994,deu,29.049
1995,deu,36.986999999999995
1996,deu,38.54
1997,deu,40.122
1998,deu,41.44
1999,deu,42.443000000000005
2000,deu,39.758
2001,deu,40.907
2002,deu,43.463
2003,deu,47.318999999999996
2004,deu,49.475
2005,deu,51.975
2006,deu,51.55
2007,deu,48.74
2008,deu,48.65
2009,deu,54.965
2010,deu,56.81100000000001
2011,deu,55.028999999999996
2012,deu,54.308
2013,deu,52.652
2014,deu,49.687
2015,deu,46.937
2016,deu,44.687
2017,deu,42.745
2018,deu,40.806999999999995
2019,deu,38.91
2020,deu,37.083
1990,gha,0.0
1991,gha,0.0
1992,gha,0.0
1993,gha,0.0
1994,gha,0.0
1995,gha,0.0
1996,gha,0.0
1997,gha,0.0
1998,gha,0.0
1999,gha,0.0
2000,gha,0.0
2001,gha,98.199
2002,gha,84.588
2003,gha,81.796
2004,gha,53.946999999999996
2005,gha,43.645
2006,gha,21.898000000000003
2007,gha,23.221999999999998
2008,gha,29.901
2009,gha,32.695
2010,gha,43.24100000000001
2011,gha,38.702
2012,gha,46.996
2013,gha,51.8
2014,gha,64.64699999999999
2015,gha,67.471
2016,gha,65.7
2017,gha,61.077
2018,gha,56.416000000000004
2019,gha,53.335
2020,gha,50.511
2012,grc,152.819
2013,grc,172.142
2014,grc,174.329
2015,grc,169.928
2016,grc,159.695
2017,grc,149.222
2018,grc,139.66299999999998
2019,grc,130.592
2020,grc,122.025
1996,grd,44.59
1997,grd,41.803999999999995
1998,grd,40.375
1999,grd,34.518
2000,grd,41.626000000000005
2001,grd,44.608000000000004
2002,grd,79.09
2003,grd,79.562
2004,grd,94.694
2005,grd,88.10600000000001
2006,grd,93.792
2007,grd,89.93700000000001
2008,grd,84.803
2009,grd,92.14200000000001
2010,grd,98.09
2011,grd,101.195
2012,grd,104.501
2013,grd,107.99
2014,grd,107.20299999999999
2015,grd,107.111
2016,grd,102.711
2017,grd,98.47399999999999
2018,grd,93.944
2019,grd,89.565
2020,grd,85.178
1990,gin,99.62700000000001
1991,gin,98.586
1992,gin,86.265
1993,gin,95.88
1994,gin,99.175
1995,gin,92.571
1996,gin,92.986
1997,gin,93.48299999999999
1998,gin,105.865
1999,gin,127.874
2000,gin,118.726
2001,gin,113.42
2002,gin,103.55
2003,gin,112.64
2004,gin,119.755
2005,gin,150.231
2006,gin,138.437
2007,gin,90.28200000000001
2008,gin,90.15799999999999
2009,gin,89.325
2010,gin,99.63799999999999
2011,gin,77.77
2012,gin,35.435
2013,gin,39.455
2014,gin,37.444
2015,gin,35.396
2016,gin,30.545
2017,gin,25.73
2018,gin,21.625999999999998
2019,gin,18.486
2020,gin,14.603
1997,guy,130.208
1998,guy,135.74
1999,guy,121.065
2000,guy,120.19
2001,guy,129.66
2002,guy,133.745
2003,guy,121.251
2004,guy,118.64399999999999
2005,guy,116.075
2006,guy,94.15700000000001
2007,guy,58.873999999999995
2008,guy,57.303000000000004
2009,guy,59.946999999999996
2010,guy,61.208
2011,guy,63.327
2012,guy,61.33
2013,guy,52.342
2014,guy,56.781000000000006
2015,guy,58.95399999999999
2016,guy,60.093
2017,guy,61.705
2018,guy,62.548
2019,guy,62.38
2020,guy,61.42100000000001
2005,hun,58.645
2006,hun,62.361000000000004
2007,hun,63.35
2008,hun,63.85
2009,hun,72.36
2010,hun,75.52
2011,hun,74.699
2012,hun,72.29899999999999
2013,hun,71.722
2014,hun,71.62899999999999
2015,hun,70.486
2016,hun,69.934
2017,hun,69.352
2018,hun,68.866
2019,hun,68.315
2020,hun,68.806
1980,isl,0.0
1981,isl,0.0
1982,isl,0.447
1983,isl,5.727
1984,isl,5.635
1985,isl,5.8660000000000005
1986,isl,8.737
1987,isl,7.894
1988,isl,9.55
1989,isl,16.832
1990,isl,18.491
1991,isl,19.221
1992,isl,25.844
1993,isl,33.672
1994,isl,36.611999999999995
1995,isl,38.467
1996,isl,38.266
1997,isl,36.371
1998,isl,40.863
1999,isl,36.172
2000,isl,34.665
2001,isl,39.808
2002,isl,36.99
2003,isl,35.675
2004,isl,29.726999999999997
2005,isl,18.668
2006,isl,20.355
2007,isl,17.434
2008,isl,53.132
2009,isl,66.436
2010,isl,65.604
2011,isl,61.696999999999996
2012,isl,63.958999999999996
2013,isl,62.775
2014,isl,58.306999999999995
2015,isl,52.472
2016,isl,48.448
2017,isl,45.102
2018,isl,42.442
2019,isl,39.937
2020,isl,37.419000000000004
1996,irn,10.12
1997,irn,9.461
1998,irn,10.687999999999999
1999,irn,7.787000000000001
2000,irn,6.434
2001,irn,-1.3519999999999999
2002,irn,9.257
2003,irn,7.479
2004,irn,4.981
2005,irn,-0.526
2006,irn,-0.8740000000000001
2007,irn,-2.675
2008,irn,-2.839
2009,irn,2.537
2010,irn,1.964
2011,irn,-2.6630000000000003
2012,irn,0.195
2013,irn,-3.98
2014,irn,-1.105
2015,irn,1.844
2016,irn,4.013
2017,irn,5.337000000000001
2018,irn,6.019
2019,irn,6.291
2020,irn,6.308
1980,irl,61.571999999999996
1981,irl,65.557
1982,irl,70.006
1983,irl,82.10799999999999
1984,irl,86.001
1985,irl,88.6
1986,irl,102.20299999999999
1987,irl,103.18700000000001
1988,irl,101.51299999999999
1989,irl,93.329
1990,irl,88.31200000000001
1991,irl,89.368
1992,irl,86.322
1993,irl,88.992
1994,irl,83.89299999999999
1995,irl,75.763
1996,irl,68.305
1997,irl,59.998000000000005
1998,irl,49.576
1999,irl,44.402
2000,irl,33.963
2001,irl,25.087
2002,irl,23.058000000000003
2003,irl,20.863000000000003
2004,irl,18.207
2005,irl,14.517999999999999
2006,irl,11.152000000000001
2007,irl,10.15
2008,irl,20.444000000000003
2009,irl,37.233000000000004
2010,irl,67.477
2011,irl,79.065
2012,irl,87.859
2013,irl,92.088
2014,irl,85.677
2015,irl,85.54700000000001
2016,irl,83.78299999999999
2017,irl,81.27600000000001
2018,irl,77.723
2019,irl,74.814
2020,irl,71.73
2000,isr,68.9
2001,isr,73.9
2002,isr,81.5
2003,isr,84.1
2004,isr,84.2
2005,isr,80.6
2006,isr,72.4
2007,isr,66.5
2008,isr,65.3
2009,isr,67.0
2010,isr,64.9
2011,isr,64.1
2012,isr,63.0
2013,isr,62.6
2014,isr,63.973
2015,isr,64.354
2016,isr,64.587
2017,isr,64.473
2018,isr,63.761
2019,isr,62.56
2020,isr,61.166000000000004
1988,ita,77.311
1989,ita,79.425
1990,ita,82.088
1991,ita,84.775
1992,ita,90.84200000000001
1993,ita,99.77600000000001
1994,ita,104.917
1995,ita,95.359
1996,ita,104.509
1997,ita,99.81299999999999
1998,ita,97.56
1999,ita,93.939
2000,ita,90.178
2001,ita,89.509
2002,ita,86.556
2003,ita,85.512
2004,ita,85.19
2005,ita,85.963
2006,ita,86.348
2007,ita,84.103
2008,ita,86.195
2009,ita,94.176
2010,ita,96.31700000000001
2011,ita,98.39
2012,ita,102.99600000000001
2013,ita,107.51
2014,ita,110.439
2015,ita,111.819
2016,ita,111.073
2017,ita,109.601
2018,ita,107.59700000000001
2019,ita,105.11
2020,ita,102.306
1980,jpn,16.397000000000002
1981,jpn,19.526
1982,jpn,21.886
1983,jpn,24.68
1984,jpn,25.75
1985,jpn,25.045
1986,jpn,24.125
1987,jpn,20.067999999999998
1988,jpn,16.942999999999998
1989,jpn,13.834000000000001
1990,jpn,12.902000000000001
1991,jpn,11.206
1992,jpn,13.28
1993,jpn,16.441
1994,jpn,18.826
1995,jpn,22.871
1996,jpn,28.147
1997,jpn,34.063
1998,jpn,44.711000000000006
1999,jpn,52.36
2000,jpn,58.846000000000004
2001,jpn,65.51
2002,jpn,74.497
2003,jpn,77.559
2004,jpn,82.406
2005,jpn,82.154
2006,jpn,81.028
2007,jpn,80.488
2008,jpn,95.281
2009,jpn,106.193
2010,jpn,113.124
2011,jpn,127.25
2012,jpn,129.09
2013,jpn,122.90299999999999
2014,jpn,127.339
2015,jpn,129.563
2016,jpn,131.872
2017,jpn,134.188
2018,jpn,135.757
2019,jpn,137.363
2020,jpn,138.685
1988,jor,171.97799999999998
1989,jor,203.78900000000002
1990,jor,212.972
1991,jor,191.97299999999998
1992,jor,143.474
1993,jor,129.724
1994,jor,116.795
1995,jor,107.63600000000001
1996,jor,103.06
1997,jor,95.16799999999999
1998,jor,104.36399999999999
1999,jor,101.321
2000,jor,88.244
2001,jor,92.62299999999999
2002,jor,94.99
2003,jor,98.103
2004,jor,88.74799999999999
2005,jor,83.96
2006,jor,68.855
2007,jor,67.595
2008,jor,54.838
2009,jor,57.123999999999995
2010,jor,61.096000000000004
2011,jor,65.444
2012,jor,75.48899999999999
2013,jor,83.485
2014,jor,84.17299999999999
2015,jor,86.059
2016,jor,79.743
2017,jor,77.193
2018,jor,73.55199999999999
2019,jor,70.296
2020,jor,67.574
2002,kaz,7.852
2003,kaz,3.58
2004,kaz,0.027999999999999997
2005,kaz,-6.129
2006,kaz,-10.855
2007,kaz,-13.792
2008,kaz,-13.913
2009,kaz,-11.044
2010,kaz,-10.249
2011,kaz,-13.015
2012,kaz,-16.292
2013,kaz,-17.965999999999998
2014,kaz,-20.147000000000002
2015,kaz,-18.134
2016,kaz,-15.370999999999999
2017,kaz,-14.382
2018,kaz,-13.565999999999999
2019,kaz,-13.556
2020,kaz,-13.81
1998,ken,50.783
1999,ken,50.333
2000,ken,49.836000000000006
2001,ken,52.5
2002,ken,58.442
2003,ken,56.302
2004,ken,49.66
2005,ken,43.792
2006,ken,39.906
2007,ken,34.423
2008,ken,37.132
2009,ken,36.864000000000004
2010,ken,40.223
2011,ken,39.061
2012,ken,37.063
2013,ken,38.387
2014,ken,44.865
2015,ken,47.397
2016,ken,48.75899999999999
2017,ken,48.263000000000005
2018,ken,47.428999999999995
2019,ken,46.363
2020,ken,45.312
2001,kor,17.51
2002,kor,17.367
2003,kor,20.254
2004,kor,22.549
2005,kor,25.476
2006,kor,27.639
2007,kor,26.865
2008,kor,26.81
2009,kor,29.901
2010,kor,29.764
2011,kor,30.555
2012,kor,30.478
2013,kor,33.29
2014,kor,35.129
2015,kor,36.344
2016,kor,37.571
2017,kor,38.155
2018,kor,38.306999999999995
2019,kor,38.005
2020,kor,37.378
2000,lva,10.097999999999999
2001,lva,10.198
2002,lva,10.574000000000002
2003,lva,11.468
2004,lva,10.482000000000001
2005,lva,9.267000000000001
2006,lva,7.016
2007,lva,4.453
2008,lva,11.043
2009,lva,21.287
2010,lva,28.412
2011,lva,30.041
2012,lva,29.377
2013,lva,32.186
2014,lva,34.873000000000005
2015,lva,34.826
2016,lva,34.19
2017,lva,33.928000000000004
2018,lva,32.455999999999996
2019,lva,30.945999999999998
2020,lva,29.474
2000,lbn,143.22799999999998
2001,lbn,158.993
2002,lbn,155.657
2003,lbn,166.28
2004,lbn,165.666
2005,lbn,172.40599999999998
2006,lbn,180.199
2007,lbn,165.183
2008,lbn,151.166
2009,lbn,132.121
2010,lbn,129.024
2011,lbn,128.276
2012,lbn,123.485
2013,lbn,124.189
2014,lbn,125.66799999999999
2015,lbn,123.83200000000001
2016,lbn,127.126
2017,lbn,130.089
2018,lbn,133.201
2019,lbn,135.26
2020,lbn,137.404
2000,lso,0.264
2001,lso,0.128
2002,lso,0.129
2003,lso,25.06
2004,lso,16.486
2005,lso,20.796999999999997
2006,lso,6.584
2007,lso,-3.1689999999999996
2008,lso,-11.715
2009,lso,-17.528
2010,lso,-4.893
2011,lso,1.722
2012,lso,-5.928
2013,lso,-4.718999999999999
2014,lso,-0.434
2015,lso,4.34
2016,lso,7.829
2017,lso,12.444
2018,lso,17.721
2019,lso,24.230999999999998
2020,lso,29.934
2000,lbr,710.4780000000001
2001,lbr,696.78
2002,lbr,685.693
2003,lbr,876.7260000000001
2004,lbr,781.265
2005,lbr,691.935
2006,lbr,625.164
2007,lbr,462.99800000000005
2008,lbr,288.491
2009,lbr,122.291
2010,lbr,-19.405
2011,lbr,-16.906
2012,lbr,-8.204
2013,lbr,-2.5469999999999997
2014,lbr,3.781
2015,lbr,10.482000000000001
2016,lbr,16.945999999999998
2017,lbr,20.515
2018,lbr,24.651999999999997
2019,lbr,24.820999999999998
2020,lbr,24.646
1990,lby,60.217
1991,lby,54.879
1992,lby,53.393
1993,lby,53.706
1994,lby,51.535
1995,lby,50.782
1996,lby,42.592
1997,lby,36.316
1998,lby,37.027
1999,lby,27.383000000000003
2000,lby,5.537000000000001
2001,lby,4.265
2002,lby,-0.28300000000000003
2003,lby,-13.437000000000001
2004,lby,-44.339
2005,lby,-59.007
2006,lby,-77.818
2007,lby,-77.585
2008,lby,-70.215
2009,lby,-93.595
2010,lby,-86.853
2011,lby,-170.453
2012,lby,-83.646
2013,lby,-92.87100000000001
2014,lby,-102.59
2015,lby,-49.94
2016,lby,3.596
2017,lby,18.147000000000002
2018,lby,30.766
2019,lby,36.486
2020,lby,46.044
2000,ltu,19.557000000000002
2001,ltu,18.637999999999998
2002,ltu,17.225
2003,ltu,15.615
2004,ltu,14.455
2005,ltu,13.815
2006,ltu,11.001
2007,ltu,10.98
2008,ltu,12.612
2009,ltu,23.024
2010,ltu,29.16
2011,ltu,32.894
2012,ltu,33.736
2013,ltu,16.44
2014,ltu,15.962
2015,ltu,17.18
2016,ltu,18.344
2017,ltu,19.102
2018,ltu,19.590999999999998
2019,ltu,19.989
2020,ltu,20.137
1999,mkd,26.578000000000003
2000,mkd,39.611
2001,mkd,36.929
2002,mkd,34.774
2003,mkd,32.935
2004,mkd,30.663
2005,mkd,29.673000000000002
2006,mkd,22.311
2007,mkd,19.814
2008,mkd,18.544
2009,mkd,21.052
2010,mkd,21.658
2011,mkd,26.085
2012,mkd,29.506999999999998
2013,mkd,30.413
2014,mkd,33.11
2015,mkd,35.464
2016,mkd,36.931
2017,mkd,37.84
2018,mkd,38.510999999999996
2019,mkd,39.14
2020,mkd,39.946
2005,mwi,136.968
2006,mwi,33.944
2007,mwi,29.831999999999997
2008,mwi,38.407
2009,mwi,39.578
2010,mwi,32.388000000000005
2011,mwi,36.2
2012,mwi,49.722
2013,mwi,64.861
2014,mwi,56.641999999999996
2015,mwi,50.198
2016,mwi,44.052
2017,mwi,39.5
2018,mwi,35.249
2019,mwi,31.662
2020,mwi,27.162
1990,mdv,0.0
1991,mdv,0.0
1992,mdv,0.0
1993,mdv,0.0
1994,mdv,0.0
1995,mdv,0.0
1996,mdv,0.0
1997,mdv,30.901999999999997
1998,mdv,31.927
1999,mdv,31.259
2000,mdv,31.834
2001,mdv,30.733
2002,mdv,33.080999999999996
2003,mdv,30.605999999999998
2004,mdv,27.831
2005,mdv,35.247
2006,mdv,31.603
2007,mdv,31.23
2008,mdv,32.062
2009,mdv,47.81100000000001
2010,mdv,55.269
2011,mdv,55.605
2012,mdv,58.93600000000001
2013,mdv,63.037
2014,mdv,71.078
2015,mdv,74.962
2016,mdv,77.161
2017,mdv,78.84100000000001
2018,mdv,80.05199999999999
2019,mdv,80.991
2020,mdv,82.053
2000,mli,100.663
2001,mli,88.205
2002,mli,51.229
2003,mli,40.781
2004,mli,39.747
2005,mli,47.725
2006,mli,14.821
2007,mli,15.015999999999998
2008,mli,16.256
2009,mli,14.078
2010,mli,19.195
2011,mli,20.836
2012,mli,25.131
2013,mli,26.829
2014,mli,27.180999999999997
2015,mli,30.258000000000003
2016,mli,31.605999999999998
2017,mli,31.503
2018,mli,31.676
2019,mli,31.939
2020,mli,32.444
2000,mus,45.298
2001,mus,44.801
2002,mus,52.532
2003,mus,59.103
2004,mus,51.696999999999996
2005,mus,53.53
2006,mus,51.015
2007,mus,47.283
2008,mus,44.03
2009,mus,52.118
2010,mus,51.92
2011,mus,52.111999999999995
2012,mus,51.481
2013,mus,53.833999999999996
2014,mus,52.81399999999999
2015,mus,53.626000000000005
2016,mus,54.082
2017,mus,54.549
2018,mus,55.125
2019,mus,55.809
2020,mus,56.299
1996,mex,0.0
1997,mex,0.0
1998,mex,37.713
1999,mex,38.778
2000,mex,35.404
2001,mex,35.591
2002,mex,38.065
2003,mex,35.583
2004,mex,32.836999999999996
2005,mex,31.502
2006,mex,29.753
2007,mex,29.066
2008,mex,33.152
2009,mex,36.235
2010,mex,36.238
2011,mex,37.461
2012,mex,37.695
2013,mex,40.346
2014,mex,43.676
2015,mex,45.007
2016,mex,45.318999999999996
2017,mex,45.273999999999994
2018,mex,44.57899999999999
2019,mex,43.833999999999996
2020,mex,43.128
1995,mda,79.48
1996,mda,87.492
1997,mda,89.04899999999999
1998,mda,159.41
1999,mda,150.739
2000,mda,83.40799999999999
2001,mda,74.615
2002,mda,69.16
2003,mda,57.948
2004,mda,43.647
2005,mda,35.928000000000004
2006,mda,30.904
2007,mda,24.609
2008,mda,19.257
2009,mda,29.125
2010,mda,26.851999999999997
2011,mda,24.149
2012,mda,24.538
2013,mda,23.793000000000003
2014,mda,31.491999999999997
2015,mda,47.972
2016,mda,50.763999999999996
2017,mda,52.203
2018,mda,54.431999999999995
2019,mda,56.559
2020,mda,58.438
1990,mar,79.816
1991,mar,66.623
1992,mar,76.322
1993,mar,84.915
1994,mar,78.328
1995,mar,82.039
1996,mar,73.517
1997,mar,77.04
1998,mar,72.723
1999,mar,71.711
2000,mar,73.469
2001,mar,65.845
2002,mar,64.577
2003,mar,61.501000000000005
2004,mar,58.598
2005,mar,61.918
2006,mar,56.843999999999994
2007,mar,53.093
2008,mar,46.56
2009,mar,46.446999999999996
2010,mar,49.8
2011,mar,53.272
2012,mar,59.121
2013,mar,62.882
2014,mar,63.383
2015,mar,65.029
2016,mar,64.348
2017,mar,63.028999999999996
2018,mar,61.559
2019,mar,59.919
2020,mar,58.229
1993,nam,17.367
1994,nam,17.028
1995,nam,18.977999999999998
1996,nam,20.15
1997,nam,19.018
1998,nam,21.072
1999,nam,22.36
2000,nam,19.937
2001,nam,22.215999999999998
2002,nam,21.784000000000002
2003,nam,24.945
2004,nam,27.49
2005,nam,26.049
2006,nam,20.3
2007,nam,12.637
2008,nam,8.948
2009,nam,8.602
2010,nam,11.812999999999999
2011,nam,18.434
2012,nam,18.039
2013,nam,20.849
2014,nam,20.728
2015,nam,22.54
2016,nam,26.225
2017,nam,29.156999999999996
2018,nam,31.033
2019,nam,31.881
2020,nam,32.801
1995,nld,38.226
1996,nld,36.633
1997,nld,33.65
1998,nld,30.934
1999,nld,20.678
2000,nld,18.267
2001,nld,19.081
2002,nld,21.747
2003,nld,21.964000000000002
2004,nld,23.515
2005,nld,21.85
2006,nld,20.599
2007,nld,17.685
2008,nld,16.156
2009,nld,20.079
2010,nld,23.326
2011,nld,26.379
2012,nld,30.427
2013,nld,32.598
2014,nld,34.418
2015,nld,35.31
2016,nld,34.968
2017,nld,34.317
2018,nld,33.594
2019,nld,32.852
2020,nld,32.106
1985,nzl,42.693000000000005
1986,nzl,46.611000000000004
1987,nzl,44.552
1988,nzl,43.676
1989,nzl,48.598
1990,nzl,49.605
1991,nzl,52.512
1992,nzl,53.321000000000005
1993,nzl,47.824
1994,nzl,43.608999999999995
1995,nzl,38.272
1996,nzl,31.92
1997,nzl,29.250999999999998
1998,nzl,26.654
1999,nzl,23.307
2000,nzl,21.465
2001,nzl,19.922
2002,nzl,18.66
2003,nzl,17.06
2004,nzl,14.28
2005,nzl,11.175999999999998
2006,nzl,8.689
2007,nzl,6.419
2008,nzl,7.281000000000001
2009,nzl,11.519
2010,nzl,16.724
2011,nzl,21.774
2012,nzl,24.918000000000003
2013,nzl,25.706999999999997
2014,nzl,25.844
2015,nzl,26.159000000000002
2016,nzl,25.635
2017,nzl,24.399
2018,nzl,22.737
2019,nzl,20.793000000000003
2020,nzl,18.617
1995,ner,-0.6559999999999999
1996,ner,0.955
1997,ner,3.424
1998,ner,3.6919999999999997
1999,ner,0.778
2000,ner,0.299
2001,ner,-0.381
2002,ner,1.4680000000000002
2003,ner,1.78
2004,ner,2.801
2005,ner,2.457
2006,ner,-37.003
2007,ner,2.11
2008,ner,1.135
2009,ner,1.4769999999999999
2010,ner,1.5430000000000001
2011,ner,3.165
2012,ner,2.0269999999999997
2013,ner,2.717
2014,ner,13.29
2015,ner,4.602
2016,ner,3.299
2017,ner,3.498
2018,ner,3.549
2019,ner,3.498
2020,ner,3.4530000000000003
2000,nga,63.721000000000004
2001,nga,65.117
2002,nga,49.835
2003,nga,45.31
2004,nga,31.889
2005,nga,19.486
2006,nga,3.451
2007,nga,8.378
2008,nga,0.456
2009,nga,6.6770000000000005
2010,nga,8.847000000000001
2011,nga,9.032
2012,nga,8.05
2013,nga,9.942
2014,nga,9.919
2015,nga,11.455
2016,nga,11.147
2017,nga,10.775
2018,nga,10.228
2019,nga,9.985
2020,nga,10.042
1980,nor,0.353
1981,nor,-1.99
1982,nor,-4.27
1983,nor,-7.553999999999999
1984,nor,-11.25
1985,nor,-14.347999999999999
1986,nor,-18.689
1987,nor,-19.019000000000002
1988,nor,-32.29
1989,nor,-31.451
1990,nor,-31.406
1991,nor,-37.207
1992,nor,-34.846
1993,nor,-32.126
1994,nor,-30.428
1995,nor,-40.459
1996,nor,-44.586000000000006
1997,nor,-51.2
1998,nor,-55.783
1999,nor,-60.126999999999995
2000,nor,-70.51
2001,nor,-88.286
2002,nor,-84.536
2003,nor,-98.535
2004,nor,-107.352
2005,nor,-122.60700000000001
2006,nor,-136.2
2007,nor,-142.615
2008,nor,-127.994
2009,nor,-157.405
2010,nor,-167.014
2011,nor,-161.872
2012,nor,-170.65599999999998
2013,nor,-204.692
2014,nor,-244.226
2015,nor,-248.102
2016,nor,-248.80900000000003
2017,nor,-248.855
2018,nor,-248.15200000000002
2019,nor,-246.80599999999998
2020,nor,-245.023
2001,pak,78.953
2002,pak,70.833
2003,pak,65.069
2004,pak,57.927
2005,pak,55.652
2006,pak,50.556999999999995
2007,pak,47.938
2008,pak,53.156000000000006
2009,pak,55.521
2010,pak,57.924
2011,pak,56.246
2012,pak,60.644
2013,pak,61.174
2014,pak,60.97
2015,pak,60.825
2016,pak,60.773
2017,pak,59.681999999999995
2018,pak,58.16
2019,pak,57.018
2020,pak,55.567
1991,pan,115.744
1992,pan,101.834
1993,pan,93.266
1994,pan,87.477
1995,pan,85.585
1996,pan,72.597
1997,pan,67.12100000000001
1998,pan,64.828
1999,pan,61.496
2000,pan,59.753
2001,pan,64.477
2002,pan,63.538999999999994
2003,pan,60.059
2004,pan,62.251999999999995
2005,pan,62.605
2006,pan,59.427
2007,pan,51.528
2008,pan,44.184
2009,pan,43.488
2010,pan,39.628
2011,pan,39.794000000000004
2012,pan,39.156
2013,pan,38.626
2014,pan,42.651
2015,pan,40.36
2016,pan,44.504
2017,pan,42.656000000000006
2018,pan,40.073
2019,pan,38.176
2020,pan,36.474000000000004
2000,per,37.244
2001,per,36.647
2002,per,37.779
2003,per,38.34
2004,per,34.653
2005,per,31.651
2006,per,23.975
2007,per,16.74
2008,per,13.009
2009,per,12.229000000000001
2010,per,10.263
2011,per,6.932
2012,per,4.519
2013,per,3.478
2014,per,3.4189999999999996
2015,per,4.945
2016,per,6.018
2017,per,6.809
2018,per,7.337000000000001
2019,per,7.733
2020,per,8.094
1995,pol,-3.383
1996,pol,-1.287
1997,pol,0.068
1998,pol,1.4340000000000002
1999,pol,6.346
2000,pol,6.917999999999999
2001,pol,13.9
2002,pol,13.350999999999999
2003,pol,17.567999999999998
2004,pol,15.100999999999999
2005,pol,15.841
2006,pol,14.918
2007,pol,10.131
2008,pol,9.906
2009,pol,14.705
2010,pol,19.824
2011,pol,24.392
2012,pol,25.574
2013,pol,29.015
2014,pol,22.13
2015,pol,23.756999999999998
2016,pol,24.511
2017,pol,25.2
2018,pol,25.455
2019,pol,25.212
2020,pol,25.095
1997,prt,46.354
1998,prt,42.461999999999996
1999,prt,41.56
2000,prt,41.498000000000005
2001,prt,45.809
2002,prt,47.278
2003,prt,50.117
2004,prt,52.043
2005,prt,56.155
2006,prt,56.658
2007,prt,61.427
2008,prt,67.624
2009,prt,79.742
2010,prt,91.934
2011,prt,100.90299999999999
2012,prt,115.915
2013,prt,119.436
2014,prt,120.06700000000001
2015,prt,119.22200000000001
2016,prt,118.48899999999999
2017,prt,117.81700000000001
2018,prt,117.414
2019,prt,117.031
2020,prt,116.384
1990,qat,8.131
1991,qat,14.217
1992,qat,9.161
1993,qat,32.856
1994,qat,39.713
1995,qat,38.234
1996,qat,43.129
1997,qat,39.649
1998,qat,55.318000000000005
1999,qat,62.273
2000,qat,46.95
2001,qat,51.522
2002,qat,35.071999999999996
2003,qat,27.02
2004,qat,19.898
2005,qat,12.683
2006,qat,7.837000000000001
2007,qat,3.7260000000000004
2008,qat,7.471
2009,qat,29.951999999999998
2010,qat,33.769
2011,qat,26.865
2012,qat,27.462
2013,qat,17.468
2014,qat,18.579
2015,qat,18.13
2016,qat,16.269000000000002
2017,qat,13.267999999999999
2018,qat,9.232999999999999
2019,qat,6.6579999999999995
2020,qat,4.816
1999,sau,30.773000000000003
2000,sau,19.149
2001,sau,16.599
2002,sau,19.218
2003,sau,5.422000000000001
2004,sau,-10.440999999999999
2005,sau,-38.102
2006,sau,-50.023
2007,sau,-73.695
2008,sau,-83.899
2009,sau,-97.52600000000001
2010,sau,-90.736
2011,sau,-81.207
2012,sau,-91.223
2013,sau,-100.057
2014,sau,-97.14200000000001
2015,sau,-87.52
2016,sau,-71.97800000000001
2017,sau,-60.728
2018,sau,-50.733000000000004
2019,sau,-42.148
2020,sau,-34.156
2000,srb,222.09900000000002
2001,srb,104.45700000000001
2002,srb,72.558
2003,srb,67.92
2004,srb,58.582
2005,srb,49.24100000000001
2006,srb,32.391
2007,srb,26.965999999999998
2008,srb,28.805
2009,srb,30.783
2010,srb,38.905
2011,srb,40.983000000000004
2012,srb,52.121
2013,srb,53.121
2014,srb,68.102
2015,srb,72.789
2016,srb,74.688
2017,srb,74.57300000000001
2018,srb,72.906
2019,srb,71.31
2020,srb,69.075
2001,syc,193.88299999999998
2002,syc,193.653
2003,syc,168.56400000000002
2004,syc,154.596
2005,syc,137.29
2006,syc,123.359
2007,syc,126.756
2008,syc,126.09100000000001
2009,syc,119.194
2010,syc,75.808
2011,syc,69.0
2012,syc,65.419
2013,syc,52.981
2014,syc,48.144
2015,syc,47.52
2016,syc,43.306999999999995
2017,syc,39.205
2018,syc,34.541
2019,syc,29.99
2020,syc,26.401999999999997
2000,sle,0.0
2001,sle,0.0
2002,sle,0.0
2003,sle,0.0
2004,sle,0.0
2005,sle,0.0
2006,sle,0.0
2007,sle,0.0
2008,sle,0.0
2009,sle,0.0
2010,sle,0.0
2011,sle,0.0
2012,sle,0.0
2013,sle,0.0
2014,sle,0.0
2015,sle,0.0
2016,sle,0.0
2017,sle,0.0
2018,sle,0.0
2019,sle,0.0
2020,sle,0.0
2003,slb,69.601
2004,slb,51.321000000000005
2005,slb,45.578
2006,slb,41.681000000000004
2007,slb,35.435
2008,slb,30.896
2009,slb,28.125
2010,slb,18.849
2011,slb,6.625
2012,slb,5.669
2013,slb,6.324
2014,slb,4.907
2015,slb,7.135
2016,slb,8.139
2017,slb,8.161
2018,slb,7.349
2019,slb,6.231
2020,slb,5.132999999999999
2000,zaf,41.5
2001,zaf,42.022
2002,zaf,35.093
2003,zaf,34.755
2004,zaf,33.591
2005,zaf,28.686999999999998
2006,zaf,25.895
2007,zaf,22.85
2008,zaf,21.74
2009,zaf,25.37
2010,zaf,28.514
2011,zaf,31.32
2012,zaf,34.747
2013,zaf,37.631
2014,zaf,40.465
2015,zaf,42.549
2016,zaf,43.653
2017,zaf,44.626000000000005
2018,zaf,45.743
2019,zaf,46.835
2020,zaf,47.106
2012,ssd,6.316
2013,ssd,13.470999999999998
2014,ssd,23.732
2015,ssd,17.976
2016,ssd,23.255
2017,ssd,21.265
2018,ssd,23.583000000000002
2019,ssd,26.211
2020,ssd,26.706999999999997
1985,esp,24.976
1986,esp,28.038
1987,esp,28.625999999999998
1988,esp,29.246
1989,esp,28.771
1990,esp,29.558000000000003
1991,esp,30.928
1992,esp,33.489000000000004
1993,esp,38.418
1994,esp,44.044
1995,esp,55.566
1996,esp,58.586000000000006
1997,esp,58.386
1998,esp,55.955
1999,esp,53.172
2000,esp,49.107
2001,esp,46.326
2002,esp,42.858999999999995
2003,esp,40.317
2004,esp,37.718
2005,esp,34.053000000000004
2006,esp,29.971999999999998
2007,esp,26.017
2008,esp,30.017
2009,esp,24.348000000000003
2010,esp,32.516
2011,esp,39.315
2012,esp,51.888999999999996
2013,esp,59.486000000000004
2014,esp,64.797
2015,esp,67.415
2016,esp,68.753
2017,esp,69.596
2018,esp,69.708
2019,esp,69.195
2020,esp,68.449
1990,vct,55.856
1991,vct,53.305
1992,vct,50.461999999999996
1993,vct,49.233000000000004
1994,vct,53.544
1995,vct,47.385
1996,vct,40.903
1997,vct,38.998000000000005
1998,vct,39.626999999999995
1999,vct,53.36600000000001
2000,vct,54.16
2001,vct,51.941
2002,vct,52.861999999999995
2003,vct,54.373000000000005
2004,vct,59.095
2005,vct,61.435
2006,vct,58.843999999999994
2007,vct,51.353
2008,vct,54.336999999999996
2009,vct,60.412
2010,vct,62.403999999999996
2011,vct,64.808
2012,vct,69.444
2013,vct,69.548
2014,vct,70.85
2015,vct,72.718
2016,vct,73.54899999999999
2017,vct,73.243
2018,vct,72.02
2019,vct,70.582
2020,vct,69.152
1993,swz,17.410999999999998
1994,swz,15.125
1995,swz,14.222999999999999
1996,swz,14.993
1997,swz,12.565999999999999
1998,swz,18.282
1999,swz,19.093
2000,swz,21.428
2001,swz,21.634
2002,swz,20.268
2003,swz,19.261
2004,swz,13.585
2005,swz,8.854
2006,swz,5.681
2007,swz,-1.3319999999999999
2008,swz,-6.474
2009,swz,-5.13
2010,swz,4.675
2011,swz,7.667999999999999
2012,swz,5.64
2013,swz,3.967
2014,swz,5.3
2015,swz,8.027999999999999
2016,swz,11.331
2017,swz,16.044
2018,swz,19.355
2019,swz,22.715999999999998
2020,swz,26.122
1993,swe,9.158999999999999
1994,swe,14.894
1995,swe,13.07
1996,swe,13.597999999999999
1997,swe,12.581
1998,swe,11.224
1999,swe,6.287000000000001
2000,swe,1.115
2001,swe,1.5819999999999999
2002,swe,7.433
2003,swe,4.728
2004,swe,3.2239999999999998
2005,swe,-1.203
2006,swe,-12.025
2007,swe,-16.244
2008,swe,-11.624
2009,swe,-18.201
2010,swe,-20.576999999999998
2011,swe,-18.557000000000002
2012,swe,-22.346
2013,swe,-25.357
2014,swe,-21.401999999999997
2015,swe,-19.308
2016,swe,-17.892
2017,swe,-16.679000000000002
2018,swe,-15.8
2019,swe,-15.255999999999998
2020,swe,-15.07
1983,che,35.1
1984,che,34.661
1985,che,33.522
1986,che,32.768
1987,che,31.675
1988,che,30.006999999999998
1989,che,27.916999999999998
1990,che,13.485
1991,che,14.658
1992,che,18.314
1993,che,21.124000000000002
1994,che,23.695
1995,che,25.671999999999997
1996,che,27.750999999999998
1997,che,29.576999999999998
1998,che,30.675
1999,che,34.722
2000,che,34.851
2001,che,35.733000000000004
2002,che,39.699
2003,che,39.82
2004,che,45.736999999999995
2005,che,42.692
2006,che,37.468
2007,che,30.186
2008,che,28.458000000000002
2009,che,27.884
2010,che,27.299
2011,che,27.363000000000003
2012,che,26.833000000000002
2013,che,25.693
2014,che,24.750999999999998
2015,che,24.596999999999998
2016,che,24.21
2017,che,23.355
2018,che,22.329
2019,che,21.283
2020,che,20.252
1990,syr,173.297
1991,syr,163.215
1992,syr,151.503
1993,syr,148.736
1994,syr,136.865
1995,syr,123.898
1996,syr,109.333
1997,syr,111.647
1998,syr,115.287
1999,syr,107.641
2000,syr,112.85
2001,syr,105.766
2002,syr,95.696
2003,syr,95.147
2004,syr,85.38
2005,syr,31.24
2006,syr,28.816999999999997
2007,syr,27.041
2008,syr,21.688000000000002
2009,syr,17.937
2010,syr,18.807000000000002
2000,tto,46.574
2001,tto,47.217
2002,tto,50.523999999999994
2003,tto,44.602
2004,tto,34.624
2005,tto,24.3
2006,tto,14.850999999999999
2007,tto,10.647
2008,tto,5.026
2009,tto,9.875
2010,tto,10.529000000000002
2011,tto,8.775
2012,tto,15.27
2013,tto,12.674000000000001
2014,tto,13.664000000000001
2015,tto,15.207
2016,tto,19.215
2017,tto,23.945
2018,tto,28.612
2019,tto,33.082
2020,tto,37.667
1995,tur,43.74
1996,tur,47.047
1997,tur,44.273999999999994
1998,tur,44.771
1999,tur,62.51
2000,tur,57.537
2001,tur,75.975
2002,tur,70.575
2003,tur,63.97
2004,tur,55.016999999999996
2005,tur,45.972
2006,tur,38.978
2007,tur,32.71
2008,tur,32.54
2009,tur,37.485
2010,tur,34.69
2011,tur,31.31
2012,tur,27.769000000000002
2013,tur,27.377
2014,tur,25.456
2015,tur,25.923000000000002
2016,tur,25.543000000000003
2017,tur,25.511999999999997
2018,tur,25.858
2019,tur,26.533
2020,tur,27.28
1998,ukr,45.464
1999,ukr,58.158
2000,ukr,42.497
2001,ukr,33.955999999999996
2002,ukr,30.662
2003,ukr,26.104
2004,ukr,22.528000000000002
2005,ukr,13.399000000000001
2006,ukr,11.306
2007,ukr,9.71
2008,ukr,17.548
2009,ukr,30.799
2010,ukr,38.53
2011,ukr,34.479
2012,ukr,35.333
2013,ukr,38.437
2014,ukr,69.668
2015,ukr,91.48200000000001
2016,ukr,91.204
2017,ukr,87.65
2018,ukr,82.186
2019,ukr,76.298
2020,ukr,70.095
1999,are,-344.208
2000,are,-295.494
2001,are,-310.915
2002,are,-308.20599999999996
2003,are,-289.531
2004,are,-262.469
2005,are,-241.25599999999997
2006,are,-222.391
2007,are,-215.12900000000002
2008,are,-203.041
2009,are,-247.101
2010,are,-227.97
2011,are,-201.553
2012,are,-209.49599999999998
2013,are,-210.365
2014,are,-225.804
2015,are,-253.283
2016,are,-240.657
2017,are,-234.0
2018,are,-228.88
2019,are,-224.53099999999998
2020,are,-218.923
1980,gbr,43.74100000000001
1981,gbr,46.494
1982,gbr,46.498999999999995
1983,gbr,45.117
1984,gbr,45.731
1985,gbr,45.303999999999995
1986,gbr,44.183
1987,gbr,41.17
1988,gbr,36.998000000000005
1989,gbr,31.158
1990,gbr,27.851
1991,gbr,26.875999999999998
1992,gbr,28.410999999999998
1993,gbr,33.071999999999996
1994,gbr,38.554
1995,gbr,42.788000000000004
1996,gbr,46.016000000000005
1997,gbr,42.733000000000004
1998,gbr,40.275
1999,gbr,38.318000000000005
2000,gbr,32.679
2001,gbr,31.430999999999997
2002,gbr,31.55
2003,gbr,33.299
2004,gbr,36.084
2005,gbr,37.478
2006,gbr,37.946
2007,gbr,38.324
2008,gbr,45.708
2009,gbr,58.838
2010,gbr,69.068
2011,gbr,73.382
2012,gbr,77.08
2013,gbr,78.745
2014,gbr,80.999
2015,gbr,82.594
2016,gbr,83.10799999999999
2017,gbr,82.199
2018,gbr,80.398
2019,gbr,77.51
2020,gbr,74.664
2001,usa,33.775999999999996
2002,usa,36.356
2003,usa,39.733000000000004
2004,usa,46.89
2005,usa,46.27
2006,usa,44.74
2007,usa,44.458999999999996
2008,usa,50.418
2009,usa,62.05
2010,usa,69.535
2011,usa,76.077
2012,usa,79.217
2013,usa,79.497
2014,usa,79.67699999999999
2015,usa,80.428
2016,usa,80.699
2017,usa,80.52
2018,usa,80.523
2019,usa,81.194
2020,usa,82.064
2001,ury,34.985
2002,ury,75.699
2003,ury,71.057
2004,ury,61.201
2005,ury,50.723
2006,ury,47.443000000000005
2007,ury,37.808
2008,ury,31.612
2009,ury,31.936999999999998
2010,ury,31.699
2011,ury,28.725
2012,ury,25.991999999999997
2013,ury,24.426
2014,ury,22.848000000000003
2015,ury,23.755
2016,ury,25.673000000000002
2017,ury,26.918000000000003
2018,ury,27.993000000000002
2019,ury,29.131
2020,ury,30.578000000000003
2001,vnm,28.000999999999998
2002,vnm,30.734
2003,vnm,33.113
2004,vnm,38.951
2005,vnm,37.842
2006,vnm,38.407
2007,vnm,40.897
2008,vnm,39.419000000000004
2009,vnm,46.898
2010,vnm,48.353
2011,vnm,46.717
2012,vnm,48.527
2013,vnm,52.141000000000005
2014,vnm,58.733999999999995
2015,vnm,62.214
2016,vnm,64.39
2017,vnm,65.001
2018,vnm,64.78
2019,vnm,64.055
2020,vnm,63.157
1998,yem,119.301
1999,yem,94.469
2000,yem,56.798
2001,yem,54.486999999999995
2002,yem,49.96
2003,yem,52.167
2004,yem,45.466
2005,yem,37.065
2006,yem,32.999
2007,yem,35.236
2008,yem,31.421999999999997
2009,yem,43.633
2010,yem,38.275
2011,yem,42.34
2012,yem,45.276
2013,yem,46.711999999999996
2014,yem,47.972
2015,yem,52.763000000000005
2016,yem,53.21
2017,yem,53.358000000000004
2018,yem,52.836999999999996
2019,yem,52.058
2020,yem,50.791000000000004
2000,zmb,28.889
2001,zmb,21.893
2002,zmb,21.737
2003,zmb,23.921
2004,zmb,19.262
2005,zmb,13.093
2006,zmb,21.604
2007,zmb,17.601
2008,zmb,16.285
2009,zmb,16.465999999999998
2010,zmb,15.945
2011,zmb,16.229
2012,zmb,19.989
2013,zmb,25.006
2014,zmb,28.989
2015,zmb,31.923000000000002
2016,zmb,33.446999999999996
2017,zmb,34.323
2018,zmb,34.407
2019,zmb,34.357
2020,zmb,34.085
