year,country,ggxonlb_ngdp
2004,afg,-2.393
2005,afg,-0.917
2006,afg,0.684
2007,afg,-2.462
2008,afg,-3.864
2009,afg,-1.761
2010,afg,0.933
2011,afg,-0.573
2012,afg,0.257
2013,afg,-0.545
2014,afg,-2.167
2015,afg,-0.030
2016,afg,-0.471
2017,afg,0.067
2018,afg,-0.035
2019,afg,-0.144
2020,afg,-0.105
1997,alb,-6.148
1998,alb,-0.811
1999,alb,-1.062
2000,alb,-1.794
2001,alb,-2.555
2002,alb,-2.113
2003,alb,-0.591
2004,alb,-1.286
2005,alb,-0.218
2006,alb,-0.394
2007,alb,-0.534
2008,alb,-1.987
2009,alb,-3.413
2010,alb,-0.164
2011,alb,-0.355
2012,alb,-0.326
2013,alb,-1.984
2014,alb,-2.715
2015,alb,-1.364
2016,alb,-0.061
2017,alb,1.060
2018,alb,0.301
2019,alb,-0.030
2020,alb,0.168
1990,dza,4.809
1991,dza,5.611
1992,dza,2.901
1993,dza,-3.647
1994,dza,0.898
1995,dza,2.559
1996,dza,6.891
1997,dza,5.868
1998,dza,-1.331
1999,dza,1.054
2000,dza,12.666
2001,dza,5.796
2002,dza,2.755
2003,dza,5.728
2004,dza,5.155
2005,dza,13.398
2006,dza,13.765
2007,dza,6.048
2008,dza,8.833
2009,dza,-5.953
2010,dza,-0.832
2011,dza,-1.672
2012,dza,-4.988
2013,dza,-0.863
2014,dza,-6.319
2015,dza,-13.252
2016,dza,-10.267
2017,dza,-7.804
2018,dza,-5.725
2019,dza,-4.057
2020,dza,-2.822
2000,ago,8.226
2001,ago,8.867
2002,ago,-0.255
2003,ago,-4.086
2004,ago,3.722
2005,ago,11.364
2006,ago,13.399
2007,ago,5.813
2008,ago,-2.513
2009,ago,-5.633
2010,ago,4.631
2011,ago,9.645
2012,ago,5.543
2013,ago,0.492
2014,ago,-1.723
2015,ago,-2.715
2016,ago,-0.537
2017,ago,-0.317
2018,ago,-0.508
2019,ago,-0.870
2020,ago,-1.297
1990,atg,3.785
1991,atg,-1.504
1992,atg,1.867
1993,atg,0.262
1994,atg,-1.728
1995,atg,-1.385
1996,atg,1.207
1997,atg,1.719
1998,atg,-3.784
1999,atg,-0.973
2000,atg,-8.490
2001,atg,-10.662
2002,atg,-15.348
2003,atg,-14.942
2004,atg,-7.885
2005,atg,-11.613
2006,atg,-5.023
2007,atg,-1.849
2008,atg,-2.919
2009,atg,-11.049
2010,atg,1.853
2011,atg,-1.521
2012,atg,1.110
2013,atg,-1.608
2014,atg,-0.180
2015,atg,-7.405
2016,atg,5.028
2017,atg,4.896
2018,atg,4.805
2019,atg,4.814
2020,atg,4.822
1995,arg,-0.382
1996,arg,-0.903
1997,arg,0.240
1998,arg,0.489
1999,arg,-0.612
2000,arg,0.373
2001,arg,-1.080
2002,arg,0.777
2003,arg,2.780
2004,arg,4.545
2005,arg,3.644
2006,arg,3.244
2007,arg,1.948
2008,arg,2.273
2009,arg,0.192
2010,arg,1.266
2011,arg,-0.375
2012,arg,-0.467
2013,arg,-0.718
2014,arg,-1.020
2015,arg,-1.606
2016,arg,-1.424
2017,arg,-1.373
2018,arg,-1.269
2019,arg,-1.159
2020,arg,-1.091
2005,arm,-1.517
2006,arm,-1.611
2007,arm,-2.018
2008,arm,-1.465
2009,arm,-7.171
2010,arm,-4.107
2011,arm,-1.944
2012,arm,-0.589
2013,arm,-0.604
2014,arm,-0.730
2015,arm,-2.712
2016,arm,-0.814
2017,arm,0.047
2018,arm,0.435
2019,arm,0.626
2020,arm,0.676
1990,aus,2.392
1991,aus,-0.419
1992,aus,-2.540
1993,aus,-2.319
1994,aus,-1.214
1995,aus,0.072
1996,aus,1.135
1997,aus,1.776
1998,aus,1.733
1999,aus,2.264
2000,aus,2.531
2001,aus,0.684
2002,aus,0.804
2003,aus,1.242
2004,aus,1.316
2005,aus,1.568
2006,aus,1.470
2007,aus,1.284
2008,aus,-1.132
2009,aus,-4.464
2010,aus,-4.818
2011,aus,-3.974
2012,aus,-2.683
2013,aus,-2.207
2014,aus,-2.610
2015,aus,-2.240
2016,aus,-1.569
2017,aus,-0.900
2018,aus,-0.333
2019,aus,0.033
2020,aus,0.270
1988,aut,-1.506
1989,aut,-1.255
1990,aut,-0.784
1991,aut,-1.015
1992,aut,-0.170
1993,aut,-1.997
1994,aut,-2.510
1995,aut,-2.878
1996,aut,-1.009
1997,aut,0.662
1998,aut,0.249
1999,aut,0.197
2000,aut,0.700
2001,aut,2.168
2002,aut,1.306
2003,aut,0.752
2004,aut,-2.484
2005,aut,-0.023
2006,aut,-0.037
2007,aut,1.027
2008,aut,0.921
2009,aut,-2.723
2010,aut,-2.006
2011,aut,-0.259
2012,aut,0.004
2013,aut,0.666
2014,aut,-1.228
2015,aut,0.357
2016,aut,0.816
2017,aut,1.079
2018,aut,1.243
2019,aut,1.303
2020,aut,1.312
2000,aze,0.783
2001,aze,0.266
2002,aze,-0.090
2003,aze,-1.540
2004,aze,1.183
2005,aze,2.558
2006,aze,1.236
2007,aze,2.398
2008,aze,20.074
2009,aze,6.674
2010,aze,14.071
2011,aze,11.989
2012,aze,3.978
2013,aze,1.724
2014,aze,0.631
2015,aze,-5.491
2016,aze,1.685
2017,aze,2.783
2018,aze,4.634
2019,aze,5.558
2020,aze,5.948
1991,bhs,-1.882
1992,bhs,-0.578
1993,bhs,-0.365
1994,bhs,0.655
1995,bhs,1.401
1996,bhs,0.803
1997,bhs,-1.296
1998,bhs,0.357
1999,bhs,0.407
2000,bhs,0.912
2001,bhs,1.142
2002,bhs,-1.018
2003,bhs,-1.266
2004,bhs,-0.760
2005,bhs,-0.777
2006,bhs,0.140
2007,bhs,-0.685
2008,bhs,-0.093
2009,bhs,-2.578
2010,bhs,-2.048
2011,bhs,-2.019
2012,bhs,-3.276
2013,bhs,-4.184
2014,bhs,-1.720
2015,bhs,-0.927
2016,bhs,-0.138
2017,bhs,0.781
2018,bhs,1.161
2019,bhs,1.265
2020,bhs,1.363
1990,bhr,-10.666
1991,bhr,-7.685
1992,bhr,-9.535
1993,bhr,-3.923
1994,bhr,-6.032
1995,bhr,-3.355
1996,bhr,1.100
1997,bhr,-5.877
1998,bhr,-2.647
1999,bhr,-3.986
2000,bhr,10.048
2001,bhr,2.242
2002,bhr,-2.412
2003,bhr,-0.591
2004,bhr,1.177
2005,bhr,3.945
2006,bhr,3.397
2007,bhr,2.393
2008,bhr,4.811
2009,bhr,-5.007
2010,bhr,-4.892
2011,bhr,-0.420
2012,bhr,-1.864
2013,bhr,-2.772
2014,bhr,-3.981
2015,bhr,-7.619
2016,bhr,-3.626
2017,bhr,-2.542
2018,bhr,-2.258
2019,bhr,-2.057
2020,bhr,-1.990
1990,bgd,0.388
1991,bgd,1.309
1992,bgd,1.169
1993,bgd,1.225
1994,bgd,0.717
1995,bgd,0.300
1996,bgd,-1.480
1997,bgd,-1.447
1998,bgd,-1.569
1999,bgd,-0.338
2000,bgd,-1.549
2001,bgd,-2.676
2002,bgd,-1.182
2003,bgd,-0.720
2004,bgd,-1.213
2005,bgd,-1.416
2006,bgd,-1.016
2007,bgd,-0.593
2008,bgd,-1.888
2009,bgd,-1.031
2010,bgd,-0.819
2011,bgd,-1.887
2012,bgd,-1.052
2013,bgd,-1.379
2014,bgd,-0.919
2015,bgd,-1.177
2016,bgd,-1.037
2017,bgd,-0.963
2018,bgd,-0.577
2019,bgd,-0.667
2020,bgd,-0.464
1994,brb,3.582
1995,brb,3.511
1996,brb,1.386
1997,brb,-0.140
1998,brb,2.412
1999,brb,4.061
2000,brb,-0.620
2001,brb,3.020
2002,brb,-0.711
2003,brb,1.087
2004,brb,2.379
2005,brb,-0.441
2006,brb,2.370
2007,brb,0.215
2008,brb,-0.365
2009,brb,-2.715
2010,brb,-3.470
2011,brb,0.605
2012,brb,-3.954
2013,brb,-7.691
2014,brb,-3.494
2015,brb,-1.638
2016,brb,-1.421
2017,brb,-1.224
2018,brb,-0.845
2019,brb,-0.409
2020,brb,0.136
1998,blr,0.564
1999,blr,1.605
2000,blr,1.395
2001,blr,0.118
2002,blr,-0.208
2003,blr,2.960
2004,blr,2.037
2005,blr,2.267
2006,blr,1.577
2007,blr,1.919
2008,blr,2.468
2009,blr,0.399
2010,blr,0.213
2011,blr,5.348
2012,blr,3.097
2013,blr,0.108
2014,blr,1.396
2015,blr,-1.156
2016,blr,-0.533
2017,blr,-0.659
2018,blr,-0.698
2019,blr,-0.850
2020,blr,-0.973
1980,bel,-3.793
1981,bel,-8.262
1982,bel,-4.055
1983,bel,-5.844
1984,bel,-1.942
1985,bel,-0.636
1986,bel,-0.204
1987,bel,1.550
1988,bel,2.012
1989,bel,2.951
1990,bel,4.132
1991,bel,3.068
1992,bel,2.087
1993,bel,2.685
1994,bel,3.585
1995,bel,3.808
1996,bel,3.920
1997,bel,4.912
1998,bel,5.916
1999,bel,5.836
2000,bel,6.096
2001,bel,6.104
2002,bel,5.348
2003,bel,3.132
2004,bel,4.223
2005,bel,1.379
2006,bel,3.946
2007,bel,3.594
2008,bel,2.373
2009,bel,-2.103
2010,bel,-0.789
2011,bel,-0.773
2012,bel,-0.921
2013,bel,0.043
2014,bel,-0.310
2015,bel,-0.258
2016,bel,0.360
2017,bel,0.959
2018,bel,1.306
2019,bel,1.632
2020,bel,1.890
1996,blz,0.092
1997,blz,-0.846
1998,blz,-2.177
1999,blz,-5.751
2000,blz,-6.662
2001,blz,-6.535
2002,blz,-5.083
2003,blz,-3.639
2004,blz,-0.562
2005,blz,2.786
2006,blz,4.035
2007,blz,3.768
2008,blz,4.200
2009,blz,2.380
2010,blz,1.744
2011,blz,2.261
2012,blz,1.296
2013,blz,0.756
2014,blz,0.054
2016,blz,0.400
2017,blz,0.800
2018,blz,1.000
2019,blz,1.000
2020,blz,1.000
1990,ben,-4.313
1991,ben,-4.339
1992,ben,-3.209
1993,ben,-1.651
1994,ben,-3.211
1995,ben,-4.430
1996,ben,-1.824
1997,ben,-1.537
1998,ben,0.259
1999,ben,0.329
2000,ben,-4.658
2001,ben,-3.960
2002,ben,-4.158
2003,ben,-1.013
2004,ben,-0.334
2005,ben,-1.994
2007,ben,1.927
2008,ben,0.288
2009,ben,-2.799
2010,ben,0.145
2011,ben,-1.003
2012,ben,0.283
2013,ben,-1.573
2014,ben,-1.342
2015,ben,-1.512
2016,ben,-3.256
2017,ben,-3.259
2018,ben,-3.088
2019,ben,-1.253
2020,ben,-0.273
1982,btn,0.754
1983,btn,-1.488
1984,btn,1.735
1985,btn,-10.032
1986,btn,-4.130
1987,btn,-1.032
1988,btn,1.052
1989,btn,-10.846
1990,btn,-7.054
1991,btn,-0.131
1992,btn,-3.167
1993,btn,7.414
1994,btn,1.731
1995,btn,3.681
1996,btn,4.498
1997,btn,1.358
1998,btn,4.005
1999,btn,8.541
2000,btn,1.204
2001,btn,-12.873
2002,btn,-4.478
2003,btn,-9.883
2004,btn,2.552
2005,btn,-6.028
2006,btn,-0.159
2007,btn,1.622
2008,btn,3.553
2009,btn,2.501
2010,btn,4.253
2011,btn,0.156
2012,btn,0.996
2013,btn,-1.024
2014,btn,-1.373
2015,btn,-0.272
2016,btn,0.380
2017,btn,0.943
2018,btn,2.910
2019,btn,7.321
2020,btn,9.619
1985,bol,-4.297
1986,bol,2.294
1987,bol,-3.739
1988,bol,-2.844
1989,bol,-2.284
1990,bol,-1.773
1991,bol,-1.529
1992,bol,-1.818
1993,bol,-3.500
1994,bol,-0.498
1995,bol,1.112
1996,bol,0.863
1997,bol,-1.007
1998,bol,-2.997
1999,bol,-1.843
2000,bol,-1.452
2001,bol,-4.218
2002,bol,-6.192
2003,bol,-5.059
2004,bol,-2.616
2005,bol,0.756
2006,bol,6.997
2007,bol,4.280
2008,bol,5.547
2009,bol,1.659
2010,bol,3.059
2011,bol,2.060
2012,bol,2.777
2013,bol,1.609
2014,bol,-2.322
2015,bol,-3.588
2016,bol,-4.566
2017,bol,-3.908
2018,bol,-3.538
2019,bol,-3.044
2020,bol,-2.724
1998,bih,-1.918
1999,bih,-4.140
2000,bih,-6.343
2001,bih,-2.925
2002,bih,-1.589
2003,bih,0.648
2004,bih,0.164
2005,bih,0.932
2006,bih,2.895
2007,bih,1.112
2008,bih,-2.722
2009,bih,-4.927
2010,bih,-3.534
2011,bih,-2.202
2012,bih,-1.903
2013,bih,-1.201
2014,bih,-2.225
2015,bih,-1.448
2016,bih,-0.689
2017,bih,-0.047
2018,bih,0.133
2019,bih,0.650
2020,bih,0.886
2000,bwa,8.838
2001,bwa,-16.561
2002,bwa,-17.362
2003,bwa,-14.786
2004,bwa,-11.948
2005,bwa,-4.648
2006,bwa,-1.893
2007,bwa,-6.480
2008,bwa,-16.061
2009,bwa,-21.686
2010,bwa,-16.414
2011,bwa,-9.664
2012,bwa,-6.336
2013,bwa,-3.617
2014,bwa,-8.021
2015,bwa,-8.092
2016,bwa,-5.558
2017,bwa,-4.613
2018,bwa,-4.427
2019,bwa,-4.010
2020,bwa,-3.708
2001,bra,3.199
2002,bra,3.183
2003,bra,3.236
2004,bra,3.687
2005,bra,3.743
2006,bra,3.150
2007,bra,3.241
2008,bra,3.792
2009,bra,1.946
2010,bra,2.308
2011,bra,2.942
2012,bra,1.964
2013,bra,1.770
2014,bra,-0.589
2015,bra,1.200
2016,bra,2.000
2017,bra,2.250
2018,bra,2.500
2019,bra,2.500
2020,bra,2.500
1985,brn,36.589
1986,brn,8.757
1987,brn,4.713
1988,brn,-4.250
1989,brn,-6.448
1990,brn,-2.274
1991,brn,-1.506
1992,brn,-10.936
1993,brn,-17.382
1994,brn,-33.112
1995,brn,-29.905
1996,brn,-12.257
1997,brn,-15.983
1998,brn,-31.716
1999,brn,-22.937
2000,brn,7.601
2001,brn,2.865
2002,brn,-5.112
2003,brn,8.932
2004,brn,9.491
2005,brn,18.007
2006,brn,22.116
2007,brn,3.435
2008,brn,40.003
2009,brn,3.831
2010,brn,8.412
2011,brn,28.084
2012,brn,16.855
2013,brn,14.073
2014,brn,14.077
2015,brn,-15.627
2016,brn,-6.413
2017,brn,-2.495
2018,brn,0.973
2019,brn,7.847
2020,brn,10.415
2000,bgr,3.221
2001,bgr,2.963
2002,bgr,1.170
2003,bgr,1.700
2004,bgr,3.028
2005,bgr,3.451
2006,bgr,4.219
2007,bgr,3.735
2008,bgr,2.712
2009,bgr,-0.577
2010,bgr,-3.670
2011,bgr,-1.591
2012,bgr,-0.142
2013,bgr,-1.321
2014,bgr,-3.446
2015,bgr,-2.399
2016,bgr,-1.754
2017,bgr,-1.093
2018,bgr,-0.606
2019,bgr,-0.139
2020,bgr,0.360
1985,bfa,1.226
1986,bfa,-1.103
1987,bfa,-0.229
1988,bfa,-0.395
1989,bfa,7.094
1990,bfa,3.822
1991,bfa,1.413
1992,bfa,1.991
1993,bfa,-2.918
1994,bfa,-0.700
1995,bfa,-1.592
1996,bfa,-1.005
1997,bfa,-2.151
1998,bfa,-2.154
1999,bfa,-2.990
2000,bfa,-2.518
2001,bfa,-3.161
2002,bfa,-4.234
2003,bfa,-1.327
2004,bfa,-3.970
2005,bfa,-4.868
2006,bfa,16.709
2007,bfa,-5.238
2008,bfa,-3.741
2009,bfa,-4.252
2010,bfa,-2.562
2011,bfa,-0.815
2012,bfa,-2.375
2013,bfa,-3.334
2014,bfa,-1.225
2015,bfa,-1.941
2016,bfa,-2.302
2017,bfa,-2.866
2018,bfa,-3.247
2019,bfa,-3.500
2020,bfa,-3.500
1992,bdi,1.243
1993,bdi,1.078
1994,bdi,-1.350
1995,bdi,-0.816
1996,bdi,-5.325
1997,bdi,-1.415
1998,bdi,-1.650
1999,bdi,-2.779
2000,bdi,0.796
2001,bdi,-1.362
2002,bdi,1.402
2003,bdi,-1.803
2004,bdi,-1.125
2005,bdi,-0.952
2006,bdi,0.848
2007,bdi,-0.475
2008,bdi,-1.187
2009,bdi,-3.943
2010,bdi,-3.043
2011,bdi,-3.074
2012,bdi,-2.936
2013,bdi,-0.961
2014,bdi,-2.744
2015,bdi,-1.318
2016,bdi,-0.589
2017,bdi,-0.713
2018,bdi,-0.686
2019,bdi,-0.691
2020,bdi,-0.837
2002,cpv,-6.452
2003,cpv,-3.163
2004,cpv,-1.701
2005,cpv,-4.370
2006,cpv,-3.844
2007,cpv,0.109
2008,cpv,0.572
2009,cpv,-5.066
2010,cpv,-9.315
2011,cpv,-6.244
2012,cpv,-8.557
2013,cpv,-7.124
2014,cpv,-5.918
2015,cpv,-5.658
2016,cpv,-4.357
2017,cpv,-3.371
2018,cpv,-1.895
2019,cpv,0.139
2020,cpv,-0.578
1996,khm,-7.396
1997,khm,-3.630
1998,khm,-5.232
1999,khm,-3.635
2000,khm,-4.666
2001,khm,-5.008
2002,khm,-6.214
2003,khm,-5.985
2004,khm,-3.335
2005,khm,-0.170
2006,khm,-0.005
2007,khm,-0.526
2008,khm,0.465
2009,khm,-4.043
2010,khm,-2.546
2011,khm,-3.769
2012,khm,-3.255
2013,khm,-1.413
2014,khm,-0.501
2015,khm,-2.706
2016,khm,-2.623
2017,khm,-2.227
2018,khm,-1.983
2019,khm,-1.616
2020,khm,-1.338
2000,cmr,5.512
2001,cmr,3.913
2002,cmr,4.386
2003,cmr,2.936
2004,cmr,1.423
2005,cmr,5.037
2006,cmr,33.761
2007,cmr,5.184
2008,cmr,2.588
2009,cmr,0.247
2010,cmr,-0.806
2011,cmr,-2.243
2012,cmr,-1.211
2013,cmr,-3.554
2014,cmr,-4.678
2015,cmr,-5.355
2016,cmr,-4.492
2017,cmr,-4.038
2018,cmr,-3.161
2019,cmr,-2.438
2020,cmr,-2.310
1980,can,-2.567
1981,can,-0.388
1982,can,-3.714
1983,can,-4.905
1984,can,-3.992
1985,can,-4.139
1986,can,-1.987
1987,can,-0.122
1988,can,-0.097
1989,can,0.030
1990,can,-0.674
1991,can,-3.089
1992,can,-3.830
1993,can,-3.419
1994,can,-1.521
1995,can,0.381
1996,can,2.470
1997,can,4.932
1998,can,4.865
1999,can,5.896
2000,can,5.949
2001,can,3.601
2002,can,2.527
2003,can,1.826
2004,can,2.492
2005,can,2.649
2006,can,2.396
2007,can,2.040
2008,can,-0.243
2009,can,-3.653
2010,can,-4.308
2011,can,-3.347
2012,can,-2.595
2013,can,-2.442
2014,can,-1.385
2015,can,-1.371
2016,can,-0.906
2017,can,-0.552
2018,can,-0.337
2019,can,-0.147
2020,can,0.236
1988,caf,-5.209
1989,caf,-2.735
1990,caf,-3.627
1991,caf,-5.955
1992,caf,-2.712
1993,caf,6.172
1994,caf,-5.246
1995,caf,0.748
1996,caf,-4.715
1997,caf,1.043
1998,caf,1.194
1999,caf,1.608
2000,caf,-0.136
2001,caf,0.549
2002,caf,0.392
2003,caf,-2.144
2004,caf,-0.973
2005,caf,-3.655
2006,caf,9.986
2007,caf,2.598
2008,caf,0.867
2009,caf,1.007
2010,caf,-0.416
2011,caf,-1.700
2012,caf,0.723
2013,caf,-5.655
2014,caf,2.646
2015,caf,-3.945
2016,caf,-3.869
2017,caf,-4.695
2018,caf,-5.263
2019,caf,-5.607
2020,caf,-5.915
1995,tcd,-3.167
1996,tcd,-3.567
1997,tcd,-2.514
1998,tcd,-1.525
1999,tcd,-4.472
2000,tcd,-5.150
2001,tcd,-3.937
2002,tcd,-4.533
2003,tcd,-5.070
2004,tcd,-2.002
2005,tcd,0.227
2006,tcd,2.602
2007,tcd,2.791
2008,tcd,3.787
2009,tcd,-8.766
2010,tcd,-3.607
2011,tcd,3.003
2012,tcd,0.917
2013,tcd,-1.541
2014,tcd,-3.612
2015,tcd,-2.711
2016,tcd,0.020
2017,tcd,0.857
2018,tcd,4.108
2019,tcd,3.661
2020,tcd,2.375
1990,chl,4.729
1991,chl,3.864
1992,chl,3.931
1993,chl,2.992
1994,chl,2.830
1995,chl,4.099
1996,chl,2.851
1997,chl,2.718
1998,chl,0.904
1999,chl,-1.484
2000,chl,-0.055
2001,chl,-0.037
2002,chl,-0.680
2003,chl,0.113
2004,chl,2.544
2005,chl,4.976
2006,chl,7.621
2007,chl,7.742
2008,chl,3.775
2009,chl,-4.287
2010,chl,-0.316
2011,chl,1.504
2012,chl,0.797
2013,chl,-0.389
2014,chl,-1.404
2015,chl,-1.905
2016,chl,-1.525
2017,chl,-0.707
2018,chl,-0.034
2019,chl,-0.044
2020,chl,-0.019
1989,chn,-0.749
1990,chn,-0.477
1991,chn,-0.671
1992,chn,-0.691
1993,chn,-0.600
1994,chn,-1.297
1995,chn,-0.425
1996,chn,-0.185
1997,chn,0.012
1998,chn,-0.223
1999,chn,-1.643
2000,chn,-2.136
2001,chn,-1.895
2002,chn,-2.341
2003,chn,-1.698
2004,chn,-1.044
2005,chn,-0.968
2006,chn,-0.690
2007,chn,0.455
2008,chn,0.388
2009,chn,-1.347
2010,chn,-0.776
2011,chn,1.064
2012,chn,0.517
2013,chn,-0.632
2014,chn,-0.662
2015,chn,-1.447
2016,chn,-1.659
2017,chn,-1.343
2018,chn,-1.084
2019,chn,-0.964
2020,chn,-0.748
1989,col,1.142
1990,col,2.401
1991,col,3.394
1992,col,2.670
1993,col,2.088
1994,col,1.722
1995,col,0.930
1996,col,-0.216
1997,col,-1.067
1998,col,-1.074
1999,col,-2.218
2000,col,0.752
2001,col,1.287
2002,col,0.289
2003,col,1.277
2004,col,1.417
2005,col,2.055
2006,col,1.677
2007,col,1.802
2008,col,1.900
2009,col,-1.118
2010,col,-1.611
2011,col,-0.122
2012,col,1.563
2013,col,1.166
2014,col,0.907
2015,col,-0.454
2016,col,-0.012
2017,col,-0.007
2018,col,0.308
2019,col,0.480
2020,col,0.659
1988,com,-1.990
1989,com,-0.679
1990,com,-0.121
1991,com,-2.386
1992,com,-2.354
1993,com,0.063
1994,com,-5.921
1995,com,-6.327
1996,com,-4.902
1997,com,-1.220
1998,com,-4.468
1999,com,0.200
2000,com,-1.019
2001,com,-2.489
2002,com,-2.617
2003,com,-2.428
2004,com,-0.788
2005,com,0.826
2006,com,-1.847
2007,com,-1.525
2008,com,-1.804
2009,com,1.170
2010,com,7.531
2011,com,1.882
2012,com,3.688
2013,com,17.990
2014,com,-0.085
2015,com,-1.034
2016,com,-2.027
2017,com,-1.956
2018,com,-1.976
2019,com,0.415
2020,com,-0.187
1996,cod,-0.798
1997,cod,-1.252
1998,cod,-1.109
1999,cod,-1.080
2000,cod,-1.377
2001,cod,-1.264
2002,cod,0.370
2003,cod,-2.001
2004,cod,-0.280
2005,cod,2.422
2006,cod,3.073
2007,cod,0.901
2008,cod,-0.091
2009,cod,2.745
2010,cod,3.884
2011,cod,1.302
2012,cod,3.266
2013,cod,4.355
2014,cod,3.577
2015,cod,2.633
2016,cod,2.506
2017,cod,2.587
2018,cod,2.308
2019,cod,2.047
2020,cod,1.965
1990,cog,5.897
1991,cog,-3.684
1992,cog,-6.056
1993,cog,-5.038
1994,cog,-1.076
1995,cog,6.010
1996,cog,10.943
1997,cog,4.676
1998,cog,-5.848
1999,cog,6.022
2000,cog,8.061
2001,cog,6.731
2002,cog,0.345
2003,cog,6.201
2004,cog,8.853
2005,cog,19.558
2006,cog,21.072
2007,cog,11.897
2008,cog,25.827
2009,cog,6.137
2010,cog,16.974
2011,cog,16.541
2012,cog,6.461
2013,cog,8.791
2014,cog,2.160
2015,cog,-6.561
2016,cog,1.797
2017,cog,7.161
2018,cog,7.240
2019,cog,4.429
2020,cog,2.319
2000,cri,0.498
2001,cri,1.060
2002,cri,0.002
2003,cri,1.396
2004,cri,1.362
2005,cri,2.029
2006,cri,2.740
2007,cri,3.656
2008,cri,2.354
2009,cri,-1.264
2010,cri,-3.038
2011,cri,-1.899
2012,cri,-2.324
2013,cri,-2.863
2014,cri,-3.102
2015,cri,-2.477
2016,cri,-1.890
2017,cri,-1.535
2018,cri,-1.516
2019,cri,-1.497
2020,cri,-1.502
1997,civ,2.320
1998,civ,1.591
1999,civ,1.066
2000,civ,2.890
2001,civ,4.132
2002,civ,1.965
2003,civ,0.214
2004,civ,0.640
2005,civ,0.553
2006,civ,0.235
2007,civ,1.243
2008,civ,1.335
2009,civ,0.085
2010,civ,-0.270
2011,civ,-2.944
2012,civ,-1.427
2013,civ,-0.850
2014,civ,-1.089
2015,civ,-1.977
2016,civ,-2.001
2017,civ,-1.992
2018,civ,-1.894
2019,civ,-1.885
2020,civ,-0.576
2002,hrv,-2.990
2003,hrv,-3.088
2004,hrv,-3.480
2005,hrv,-2.147
2006,hrv,-1.840
2007,hrv,-1.051
2008,hrv,-1.152
2009,hrv,-3.918
2010,hrv,-3.796
2011,hrv,-4.799
2012,hrv,-2.444
2013,hrv,-1.914
2014,hrv,-1.466
2015,hrv,-0.852
2016,hrv,0.245
2017,hrv,0.903
2018,hrv,1.359
2019,hrv,1.359
2020,hrv,1.359
1995,cyp,1.089
1996,cyp,-0.769
1997,cyp,-2.410
1998,cyp,-0.995
1999,cyp,-1.208
2000,cyp,0.134
2001,cyp,-0.446
2002,cyp,-1.954
2003,cyp,-3.319
2004,cyp,-1.387
2005,cyp,0.474
2006,cyp,1.327
2007,cyp,5.362
2008,cyp,3.109
2009,cyp,-3.572
2010,cyp,-3.196
2011,cyp,-4.043
2012,cyp,-3.263
2013,cyp,-1.935
2014,cyp,2.935
2015,cyp,1.448
2016,cyp,2.590
2017,cyp,2.990
2018,cyp,3.986
2019,cyp,3.987
2020,cyp,3.987
1995,cze,-12.136
1996,cze,-2.559
1997,cze,-3.108
1998,cze,-4.163
1999,cze,-2.929
2000,cze,-3.323
2001,cze,-5.012
2002,cze,-5.949
2003,cze,-5.982
2004,cze,-2.097
2005,cze,-2.423
2006,cze,-1.603
2007,cze,-0.037
2008,cze,-1.407
2009,cze,-4.565
2010,cze,-3.384
2011,cze,-1.873
2012,cze,-2.767
2013,cze,-0.214
2014,cze,0.191
2015,cze,-0.300
2016,cze,-0.083
2017,cze,-0.041
2018,cze,-0.121
2019,cze,-0.049
2020,cze,0.167
1980,dnk,-2.311
1981,dnk,-4.278
1982,dnk,-6.245
1983,dnk,-2.665
1984,dnk,1.931
1985,dnk,4.115
1986,dnk,7.907
1987,dnk,6.644
1988,dnk,4.687
1989,dnk,3.312
1990,dnk,2.618
1991,dnk,1.428
1992,dnk,0.641
1993,dnk,-0.085
1994,dnk,-0.237
1995,dnk,0.130
1996,dnk,0.689
1997,dnk,1.999
1998,dnk,2.615
1999,dnk,3.738
2000,dnk,4.368
2001,dnk,3.163
2002,dnk,1.939
2003,dnk,1.512
2004,dnk,3.442
2005,dnk,6.042
2006,dnk,5.810
2007,dnk,5.566
2008,dnk,3.358
2009,dnk,-2.385
2010,dnk,-2.129
2011,dnk,-1.455
2012,dnk,-3.139
2013,dnk,-0.611
2014,dnk,2.417
2015,dnk,-1.653
2016,dnk,-1.482
2017,dnk,-1.602
2018,dnk,-1.149
2019,dnk,-0.683
2020,dnk,-0.216
1991,dji,-2.612
1992,dji,-10.840
1993,dji,-12.553
1994,dji,-10.686
1995,dji,-7.826
1996,dji,-3.210
1997,dji,-3.823
1998,dji,0.798
1999,dji,-2.357
2000,dji,-1.290
2001,dji,-1.111
2002,dji,-3.277
2003,dji,-1.915
2004,dji,-1.554
2005,dji,0.694
2006,dji,-1.998
2007,dji,-2.170
2008,dji,1.572
2009,dji,-5.391
2010,dji,-1.829
2011,dji,-0.670
2012,dji,-2.144
2013,dji,-5.101
2014,dji,-11.172
2015,dji,-11.964
2016,dji,-11.110
2017,dji,-2.015
2018,dji,-2.909
2019,dji,-1.760
2020,dji,2.139
1990,dma,-3.423
1991,dma,-1.467
1992,dma,-0.443
1993,dma,0.388
1994,dma,-1.582
1995,dma,-1.041
1996,dma,0.390
1997,dma,-0.189
1998,dma,-4.153
1999,dma,-6.144
2000,dma,-4.668
2001,dma,-2.461
2002,dma,0.050
2003,dma,4.433
2004,dma,3.700
2005,dma,5.073
2006,dma,4.658
2007,dma,3.633
2008,dma,2.357
2009,dma,1.022
2010,dma,-1.836
2011,dma,-2.768
2012,dma,-3.258
2013,dma,-0.985
2014,dma,-1.628
2015,dma,-1.380
2016,dma,-1.564
2017,dma,-1.629
2018,dma,-1.797
2019,dma,-1.960
2020,dma,-2.114
1997,dom,-0.443
1998,dom,-0.166
1999,dom,-0.647
2000,dom,-0.662
2001,dom,-0.904
2002,dom,-0.983
2003,dom,-4.364
2004,dom,-1.613
2005,dom,0.822
2006,dom,0.366
2007,dom,1.605
2008,dom,-1.684
2009,dom,-1.180
2010,dom,-0.926
2011,dom,-1.018
2012,dom,-4.219
2013,dom,-1.241
2014,dom,-0.521
2015,dom,0.152
2016,dom,0.094
2017,dom,0.054
2018,dom,0.004
2019,dom,-0.016
2020,dom,-0.033
1993,ecu,0.000
1994,ecu,0.000
1995,ecu,2.680
1996,ecu,1.285
1997,ecu,2.069
1998,ecu,-0.393
1999,ecu,3.238
2000,ecu,6.664
2001,ecu,5.204
2002,ecu,3.703
2003,ecu,3.525
2004,ecu,4.108
2005,ecu,2.585
2006,ecu,4.767
2007,ecu,3.446
2008,ecu,1.626
2009,ecu,-3.012
2010,ecu,-0.754
2011,ecu,0.627
2012,ecu,-0.196
2013,ecu,-3.574
2014,ecu,-3.995
2015,ecu,-4.135
2016,ecu,-3.583
2017,ecu,-2.535
2018,ecu,-1.001
2019,ecu,0.489
2020,ecu,0.582
2002,egy,-7.136
2003,egy,-4.494
2004,egy,-3.719
2005,egy,-3.790
2006,egy,-4.163
2007,egy,-3.017
2008,egy,-3.924
2009,egy,-3.742
2010,egy,-3.776
2011,egy,-4.690
2012,egy,-5.137
2013,egy,-6.639
2014,egy,-6.086
2015,egy,-4.368
2016,egy,-1.946
2017,egy,-1.162
2018,egy,-0.955
2019,egy,-0.632
2020,egy,-0.344
1993,slv,-2.640
1994,slv,-1.479
1995,slv,-0.611
1996,slv,-1.218
1997,slv,-0.437
1998,slv,-1.131
1999,slv,-1.791
2000,slv,-1.946
2001,slv,-2.694
2002,slv,-2.160
2003,slv,-2.147
2004,slv,-0.694
2005,slv,-0.800
2006,slv,-0.125
2007,slv,1.189
2008,slv,-0.300
2009,slv,-3.041
2010,slv,-2.110
2011,slv,-1.899
2012,slv,-1.730
2013,slv,-1.249
2014,slv,-1.144
2015,slv,-1.593
2016,slv,-1.422
2017,slv,-1.352
2018,slv,-1.324
2019,slv,-1.295
2020,slv,-1.373
1984,gnq,4.073
1985,gnq,3.705
1986,gnq,-1.104
1987,gnq,7.454
1988,gnq,-33.446
1989,gnq,-12.661
1990,gnq,1.513
1991,gnq,1.270
1992,gnq,-1.079
1993,gnq,-0.617
1994,gnq,1.751
1995,gnq,3.311
1996,gnq,1.628
1997,gnq,5.528
1998,gnq,-0.659
1999,gnq,1.068
2000,gnq,-2.452
2001,gnq,17.726
2002,gnq,20.385
2003,gnq,15.017
2004,gnq,12.495
2005,gnq,22.007
2006,gnq,27.227
2007,gnq,22.023
2008,gnq,18.735
2009,gnq,-10.341
2010,gnq,-6.047
2011,gnq,1.481
2012,gnq,-9.469
2013,gnq,-7.405
2014,gnq,-7.960
2015,gnq,-20.967
2016,gnq,-6.821
2017,gnq,0.025
2018,gnq,2.339
2019,gnq,5.486
2020,gnq,2.602
1992,eri,5.333
1993,eri,3.304
1994,eri,6.847
1995,eri,-17.267
1996,eri,-13.428
1997,eri,-3.377
1998,eri,-30.097
1999,eri,-44.285
2000,eri,-25.660
2001,eri,-27.290
2002,eri,-22.904
2003,eri,-14.022
2004,eri,-13.507
2005,eri,-19.069
2006,eri,-10.847
2007,eri,-12.480
2008,eri,-17.416
2009,eri,-11.527
2010,eri,-12.795
2011,eri,-13.225
2012,eri,-10.582
2013,eri,-9.528
2014,eri,-8.643
2015,eri,-9.120
2016,eri,-9.388
2017,eri,-10.574
2018,eri,-9.779
2019,eri,-9.483
2020,eri,-10.716
1995,est,-0.099
1996,est,-0.780
1997,est,3.141
1998,est,0.789
1999,est,-3.309
2000,est,-0.290
2001,est,-0.189
2002,est,0.169
2003,est,1.348
2004,est,1.382
2005,est,1.435
2006,est,2.212
2007,est,2.039
2008,est,-3.334
2009,est,-2.160
2010,est,0.008
2011,est,0.882
2012,est,-0.356
2013,est,-0.524
2014,est,0.319
2015,est,-0.605
2016,est,-0.165
2017,est,0.044
2018,est,0.036
2019,est,0.030
2020,est,0.070
1980,eth,-1.972
1981,eth,-1.505
1982,eth,-2.657
1983,eth,-6.542
1984,eth,-2.484
1985,eth,-3.236
1986,eth,-2.645
1987,eth,-2.453
1988,eth,-2.285
1989,eth,-3.193
1990,eth,-5.789
1991,eth,-4.913
1992,eth,-3.770
1993,eth,-2.644
1994,eth,-2.922
1995,eth,-0.986
1996,eth,-2.163
1997,eth,-0.114
1998,eth,-2.010
1999,eth,-6.796
2000,eth,-7.209
2001,eth,-2.185
2002,eth,-4.266
2003,eth,-3.945
2004,eth,-1.416
2005,eth,-3.180
2006,eth,-2.994
2007,eth,-2.871
2008,eth,-2.429
2009,eth,-0.551
2010,eth,-0.909
2011,eth,-1.225
2012,eth,-0.873
2013,eth,-1.597
2014,eth,-2.253
2015,eth,-2.472
2016,eth,-2.353
2017,eth,-2.159
2018,eth,-1.993
2019,eth,-1.852
2020,eth,-1.759
1992,fji,0.535
1993,fji,-0.480
1994,fji,1.425
1995,fji,2.505
1996,fji,-2.283
1997,fji,-3.372
1998,fji,8.127
1999,fji,2.025
2000,fji,-0.494
2001,fji,-3.852
2002,fji,-2.860
2003,fji,-3.286
2004,fji,-0.479
2005,fji,-0.754
2006,fji,-0.804
2007,fji,1.287
2008,fji,3.691
2009,fji,-0.662
2010,fji,1.544
2011,fji,2.655
2012,fji,2.666
2013,fji,2.995
2014,fji,0.359
2015,fji,-0.653
2016,fji,0.647
2017,fji,0.699
2018,fji,0.750
2019,fji,0.763
2020,fji,0.708
1980,fin,1.199
1981,fin,2.932
1982,fin,0.666
1983,fin,-1.261
1984,fin,1.008
1985,fin,0.893
1986,fin,1.467
1987,fin,-0.944
1988,fin,3.117
1989,fin,5.000
1990,fin,3.995
1991,fin,-2.410
1992,fin,-7.501
1993,fin,-9.139
1994,fin,-6.111
1995,fin,-5.867
1996,fin,-2.493
1997,fin,0.133
1998,fin,3.047
1999,fin,2.964
2000,fin,7.626
2001,fin,5.362
2002,fin,3.971
2003,fin,2.268
2004,fin,2.089
2005,fin,2.549
2006,fin,3.734
2007,fin,4.791
2008,fin,3.648
2009,fin,-2.899
2010,fin,-2.476
2011,fin,-0.989
2012,fin,-1.872
2013,fin,-2.254
2014,fin,-2.466
2015,fin,-2.207
2016,fin,-1.634
2017,fin,-1.104
2018,fin,-0.763
2019,fin,-0.571
2020,fin,-0.382
1980,fra,0.191
1981,fra,-1.439
1982,fra,-1.857
1983,fra,-1.105
1984,fra,-1.171
1985,fra,-1.230
1986,fra,-1.370
1987,fra,-0.154
1988,fra,-0.732
1989,fra,0.134
1990,fra,-0.332
1991,fra,-0.633
1992,fra,-2.194
1993,fra,-3.720
1994,fra,-2.640
1995,fra,-2.296
1996,fra,-0.890
1997,fra,-0.587
1998,fra,0.507
1999,fra,1.105
2000,fra,1.259
2001,fra,1.154
2002,fra,-0.453
2003,fra,-1.367
2004,fra,-0.992
2005,fra,-0.743
2006,fra,0.024
2007,fra,-0.081
2008,fra,-0.549
2009,fra,-4.941
2010,fra,-4.524
2011,fra,-2.624
2012,fra,-2.436
2013,fra,-1.964
2014,fra,-2.096
2015,fra,-1.992
2016,fra,-1.655
2017,fra,-1.072
2018,fra,-0.219
2019,fra,0.547
2020,fra,1.222
1990,gab,1.348
1991,gab,3.509
1992,gab,1.035
1993,gab,1.167
1994,gab,4.609
1995,gab,10.272
1996,gab,7.831
1997,gab,7.041
1998,gab,-5.750
1999,gab,7.258
2000,gab,16.065
2001,gab,11.889
2002,gab,7.477
2003,gab,10.964
2004,gab,10.338
2005,gab,10.516
2006,gab,10.619
2007,gab,10.072
2008,gab,12.032
2009,gab,8.369
2010,gab,3.675
2011,gab,3.077
2012,gab,2.746
2013,gab,3.609
2014,gab,4.656
2015,gab,-0.193
2016,gab,1.711
2017,gab,2.385
2018,gab,2.537
2019,gab,2.339
2020,gab,1.929
2000,gmb,3.032
2001,gmb,-1.088
2002,gmb,0.119
2003,gmb,0.778
2004,gmb,0.941
2005,gmb,0.473
2006,gmb,-0.127
2007,gmb,4.542
2008,gmb,1.046
2009,gmb,0.437
2010,gmb,-2.290
2011,gmb,-1.074
2012,gmb,-0.682
2013,gmb,-4.497
2014,gmb,-3.440
2015,gmb,3.063
2016,gmb,3.889
2017,gmb,2.893
2018,gmb,3.141
2019,gmb,2.510
2020,gmb,2.153
2000,geo,0.840
2001,geo,1.037
2002,geo,1.776
2003,geo,1.406
2004,geo,5.127
2005,geo,3.238
2006,geo,4.127
2007,geo,1.406
2008,geo,-1.344
2009,geo,-5.591
2010,geo,-3.787
2011,geo,0.317
2012,geo,0.212
2013,geo,-0.301
2014,geo,-0.944
2015,geo,-1.906
2016,geo,-1.823
2017,geo,-1.665
2018,geo,-1.776
2019,geo,-1.848
2020,geo,-1.973
1991,deu,-0.116
1992,deu,0.676
1993,deu,0.221
1994,deu,0.880
1995,deu,-6.375
1996,deu,-0.410
1997,deu,0.152
1998,deu,0.614
1999,deu,1.114
2000,deu,3.744
2001,deu,-0.442
2002,deu,-1.255
2003,deu,-1.474
2004,deu,-1.210
2005,deu,-0.851
2006,deu,0.778
2007,deu,2.625
2008,deu,2.206
2009,deu,-0.758
2010,deu,-1.980
2011,deu,1.067
2012,deu,1.888
2013,deu,1.695
2014,deu,1.965
2015,deu,1.451
2016,deu,1.342
2017,deu,1.187
2018,deu,1.299
2019,deu,1.189
2020,deu,1.089
1980,gha,-6.033
1981,gha,-9.070
1982,gha,-1.975
1983,gha,-2.528
1984,gha,-1.000
1985,gha,-1.199
1986,gha,-0.935
1987,gha,-0.722
1988,gha,-1.200
1989,gha,-0.566
1990,gha,-2.516
1991,gha,-1.309
1992,gha,-5.822
1993,gha,-6.474
1994,gha,-5.467
1995,gha,-5.180
1996,gha,-6.309
1997,gha,-5.779
1998,gha,-3.826
1999,gha,-5.136
2000,gha,-1.608
2001,gha,-0.842
2002,gha,-1.434
2003,gha,0.871
2004,gha,-0.373
2005,gha,-0.596
2006,gha,-2.605
2007,gha,-3.487
2008,gha,-6.192
2009,gha,-4.190
2010,gha,-6.244
2011,gha,-4.637
2012,gha,-8.651
2013,gha,-6.244
2014,gha,-3.511
2015,gha,0.854
2016,gha,1.682
2017,gha,3.229
2018,gha,2.692
2019,gha,2.370
2020,gha,2.100
1988,grc,-3.883
1989,grc,-6.381
1990,grc,-5.592
1991,grc,-2.556
1992,grc,-1.792
1993,grc,-1.898
1994,grc,2.308
1995,grc,2.338
1996,grc,4.086
1997,grc,3.550
1998,grc,4.201
1999,grc,4.231
2000,grc,3.545
2001,grc,1.926
2002,grc,0.672
2003,grc,-0.710
2004,grc,-2.473
2005,grc,-0.943
2006,grc,-1.620
2007,grc,-2.131
2008,grc,-4.974
2009,grc,-10.227
2010,grc,-5.216
2011,grc,-2.871
2012,grc,-1.304
2013,grc,1.173
2014,grc,1.500
2015,grc,3.000
2016,grc,4.500
2017,grc,4.500
2018,grc,4.240
2019,grc,4.240
2020,grc,4.240
1990,grd,-5.259
1991,grd,-1.938
1992,grd,0.622
1993,grd,1.968
1994,grd,-0.956
1995,grd,1.138
1996,grd,-1.287
1997,grd,-3.138
1998,grd,-1.176
1999,grd,-0.994
2000,grd,-0.785
2001,grd,-4.424
2002,grd,-10.918
2003,grd,0.305
2004,grd,2.665
2005,grd,1.949
2006,grd,-4.183
2007,grd,-4.685
2008,grd,-2.436
2009,grd,-3.005
2010,grd,-1.454
2011,grd,-2.720
2012,grd,-2.472
2013,grd,-3.972
2014,grd,-2.375
2015,grd,1.308
2016,grd,3.491
2017,grd,3.497
2018,grd,3.497
2019,grd,3.497
2020,grd,3.464
2000,gtm,-0.607
2001,gtm,-0.555
2002,gtm,0.308
2003,gtm,-1.298
2004,gtm,0.274
2005,gtm,-0.323
2006,gtm,-0.561
2007,gtm,0.046
2008,gtm,-0.254
2009,gtm,-1.720
2010,gtm,-1.807
2011,gtm,-1.309
2012,gtm,-0.867
2013,gtm,-0.577
2014,gtm,-0.439
2015,gtm,-0.909
2016,gtm,-0.630
2017,gtm,-0.584
2018,gtm,-0.531
2019,gtm,-0.506
2020,gtm,-0.491
1990,gin,-1.518
1991,gin,-1.349
1992,gin,-1.706
1993,gin,-2.503
1994,gin,-2.400
1995,gin,-1.898
1996,gin,-1.706
1997,gin,-1.332
1998,gin,0.744
1999,gin,-1.474
2000,gin,-1.534
2001,gin,-2.635
2002,gin,-2.763
2003,gin,-4.239
2004,gin,-2.597
2005,gin,1.427
2006,gin,0.416
2007,gin,4.300
2008,gin,3.225
2009,gin,-5.048
2010,gin,-11.964
2011,gin,0.714
2012,gin,-1.571
2013,gin,-4.061
2014,gin,-3.215
2015,gin,-9.057
2016,gin,-2.704
2017,gin,-1.730
2018,gin,-0.461
2019,gin,-0.363
2020,gin,-0.141
2000,gnb,0.385
2001,gnb,1.824
2002,gnb,-0.947
2003,gnb,-3.540
2004,gnb,-3.322
2005,gnb,-2.866
2006,gnb,-3.155
2007,gnb,-5.331
2008,gnb,2.390
2009,gnb,5.373
2010,gnb,1.754
2011,gnb,-0.680
2012,gnb,-1.783
2013,gnb,-1.328
2014,gnb,-1.523
2015,gnb,0.531
2016,gnb,-2.117
2017,gnb,-1.742
2018,gnb,-1.417
2019,gnb,-1.099
2020,gnb,-0.600
1997,guy,3.697
1998,guy,1.553
1999,guy,4.179
2000,guy,2.826
2001,guy,0.583
2002,guy,1.664
2003,guy,-2.832
2004,guy,-0.698
2005,guy,-5.759
2006,guy,-5.599
2007,guy,-2.516
2008,guy,-2.667
2009,guy,-2.453
2010,guy,-1.483
2011,guy,-1.839
2012,guy,-3.857
2013,guy,-3.490
2014,guy,-4.423
2015,guy,-3.722
2016,guy,-2.947
2017,guy,-2.595
2018,guy,-2.144
2019,guy,-1.090
2020,guy,-0.241
1997,hti,1.441
1998,hti,1.221
1999,hti,0.540
2000,hti,-0.851
2001,hti,-1.263
2002,hti,-2.235
2003,hti,-2.603
2004,hti,-0.677
2005,hti,-2.369
2006,hti,-1.160
2007,hti,1.306
2008,hti,-2.108
2009,hti,-3.761
2010,hti,1.677
2011,hti,-3.222
2012,hti,-4.376
2013,hti,-6.672
2014,hti,-5.925
2015,hti,-2.606
2016,hti,-2.261
2017,hti,-2.081
2018,hti,-1.779
2019,hti,-1.705
2020,hti,-1.716
2000,hnd,2.579
2001,hnd,-2.692
2002,hnd,-6.282
2003,hnd,-6.220
2004,hnd,-3.864
2005,hnd,-1.454
2006,hnd,-3.064
2007,hnd,-2.191
2008,hnd,-2.691
2009,hnd,-5.393
2010,hnd,-3.388
2011,hnd,-3.020
2012,hnd,-4.302
2013,hnd,-7.068
2014,hnd,-3.807
2015,hnd,-1.566
2016,hnd,-0.509
2017,hnd,0.088
2018,hnd,0.392
2019,hnd,0.482
2020,hnd,0.188
2005,hkg,0.936
2006,hkg,3.742
2007,hkg,7.810
2008,hkg,-0.313
2009,hkg,1.389
2010,hkg,4.252
2011,hkg,3.866
2012,hkg,3.140
2013,hkg,0.888
2014,hkg,5.107
2015,hkg,3.002
2016,hkg,2.438
2017,hkg,1.609
2018,hkg,2.006
2019,hkg,2.954
2020,hkg,2.946
1995,hun,3.306
1996,hun,3.210
1997,hun,-1.438
1998,hun,-0.521
1999,hun,0.852
2000,hun,-0.809
2001,hun,-0.871
2002,hun,-5.728
2003,hun,-4.140
2004,hun,-3.639
2005,hun,-3.878
2006,hun,-5.603
2007,hun,-1.211
2008,hun,0.016
2009,hun,-0.458
2010,hun,-0.741
2011,hun,-1.439
2012,hun,1.566
2013,hun,1.906
2014,hun,1.357
2015,hun,0.898
2016,hun,0.938
2017,hun,0.955
2018,hun,0.827
2019,hun,0.940
2020,hun,1.133
1980,isl,1.024
1981,isl,1.391
1982,isl,1.498
1983,isl,-2.197
1984,isl,2.327
1985,isl,-1.455
1986,isl,-3.344
1987,isl,-0.470
1988,isl,-0.755
1989,isl,-2.918
1990,isl,-1.064
1991,isl,1.062
1992,isl,-0.038
1993,isl,-2.329
1994,isl,-2.384
1995,isl,-0.307
1996,isl,0.742
1997,isl,2.143
1998,isl,1.817
1999,isl,3.001
2000,isl,3.143
2001,isl,0.629
2002,isl,-1.609
2003,isl,-1.626
2004,isl,0.995
2005,isl,5.584
2006,isl,6.235
2007,isl,5.111
2008,isl,-13.202
2009,isl,-6.571
2010,isl,-6.760
2011,isl,-2.479
2012,isl,-0.069
2013,isl,1.996
2014,isl,5.115
2015,isl,3.324
2016,isl,2.808
2017,isl,3.687
2018,isl,2.846
2019,isl,2.886
2020,isl,2.840
1989,ind,-3.132
1990,ind,-3.080
1991,ind,-2.783
1992,ind,-3.233
1993,ind,-3.921
1994,ind,-3.318
1995,ind,-2.480
1996,ind,-2.186
1997,ind,-3.749
1998,ind,-5.121
1999,ind,-3.678
2000,ind,-3.099
2001,ind,-5.309
2002,ind,-4.989
2003,ind,-5.481
2004,ind,-3.356
2005,ind,-2.249
2006,ind,-1.319
2007,ind,0.358
2008,ind,-5.299
2009,ind,-5.182
2010,ind,-4.186
2011,ind,-3.823
2012,ind,-3.099
2013,ind,-2.616
2014,ind,-2.584
2015,ind,-2.203
2016,ind,-2.441
2017,ind,-2.325
2018,ind,-2.274
2019,ind,-2.181
2020,ind,-2.147
1993,idn,1.063
1994,idn,1.532
1995,idn,2.050
1996,idn,2.205
1997,idn,0.501
1998,idn,0.992
1999,idn,2.514
2000,idn,1.444
2001,idn,3.103
2002,idn,3.846
2003,idn,1.907
2004,idn,2.242
2005,idn,2.584
2006,idn,2.550
2007,idn,0.910
2008,idn,1.687
2009,idn,-0.084
2010,idn,0.045
2011,idn,0.595
2012,idn,-0.420
2013,idn,-0.810
2014,idn,-0.893
2015,idn,-0.979
2016,idn,-0.733
2017,idn,-0.562
2018,idn,-0.398
2019,idn,-0.391
2020,idn,-0.325
2002,irn,0.563
2003,irn,1.287
2004,irn,3.557
2005,irn,2.866
2006,irn,2.008
2007,irn,6.840
2008,irn,0.669
2009,irn,0.831
2010,irn,2.729
2011,irn,0.318
2012,irn,-0.242
2013,irn,-0.850
2014,irn,-1.308
2015,irn,-2.444
2016,irn,-2.272
2017,irn,-2.427
2018,irn,-2.637
2019,irn,-2.657
2020,irn,-2.677
2004,irq,-34.907
2005,irq,3.920
2006,irq,10.719
2007,irq,7.345
2008,irq,-0.981
2009,irq,-12.545
2010,irq,-3.692
2011,irq,5.461
2012,irq,4.457
2013,irq,-5.474
2014,irq,-2.695
2015,irq,-8.945
2016,irq,-5.062
2017,irq,1.877
2018,irq,2.959
2019,irq,2.612
2020,irq,3.902
1980,irl,-4.470
1981,irl,-4.402
1982,irl,-3.773
1983,irl,-1.935
1984,irl,-0.512
1985,irl,-0.999
1986,irl,-1.385
1987,irl,0.703
1988,irl,4.009
1989,irl,5.189
1990,irl,5.186
1991,irl,4.831
1992,irl,4.280
1993,irl,3.862
1994,irl,4.113
1995,irl,2.875
1996,irl,4.094
1997,irl,5.287
1998,irl,5.376
1999,irl,4.769
2000,irl,6.434
2001,irl,2.016
2002,irl,0.794
2003,irl,1.453
2004,irl,2.347
2005,irl,2.433
2006,irl,3.546
2007,irl,0.846
2008,irl,-6.344
2009,irl,-12.448
2010,irl,-29.952
2011,irl,-9.717
2012,irl,-4.387
2013,irl,-1.898
2014,irl,-0.323
2015,irl,0.635
2016,irl,1.449
2017,irl,2.390
2018,irl,2.850
2019,irl,2.883
2020,irl,2.787
2000,isr,2.946
2001,isr,0.402
2002,isr,-0.918
2003,isr,-1.023
2004,isr,0.653
2005,isr,1.566
2006,isr,2.920
2007,isr,3.454
2008,isr,0.799
2009,isr,-2.248
2010,isr,-0.699
2011,isr,-0.239
2012,isr,-1.426
2013,isr,-0.539
2014,isr,-0.103
2015,isr,-0.081
2016,isr,-0.061
2017,isr,0.583
2018,isr,1.175
2019,isr,1.667
2020,isr,1.909
1988,ita,-2.166
1989,ita,-1.652
1990,ita,-0.805
1991,ita,0.439
1992,ita,2.033
1993,ita,2.724
1994,ita,2.045
1995,ita,3.732
1996,ita,3.806
1997,ita,5.641
1998,ita,4.762
1999,ita,4.364
2000,ita,4.619
2001,ita,2.449
2002,ita,2.220
2003,ita,1.386
2004,ita,0.932
2005,ita,0.201
2006,ita,0.637
2007,ita,2.976
2008,ita,1.976
2009,ita,-1.120
2010,ita,-0.239
2011,ita,0.859
2012,ita,1.872
2013,ita,1.804
2014,ita,1.498
2015,ita,1.405
2016,ita,2.004
2017,ita,2.312
2018,ita,2.663
2019,ita,3.049
2020,ita,3.343
1990,jam,9.787
1991,jam,9.718
1992,jam,9.210
1993,jam,9.059
1994,jam,10.162
1995,jam,9.006
1996,jam,4.429
1997,jam,1.511
1998,jam,4.728
1999,jam,8.136
2000,jam,10.063
2001,jam,6.879
2002,jam,6.063
2003,jam,10.508
2004,jam,10.240
2005,jam,9.852
2006,jam,7.085
2007,jam,7.874
2008,jam,4.938
2009,jam,6.185
2010,jam,4.616
2011,jam,3.168
2012,jam,5.396
2013,jam,7.651
2014,jam,7.719
2015,jam,7.485
2016,jam,7.505
2017,jam,7.005
2018,jam,7.005
2019,jam,7.005
2020,jam,7.005
1980,jpn,-3.653
1981,jpn,-2.945
1982,jpn,-2.589
1983,jpn,-2.373
1984,jpn,-0.829
1985,jpn,0.495
1986,jpn,0.439
1987,jpn,1.403
1988,jpn,2.046
1989,jpn,2.545
1990,jpn,2.849
1991,jpn,2.637
1992,jpn,1.577
1993,jpn,-1.480
1994,jpn,-2.818
1995,jpn,-3.651
1996,jpn,-3.819
1997,jpn,-2.695
1998,jpn,-3.592
1999,jpn,-5.858
2000,jpn,-6.581
2001,jpn,-5.181
2002,jpn,-7.004
2003,jpn,-7.190
2004,jpn,-5.507
2005,jpn,-4.729
2006,jpn,-3.750
2007,jpn,-2.111
2008,jpn,-3.843
2009,jpn,-9.905
2010,jpn,-8.641
2011,jpn,-9.009
2012,jpn,-7.873
2013,jpn,-7.803
2014,jpn,-7.050
2015,jpn,-5.657
2016,jpn,-4.418
2017,jpn,-3.757
2018,jpn,-3.202
2019,jpn,-3.264
2020,jpn,-3.346
1985,jor,-3.791
1986,jor,1.013
1987,jor,-9.590
1988,jor,-7.061
1989,jor,1.752
1990,jor,1.771
1991,jor,-0.707
1992,jor,10.108
1993,jor,3.745
1994,jor,2.667
1995,jor,3.220
1996,jor,1.142
1997,jor,1.253
1998,jor,-1.339
1999,jor,1.670
2000,jor,1.144
2001,jor,1.043
2002,jor,-0.666
2003,jor,1.412
2004,jor,1.492
2005,jor,-2.791
2006,jor,-1.210
2007,jor,-1.816
2008,jor,-1.969
2009,jor,-6.277
2010,jor,-3.516
2011,jor,-4.746
2012,jor,-5.941
2013,jor,-8.422
2014,jor,-6.444
2015,jor,0.712
2016,jor,2.063
2017,jor,2.416
2018,jor,2.716
2019,jor,2.516
2020,jor,2.218
2002,kaz,2.226
2003,kaz,3.689
2004,kaz,2.030
2005,kaz,5.473
2006,kaz,7.196
2007,kaz,4.183
2008,kaz,1.540
2009,kaz,-1.417
2010,kaz,1.816
2011,kaz,5.847
2012,kaz,3.866
2013,kaz,4.509
2014,kaz,1.440
2015,kaz,-3.695
2016,kaz,-2.266
2017,kaz,-0.598
2018,kaz,-0.581
2019,kaz,0.129
2020,kaz,0.378
1982,ken,-1.316
1983,ken,-0.083
1984,ken,-0.481
1985,ken,-0.784
1986,ken,-0.598
1987,ken,0.468
1988,ken,1.267
1989,ken,0.758
1990,ken,-0.028
1991,ken,-3.912
1992,ken,-4.193
1993,ken,-2.744
1994,ken,1.544
1995,ken,4.853
1996,ken,4.164
1997,ken,2.305
1998,ken,3.685
1999,ken,4.706
2000,ken,2.163
2001,ken,0.655
2002,ken,-0.271
2003,ken,0.331
2004,ken,1.455
2005,ken,0.197
2006,ken,-0.476
2007,ken,-0.788
2008,ken,-1.750
2009,ken,-2.673
2010,ken,-2.514
2011,ken,-2.209
2012,ken,-2.888
2013,ken,-3.288
2014,ken,-4.486
2015,ken,-5.388
2016,ken,-4.018
2017,ken,-2.536
2018,ken,-2.077
2019,ken,-1.676
2020,ken,-1.181
1990,kir,-8.768
1991,kir,-9.057
1992,kir,-4.973
1993,kir,0.316
1994,kir,-1.033
1995,kir,-8.220
1996,kir,-26.689
1997,kir,5.039
1998,kir,13.868
1999,kir,-4.341
2000,kir,-1.281
2001,kir,-12.994
2002,kir,-0.306
2003,kir,-11.636
2004,kir,-22.816
2005,kir,-14.319
2006,kir,-15.151
2007,kir,-15.482
2008,kir,-18.675
2009,kir,-11.423
2010,kir,-12.149
2011,kir,-22.131
2012,kir,-8.552
2013,kir,9.348
2014,kir,17.209
2015,kir,-14.999
2016,kir,-7.032
2017,kir,-1.827
2018,kir,-0.307
2019,kir,0.856
2020,kir,2.100
1995,kor,2.730
1996,kor,2.834
1997,kor,2.872
1998,kor,1.806
1999,kor,2.237
2000,kor,5.239
2001,kor,3.623
2002,kor,4.345
2003,kor,2.429
2004,kor,1.087
2005,kor,1.954
2006,kor,2.333
2007,kor,1.437
2008,kor,1.154
2009,kor,-0.654
2010,kor,0.800
2011,kor,0.949
2012,kor,0.757
2013,kor,-0.199
2014,kor,-0.429
2015,kor,-0.236
2016,kor,0.207
2017,kor,0.780
2018,kor,1.024
2019,kor,1.276
2020,kor,1.798
1990,kwt,-58.000
1991,kwt,-186.794
1992,kwt,-60.357
1993,kwt,-20.088
1994,kwt,-13.576
1995,kwt,-9.412
1996,kwt,0.312
1997,kwt,1.796
1998,kwt,-10.406
1999,kwt,-0.472
2000,kwt,15.720
2001,kwt,14.192
2002,kwt,10.137
2003,kwt,10.092
2004,kwt,13.741
2005,kwt,24.821
2006,kwt,19.182
2007,kwt,25.528
2008,kwt,11.094
2009,kwt,18.087
2010,kwt,16.861
2011,kwt,26.482
2012,kwt,27.517
2013,kwt,26.032
2014,kwt,15.327
2015,kwt,-8.408
2016,kwt,-2.897
2017,kwt,-2.048
2018,kwt,-2.520
2019,kwt,-3.375
2020,kwt,-4.434
2000,kgz,-8.521
2001,kgz,-5.086
2002,kgz,-4.290
2003,kgz,-3.656
2004,kgz,-3.539
2005,kgz,-2.266
2006,kgz,-1.832
2007,kgz,0.009
2008,kgz,1.715
2009,kgz,-0.309
2010,kgz,-5.024
2011,kgz,-3.606
2012,kgz,-4.714
2013,kgz,-2.858
2014,kgz,1.107
2015,kgz,-3.353
2016,kgz,-3.684
2017,kgz,-2.671
2018,kgz,-0.725
2019,kgz,0.516
2020,kgz,0.030
2000,lao,-4.157
2001,lao,-6.301
2002,lao,-1.877
2003,lao,-6.315
2004,lao,-1.802
2005,lao,-3.450
2006,lao,-2.212
2007,lao,-2.154
2008,lao,-0.845
2009,lao,-3.788
2010,lao,-2.775
2011,lao,-1.208
2012,lao,0.189
2013,lao,-4.500
2014,lao,-2.997
2015,lao,-3.425
2016,lao,-4.375
2017,lao,-3.896
2018,lao,-3.716
2019,lao,-3.786
2020,lao,-3.404
1998,lva,0.029
1999,lva,-2.797
2000,lva,-1.558
2001,lva,-1.077
2002,lva,-1.720
2003,lva,-1.264
2004,lva,-0.420
2005,lva,-0.554
2006,lva,-0.059
2007,lva,0.810
2008,lva,-6.976
2009,lva,-7.077
2010,lva,-6.305
2011,lva,-2.236
2012,lva,1.351
2013,lva,0.040
2014,lva,-0.390
2015,lva,-0.093
2016,lva,-0.020
2017,lva,-0.722
2018,lva,0.700
2019,lva,0.574
2020,lva,0.475
2000,lbn,-7.483
2001,lbn,-4.490
2002,lbn,0.401
2003,lbn,2.820
2004,lbn,2.485
2005,lbn,1.969
2006,lbn,2.651
2007,lbn,1.731
2008,lbn,1.501
2009,lbn,2.789
2010,lbn,2.754
2011,lbn,3.454
2012,lbn,-0.198
2013,lbn,-0.718
2014,lbn,1.313
2015,lbn,-0.410
2016,lbn,0.862
2017,lbn,1.295
2018,lbn,1.300
2019,lbn,1.223
2020,lbn,1.291
1982,lso,-6.422
1983,lso,-1.354
1984,lso,1.293
1985,lso,-3.799
1986,lso,-4.584
1987,lso,-9.943
1988,lso,-7.811
1989,lso,0.080
1990,lso,5.547
1991,lso,5.988
1992,lso,7.500
1993,lso,9.902
1994,lso,9.766
1995,lso,9.373
1996,lso,9.217
1997,lso,7.554
1998,lso,3.859
1999,lso,-6.177
2000,lso,0.967
2001,lso,-1.324
2002,lso,-0.080
2003,lso,2.884
2004,lso,9.250
2005,lso,6.696
2006,lso,16.937
2007,lso,13.178
2008,lso,9.398
2009,lso,-3.204
2010,lso,-4.617
2011,lso,-10.193
2012,lso,5.997
2013,lso,-1.735
2014,lso,-1.293
2015,lso,-0.383
2016,lso,-11.780
2017,lso,-9.672
2018,lso,-9.823
2019,lso,-9.431
2020,lso,-6.917
2000,lbr,1.429
2001,lbr,0.240
2002,lbr,-0.147
2003,lbr,1.906
2004,lbr,0.348
2005,lbr,0.218
2006,lbr,4.898
2007,lbr,3.411
2008,lbr,-1.039
2009,lbr,0.472
2010,lbr,2.930
2011,lbr,-2.818
2012,lbr,-1.530
2013,lbr,-4.157
2014,lbr,-4.111
2015,lbr,-8.990
2016,lbr,-7.424
2017,lbr,-4.972
2018,lbr,-4.081
2019,lbr,-3.398
2020,lbr,-2.079
1990,lby,4.800
1991,lby,9.902
1992,lby,1.258
1993,lby,-4.785
1994,lby,-1.654
1995,lby,4.944
1996,lby,12.633
1997,lby,-1.291
1998,lby,-1.560
1999,lby,6.612
2000,lby,14.077
2001,lby,0.432
2002,lby,7.215
2003,lby,6.363
2004,lby,11.675
2005,lby,31.355
2006,lby,31.807
2007,lby,28.581
2008,lby,27.539
2009,lby,-5.267
2010,lby,11.562
2011,lby,-15.894
2012,lby,27.807
2013,lby,-4.047
2014,lby,-43.546
2015,lby,-68.150
2016,lby,-43.345
2017,lby,-15.559
2018,lby,-14.490
2019,lby,-9.550
2020,lby,-11.995
2000,ltu,-2.880
2001,ltu,-2.572
2002,ltu,-0.883
2003,ltu,-0.352
2004,ltu,-0.781
2005,ltu,0.134
2006,ltu,0.116
2007,ltu,-0.515
2008,ltu,-2.768
2009,ltu,-8.208
2010,ltu,-5.235
2011,ltu,-7.227
2012,ltu,-1.206
2013,ltu,-0.871
2014,ltu,0.891
2015,ltu,0.237
2016,ltu,-0.024
2017,ltu,0.067
2018,ltu,0.228
2019,ltu,0.306
2020,ltu,0.497
1995,lux,1.134
1996,lux,0.198
1997,lux,2.808
1998,lux,2.519
1999,lux,2.754
2000,lux,4.484
2001,lux,4.615
2002,lux,1.145
2003,lux,-0.359
2004,lux,-1.830
2005,lux,-0.562
2006,lux,0.588
2007,lux,3.118
2008,lux,1.985
2009,lux,-1.037
2010,lux,-0.909
2011,lux,0.021
2012,lux,-0.144
2013,lux,0.479
2014,lux,0.313
2015,lux,-0.619
2016,lux,0.128
2017,lux,0.120
2018,lux,0.352
2019,lux,0.367
2020,lux,0.524
1998,mkd,0.181
1999,mkd,1.498
2000,mkd,4.131
2001,mkd,-4.351
2002,mkd,-3.970
2003,mkd,0.956
2004,mkd,1.234
2005,mkd,1.060
2006,mkd,0.429
2007,mkd,1.359
2008,mkd,-0.296
2009,mkd,-2.038
2010,mkd,-1.685
2011,mkd,-1.726
2012,mkd,-2.904
2013,mkd,-2.932
2014,mkd,-3.241
2015,mkd,-2.712
2016,mkd,-2.272
2017,mkd,-1.854
2018,mkd,-1.740
2019,mkd,-1.740
2020,mkd,-1.740
1980,mdg,-13.859
1981,mdg,-12.623
1982,mdg,-8.662
1983,mdg,-7.147
1984,mdg,-6.852
1985,mdg,-1.854
1986,mdg,-1.752
1987,mdg,-1.420
1988,mdg,0.915
1989,mdg,-2.646
1990,mdg,0.904
1991,mdg,-3.367
1992,mdg,-2.811
1993,mdg,-3.704
1994,mdg,-3.249
1995,mdg,-1.124
1996,mdg,-0.250
1997,mdg,0.644
1998,mdg,-3.572
1999,mdg,-0.676
2000,mdg,-0.475
2001,mdg,-2.356
2002,mdg,-2.785
2003,mdg,-1.653
2004,mdg,-1.976
2005,mdg,-0.236
2006,mdg,1.952
2007,mdg,-1.548
2008,mdg,-1.172
2009,mdg,-1.777
2010,mdg,-0.059
2011,mdg,-1.536
2012,mdg,-1.900
2013,mdg,-3.306
2014,mdg,-1.496
2015,mdg,-2.828
2016,mdg,-2.457
2017,mdg,-2.662
2018,mdg,-2.478
2019,mdg,-2.363
2020,mdg,-2.222
2002,mwi,-5.618
2003,mwi,1.405
2004,mwi,1.520
2005,mwi,3.493
2006,mwi,5.783
2007,mwi,-0.816
2008,mwi,-2.057
2009,mwi,-1.522
2010,mwi,5.393
2011,mwi,-2.026
2012,mwi,-0.421
2013,mwi,-3.150
2014,mwi,1.169
2015,mwi,0.801
2016,mwi,3.515
2017,mwi,3.105
2018,mwi,1.309
2019,mwi,2.079
2020,mwi,1.671
1990,mys,0.385
1991,mys,2.856
1992,mys,1.789
1993,mys,4.058
1994,mys,5.283
1995,mys,4.043
1996,mys,4.064
1997,mys,5.681
1998,mys,1.149
1999,mys,-1.586
2000,mys,-4.967
2001,mys,-3.192
2002,mys,-2.562
2003,mys,-4.900
2004,mys,-3.179
2005,mys,-1.508
2006,mys,-1.721
2007,mys,-1.962
2008,mys,-2.140
2009,mys,-5.124
2010,mys,-3.033
2011,mys,-2.073
2012,mys,-2.050
2013,mys,-2.498
2014,mys,-1.663
2015,mys,-1.458
2016,mys,-0.709
2017,mys,-0.770
2018,mys,-0.382
2019,mys,-0.194
2020,mys,-0.016
1990,mdv,-12.200
1991,mdv,-9.421
1992,mdv,-11.939
1993,mdv,-13.070
1994,mdv,-4.204
1995,mdv,-5.907
1996,mdv,-1.787
1997,mdv,-2.050
1998,mdv,-2.431
1999,mdv,-2.947
2000,mdv,-3.668
2001,mdv,-3.253
2002,mdv,-3.230
2003,mdv,-3.211
2004,mdv,-1.866
2005,mdv,-7.628
2006,mdv,-4.187
2007,mdv,-3.034
2008,mdv,-10.081
2009,mdv,-17.494
2010,mdv,-12.899
2011,mdv,-5.859
2012,mdv,-5.204
2013,mdv,-5.728
2014,mdv,-7.793
2015,mdv,-3.950
2016,mdv,-2.693
2017,mdv,-2.554
2018,mdv,-2.467
2019,mdv,-2.295
2020,mdv,-2.239
2000,mli,-2.094
2001,mli,-2.554
2002,mli,-2.947
2003,mli,-0.557
2004,mli,-1.925
2005,mli,-2.516
2006,mli,31.794
2007,mli,-2.769
2008,mli,-1.856
2009,mli,-3.854
2010,mli,-2.456
2011,mli,-3.441
2012,mli,-0.523
2013,mli,-2.264
2014,mli,-3.387
2015,mli,-4.031
2016,mli,-3.683
2017,mli,-3.357
2018,mli,-2.947
2019,mli,-2.477
2020,mli,-2.509
2000,mlt,-1.525
2001,mlt,-2.550
2002,mlt,-1.589
2003,mlt,-5.579
2004,mlt,-0.694
2005,mlt,1.080
2006,mlt,1.090
2007,mlt,1.212
2008,mlt,-0.870
2009,mlt,-0.057
2010,mlt,-0.223
2011,mlt,0.524
2012,mlt,-0.649
2013,mlt,0.238
2014,mlt,0.753
2015,mlt,1.147
2016,mlt,1.318
2017,mlt,1.461
2018,mlt,1.618
2019,mlt,1.841
2020,mlt,2.054
1997,mhl,14.546
1998,mhl,18.956
1999,mhl,13.481
2000,mhl,9.946
2001,mhl,9.643
2002,mhl,5.872
2003,mhl,11.573
2004,mhl,-0.982
2005,mhl,-21.640
2006,mhl,0.874
2007,mhl,0.866
2008,mhl,4.399
2009,mhl,2.093
2010,mhl,3.996
2011,mhl,2.948
2012,mhl,0.029
2013,mhl,1.348
2014,mhl,1.898
2015,mhl,3.049
2016,mhl,2.927
2017,mhl,0.179
2018,mhl,-0.185
2019,mhl,-0.429
2020,mhl,-0.662
2004,mrt,-1.488
2005,mrt,-1.470
2006,mrt,4.536
2007,mrt,-0.475
2008,mrt,-2.575
2009,mrt,-1.389
2010,mrt,0.672
2011,mrt,1.032
2012,mrt,3.359
2013,mrt,0.105
2014,mrt,-2.553
2015,mrt,-0.309
2016,mrt,-0.353
2017,mrt,-0.512
2018,mrt,-0.879
2019,mrt,0.108
2020,mrt,0.752
2000,mus,-0.822
2001,mus,-2.105
2002,mus,-1.716
2003,mus,-1.099
2004,mus,-0.789
2005,mus,-0.902
2006,mus,-0.582
2007,mus,0.735
2008,mus,1.098
2009,mus,0.211
2010,mus,0.097
2011,mus,-0.338
2012,mus,0.989
2013,mus,-0.986
2014,mus,-0.841
2015,mus,-0.620
2016,mus,-0.416
2017,mus,-0.304
2018,mus,-0.189
2019,mus,-0.295
2020,mus,-0.075
1990,mex,5.096
1991,mex,3.675
1992,mex,3.538
1993,mex,2.273
1994,mex,1.255
1995,mex,2.789
1996,mex,2.560
1997,mex,1.773
1998,mex,0.103
1999,mex,0.751
2000,mex,1.041
2001,mex,0.997
2002,mex,-0.088
2003,mex,0.755
2004,mex,1.638
2005,mex,1.632
2006,mex,1.758
2007,mex,1.463
2008,mex,1.535
2009,mex,-2.385
2010,mex,-1.736
2011,mex,-0.951
2012,mex,-1.142
2013,mex,-1.310
2014,mex,-1.959
2015,mex,-1.372
2016,mex,-0.642
2017,mex,0.025
2018,mex,0.603
2019,mex,0.658
2020,mex,0.693
1995,fsm,2.599
1996,fsm,4.962
1997,fsm,4.964
1998,fsm,-1.630
1999,fsm,-3.870
2000,fsm,-2.686
2001,fsm,-5.211
2002,fsm,7.163
2003,fsm,2.596
2004,fsm,-15.154
2005,fsm,-5.394
2006,fsm,-5.198
2007,fsm,-3.331
2008,fsm,-1.318
2009,fsm,2.169
2010,fsm,0.744
2011,fsm,-0.261
2012,fsm,1.119
2013,fsm,3.135
2014,fsm,12.882
2015,fsm,3.210
2016,fsm,4.559
2017,fsm,4.124
2018,fsm,3.586
2019,fsm,3.099
2020,fsm,2.653
1995,mda,0.409
1996,mda,-2.558
1997,mda,-3.584
1998,mda,2.764
1999,mda,3.820
2000,mda,2.895
2001,mda,3.931
2002,mda,1.322
2003,mda,2.758
2004,mda,2.682
2005,mda,2.794
2006,mda,0.675
2007,mda,1.445
2008,mda,0.220
2009,mda,-4.956
2010,mda,-1.718
2011,mda,-1.566
2012,mda,-1.364
2013,mda,-1.231
2014,mda,-1.215
2015,mda,-3.471
2016,mda,-4.472
2017,mda,-4.679
2018,mda,-3.983
2019,mda,-3.558
2020,mda,-3.946
1991,mng,-5.629
1992,mng,-7.591
1993,mng,-9.068
1994,mng,-6.129
1995,mng,-4.014
1996,mng,-5.437
1997,mng,-4.983
1998,mng,-9.551
1999,mng,-7.566
2000,mng,-3.709
2001,mng,-2.683
2002,mng,-2.968
2003,mng,-2.070
2004,mng,-0.587
2005,mng,2.661
2006,mng,6.956
2007,mng,2.606
2008,mng,-3.631
2009,mng,-4.087
2010,mng,0.859
2011,mng,-3.731
2012,mng,-8.336
2013,mng,-7.504
2014,mng,-8.682
2015,mng,-6.906
2016,mng,-4.318
2017,mng,-3.358
2018,mng,-0.154
2019,mng,0.341
2020,mng,0.051
2002,mne,-0.457
2003,mne,-3.015
2004,mne,-0.900
2005,mne,-0.276
2006,mne,4.299
2007,mne,7.380
2008,mne,-2.437
2009,mne,-4.494
2010,mne,-3.592
2011,mne,-3.754
2012,mne,-3.996
2013,mne,-1.124
2014,mne,1.612
2015,mne,-2.984
2016,mne,-4.758
2017,mne,-3.678
2018,mne,1.041
2019,mne,2.908
2020,mne,2.906
1990,mar,4.053
1991,mar,3.919
1992,mar,2.845
1993,mar,2.979
1994,mar,2.204
1995,mar,2.401
1996,mar,5.771
1997,mar,6.542
1998,mar,6.304
1999,mar,8.149
2000,mar,2.517
2001,mar,0.108
2002,mar,-1.146
2003,mar,-0.663
2004,mar,-0.334
2005,mar,-2.915
2006,mar,1.162
2007,mar,2.976
2008,mar,3.345
2009,mar,0.580
2010,mar,-2.074
2011,mar,-4.445
2012,mar,-4.925
2013,mar,-2.672
2014,mar,-2.189
2015,mar,-1.598
2016,mar,-0.704
2017,mar,-0.236
2018,mar,-0.062
2019,mar,0.133
2020,mar,0.196
1980,moz,-1.316
1981,moz,-6.637
1982,moz,-3.226
1983,moz,-14.100
1984,moz,-11.971
1985,moz,-8.642
1986,moz,-10.514
1987,moz,-5.419
1988,moz,-4.562
1989,moz,-2.218
1990,moz,-2.741
1991,moz,-1.478
1992,moz,-0.301
1993,moz,-0.941
1994,moz,-3.797
1995,moz,-1.451
1996,moz,-1.153
1997,moz,-0.994
1998,moz,-0.429
1999,moz,0.111
2000,moz,-1.404
2001,moz,-4.980
2002,moz,-2.943
2003,moz,-2.128
2004,moz,-2.859
2005,moz,-1.691
2006,moz,-2.867
2007,moz,-2.039
2008,moz,-1.751
2009,moz,-4.508
2010,moz,-3.152
2011,moz,-3.855
2012,moz,-2.878
2013,moz,-1.843
2014,moz,-7.318
2015,moz,-5.281
2016,moz,-4.512
2017,moz,-3.913
2018,moz,-3.211
2019,moz,-2.696
2020,moz,-2.111
1998,mmr,-4.252
1999,mmr,-3.070
2000,mmr,-6.312
2001,mmr,-4.137
2002,mmr,-2.358
2003,mmr,-3.988
2004,mmr,-3.308
2005,mmr,-2.170
2006,mmr,-3.033
2007,mmr,-2.705
2008,mmr,-1.866
2009,mmr,-4.171
2010,mmr,-4.544
2011,mmr,-3.530
2012,mmr,-0.438
2013,mmr,-0.421
2014,mmr,-2.698
2015,mmr,-4.467
2016,mmr,-5.006
2017,mmr,-4.916
2018,mmr,-4.591
2019,mmr,-4.486
2020,mmr,-4.429
1990,nam,1.475
1991,nam,-1.473
1992,nam,-2.692
1993,nam,-2.445
1994,nam,0.088
1995,nam,-1.043
1996,nam,-2.819
1997,nam,-0.939
1998,nam,-0.889
1999,nam,0.022
2000,nam,0.808
2001,nam,-0.497
2002,nam,0.385
2003,nam,-2.447
2004,nam,-0.700
2005,nam,1.721
2006,nam,5.069
2007,nam,7.637
2008,nam,4.915
2009,nam,0.912
2010,nam,-3.434
2011,nam,-5.554
2012,nam,0.028
2013,nam,-2.829
2014,nam,-3.574
2015,nam,-3.021
2016,nam,-4.789
2017,nam,-4.684
2018,nam,-2.372
2019,nam,-1.743
2020,nam,-1.742
2000,npl,-0.920
2001,npl,-1.972
2002,npl,-1.834
2003,npl,0.765
2004,npl,0.742
2005,npl,1.075
2006,npl,0.937
2007,npl,-0.075
2008,npl,0.277
2009,npl,-1.862
2010,npl,0.024
2011,npl,-0.135
2012,npl,0.247
2013,npl,2.829
2014,npl,2.782
2015,npl,2.154
2016,npl,1.385
2017,npl,1.015
2018,npl,0.871
2019,npl,0.555
2020,npl,0.519
1995,nld,-4.504
1996,nld,2.367
1997,nld,2.755
1998,nld,2.891
1999,nld,3.565
2000,nld,4.463
2001,nld,1.813
2002,nld,-0.115
2003,nld,-1.219
2004,nld,0.029
2005,nld,1.399
2006,nld,1.660
2007,nld,1.611
2008,nld,1.703
2009,nld,-3.972
2010,nld,-3.813
2011,nld,-3.107
2012,nld,-2.837
2013,nld,-1.286
2014,nld,-1.341
2015,nld,-0.656
2016,nld,0.160
2017,nld,0.367
2018,nld,0.345
2019,nld,0.358
2020,nld,0.368
1985,nzl,-2.640
1986,nzl,-1.642
1987,nzl,0.229
1988,nzl,1.867
1989,nzl,1.938
1990,nzl,1.809
1991,nzl,-0.663
1992,nzl,-0.553
1993,nzl,3.384
1994,nzl,6.118
1995,nzl,7.359
1996,nzl,5.779
1997,nzl,4.031
1998,nzl,2.179
1999,nzl,1.291
2000,nzl,2.302
2001,nzl,2.369
2002,nzl,3.253
2003,nzl,4.103
2004,nzl,4.645
2005,nzl,4.739
2006,nzl,3.905
2007,nzl,3.107
2008,nzl,1.181
2009,nzl,-1.991
2010,nzl,-5.377
2011,nzl,-4.704
2012,nzl,-1.365
2013,nzl,-0.767
2014,nzl,-0.593
2015,nzl,-0.092
2016,nzl,0.332
2017,nzl,0.825
2018,nzl,1.080
2019,nzl,1.035
2020,nzl,0.987
2000,nic,-0.456
2001,nic,-1.416
2002,nic,1.080
2003,nic,1.355
2004,nic,0.426
2005,nic,0.611
2006,nic,1.957
2007,nic,1.814
2008,nic,-0.187
2009,nic,-1.204
2010,nic,0.221
2011,nic,0.508
2012,nic,0.675
2013,nic,-0.104
2014,nic,-0.592
2015,nic,-0.307
2016,nic,-0.083
2017,nic,-0.124
2018,nic,-0.247
2019,nic,-0.326
2020,nic,-0.416
1995,ner,-2.281
1996,ner,1.056
1997,ner,-1.795
1998,ner,-1.347
1999,ner,-4.080
2000,ner,-2.215
2001,ner,-1.618
2002,ner,-1.390
2003,ner,-1.636
2004,ner,-2.965
2005,ner,-1.422
2006,ner,40.597
2007,ner,-0.651
2008,ner,1.718
2009,ner,-5.086
2010,ner,-2.201
2011,ner,-1.141
2012,ner,-0.842
2013,ner,-2.308
2014,ner,-5.237
2015,ner,-7.234
2016,ner,-4.528
2017,ner,-2.868
2018,ner,-2.673
2019,ner,-2.032
2020,ner,-1.786
2000,nga,8.986
2001,nga,0.973
2002,nga,3.712
2003,nga,2.059
2004,nga,7.083
2005,nga,6.976
2006,nga,9.589
2007,nga,-0.452
2008,nga,6.495
2009,nga,-5.243
2010,nga,-3.589
2011,nga,1.252
2012,nga,1.236
2013,nga,-1.332
2014,nga,-1.312
2015,nga,-0.940
2016,nga,-0.591
2017,nga,-0.764
2018,nga,-0.773
2019,nga,-0.622
2020,nga,-0.660
1980,nor,5.137
1981,nor,4.183
1982,nor,2.988
1983,nor,4.967
1984,nor,5.114
1985,nor,7.771
1986,nor,3.048
1987,nor,1.195
1988,nor,-1.083
1989,nor,-1.829
1990,nor,-1.454
1991,nor,-3.663
1992,nor,-5.291
1993,nor,-4.396
1994,nor,-2.067
1995,nor,1.112
1996,nor,4.406
1997,nor,5.977
1998,nor,1.774
1999,nor,4.086
2000,nor,13.376
2001,nor,11.208
2002,nor,6.967
2003,nor,5.331
2004,nor,8.979
2005,nor,12.960
2006,nor,15.888
2007,nor,14.133
2008,nor,15.493
2009,nor,7.958
2010,nor,8.828
2011,nor,11.112
2012,nor,11.701
2013,nor,9.185
2014,nor,6.633
2015,nor,5.171
2016,nor,5.205
2017,nor,5.147
2018,nor,4.987
2019,nor,4.667
2020,nor,4.216
1990,omn,5.168
1991,omn,-0.995
1992,omn,-6.000
1993,omn,-8.582
1994,omn,-9.008
1995,omn,-4.227
1996,omn,3.038
1997,omn,6.076
1998,omn,-5.178
1999,omn,0.951
2000,omn,14.647
2001,omn,8.792
2002,omn,5.891
2003,omn,4.795
2004,omn,5.611
2005,omn,12.303
2006,omn,12.993
2007,omn,10.841
2008,omn,16.016
2009,omn,-1.391
2010,omn,4.758
2011,omn,8.957
2012,omn,3.393
2013,omn,2.628
2014,omn,-2.165
2015,omn,-16.035
2016,omn,-13.084
2017,omn,-12.644
2018,omn,-12.969
2019,omn,-12.502
2020,omn,-13.176
1993,pak,-1.374
1994,pak,0.070
1995,pak,-0.922
1996,pak,-0.693
1997,pak,0.133
1998,pak,0.024
1999,pak,1.709
2000,pak,1.934
2001,pak,2.108
2002,pak,1.797
2003,pak,3.795
2004,pak,1.611
2005,pak,0.186
2006,pak,-0.533
2007,pak,-1.125
2008,pak,-2.456
2009,pak,-0.118
2010,pak,-1.589
2011,pak,-3.075
2012,pak,-3.969
2013,pak,-3.723
2014,pak,-0.190
2015,pak,0.021
2016,pak,0.697
2017,pak,0.625
2018,pak,0.739
2019,pak,0.795
2020,pak,0.617
1990,pan,6.157
1991,pan,2.522
1992,pan,1.244
1993,pan,-4.589
1994,pan,15.317
1995,pan,10.033
1996,pan,4.786
1997,pan,2.134
1998,pan,-0.099
1999,pan,1.803
2000,pan,2.722
2001,pan,1.082
2002,pan,-0.058
2003,pan,-0.994
2004,pan,-1.222
2005,pan,1.286
2006,pan,4.428
2007,pan,6.418
2008,pan,3.168
2009,pan,1.446
2010,pan,0.584
2011,pan,-0.014
2012,pan,0.042
2013,pan,-0.526
2014,pan,-2.438
2015,pan,-1.460
2016,pan,-1.243
2017,pan,0.119
2018,pan,0.902
2019,pan,0.761
2020,pan,0.625
1993,png,-6.017
1994,png,0.329
1995,png,4.492
1996,png,5.377
1997,png,3.273
1998,png,2.477
1999,png,-0.063
2000,png,3.224
2001,png,0.455
2002,png,-0.343
2003,png,4.062
2004,png,4.296
2005,png,4.905
2006,png,8.348
2007,png,10.918
2008,png,4.270
2009,png,-7.608
2010,png,4.435
2011,png,3.012
2012,png,-1.847
2013,png,-6.576
2014,png,-4.224
2015,png,-3.116
2016,png,-1.617
2017,png,-0.584
2018,png,0.173
2019,png,0.064
2020,png,-0.034
1989,pry,5.976
1990,pry,8.623
1991,pry,2.273
1992,pry,0.701
1993,pry,3.046
1994,pry,5.556
1995,pry,3.323
1996,pry,2.221
1997,pry,2.364
1998,pry,4.850
1999,pry,4.217
2000,pry,0.423
2001,pry,0.877
2002,pry,-0.692
2003,pry,1.687
2004,pry,2.404
2005,pry,2.522
2006,pry,3.462
2007,pry,3.299
2008,pry,3.984
2009,pry,0.191
2010,pry,1.483
2011,pry,2.590
2012,pry,-1.065
2013,pry,-0.697
2014,pry,0.275
2015,pry,-0.149
2016,pry,0.105
2017,pry,0.235
2018,pry,0.331
2019,pry,0.438
2020,pry,0.501
2000,per,0.395
2001,per,0.127
2002,per,0.758
2003,per,0.552
2004,per,1.052
2005,per,1.550
2006,per,3.937
2007,per,5.181
2008,per,4.088
2009,per,-0.528
2010,per,1.054
2011,per,3.279
2012,per,2.799
2013,per,1.673
2014,per,0.819
2015,per,-0.770
2016,per,-0.410
2017,per,-0.170
2018,per,0.075
2019,per,0.130
2020,per,0.048
1994,phl,4.642
1995,phl,4.331
1996,phl,4.654
1997,phl,4.157
1998,phl,2.670
1999,phl,1.405
2000,phl,0.882
2001,phl,1.206
2002,phl,0.641
2003,phl,1.380
2004,phl,2.206
2005,phl,3.568
2006,phl,4.766
2007,phl,3.416
2008,phl,3.411
2009,phl,0.626
2010,phl,0.670
2011,phl,2.184
2012,phl,1.982
2013,phl,2.339
2014,phl,2.776
2015,phl,1.422
2016,phl,1.241
2017,phl,1.036
2018,phl,0.795
2019,phl,0.584
2020,phl,0.272
1995,pol,1.327
1996,pol,-0.301
1997,pol,-0.094
1998,pol,-0.259
1999,pol,0.644
2000,pol,-0.004
2001,pol,-2.150
2002,pol,-2.093
2003,pol,-3.210
2004,pol,-2.620
2005,pol,-1.240
2006,pol,-1.362
2007,pol,0.177
2008,pol,-1.469
2009,pol,-4.740
2010,pol,-5.131
2011,pol,-2.365
2012,pol,-1.070
2013,pol,-1.540
2014,pol,-1.256
2015,pol,-0.783
2016,pol,-0.154
2017,pol,-0.357
2018,pol,0.047
2019,pol,0.154
2020,pol,0.239
1986,prt,0.069
1987,prt,-0.105
1988,prt,2.729
1989,prt,2.882
1990,prt,1.585
1991,prt,0.809
1992,prt,3.460
1993,prt,-0.714
1994,prt,-1.398
1995,prt,-1.573
1996,prt,-1.192
1997,prt,-1.233
1998,prt,-1.992
1999,prt,-0.969
2000,prt,-1.086
2001,prt,-2.615
2002,prt,-1.349
2003,prt,-2.552
2004,prt,-4.466
2005,prt,-4.199
2006,prt,-0.104
2007,prt,-0.938
2008,prt,-1.666
2009,prt,-7.772
2010,prt,-9.052
2011,prt,-4.076
2012,prt,-1.873
2013,prt,0.081
2014,prt,0.438
2015,prt,1.686
2016,prt,1.717
2017,prt,1.759
2018,prt,1.682
2019,prt,1.568
2020,prt,1.547
1990,qat,-29.643
1991,qat,-2.052
1992,qat,-0.600
1993,qat,-8.930
1994,qat,-8.606
1995,qat,0.276
1996,qat,-4.425
1997,qat,-4.882
1998,qat,1.406
1999,qat,0.964
2000,qat,11.868
2001,qat,7.655
2002,qat,11.968
2003,qat,7.998
2004,qat,16.909
2005,qat,10.031
2006,qat,9.308
2007,qat,10.987
2008,qat,11.365
2009,qat,16.623
2010,qat,7.223
2011,qat,11.729
2012,qat,15.599
2013,qat,21.490
2014,qat,15.517
2015,qat,6.520
2016,qat,2.699
2017,qat,1.871
2018,qat,1.624
2019,qat,0.989
2020,qat,0.320
2000,rou,0.826
2001,rou,0.594
2002,rou,0.383
2003,rou,-0.184
2004,rou,-2.253
2005,rou,0.408
2006,rou,-0.712
2007,rou,-2.547
2008,rou,-4.124
2009,rou,-6.113
2010,rou,-5.046
2011,rou,-2.751
2012,rou,-0.728
2013,rou,-0.816
2014,rou,-0.366
2015,rou,-0.501
2016,rou,-0.128
2017,rou,0.094
2018,rou,0.183
2019,rou,0.278
2020,rou,0.328
1998,rus,-3.377
1999,rus,2.023
2000,rus,7.614
2001,rus,5.849
2002,rus,2.778
2003,rus,2.996
2004,rus,6.038
2005,rus,8.938
2006,rus,8.914
2007,rus,5.983
2008,rus,5.075
2009,rus,-6.640
2010,rus,-3.299
2011,rus,1.835
2012,rus,0.718
2013,rus,-0.910
2014,rus,-0.752
2015,rus,-3.170
2016,rus,-1.997
2017,rus,-0.546
2018,rus,0.424
2019,rus,0.418
2020,rus,0.402
1992,rwa,-8.742
1993,rwa,-7.683
1994,rwa,-6.970
1995,rwa,-0.046
1996,rwa,-4.259
1997,rwa,-1.352
1998,rwa,-2.118
1999,rwa,-3.422
2000,rwa,1.786
2001,rwa,-0.410
2002,rwa,0.516
2003,rwa,-3.024
2004,rwa,1.881
2005,rwa,1.578
2006,rwa,1.043
2007,rwa,-1.202
2008,rwa,1.414
2009,rwa,0.650
2010,rwa,0.898
2011,rwa,-1.408
2012,rwa,-1.080
2013,rwa,-1.833
2014,rwa,-2.815
2015,rwa,-1.314
2016,rwa,-1.571
2017,rwa,-1.910
2018,rwa,-2.201
2019,rwa,-1.882
2020,rwa,-1.772
2004,smr,2.641
2005,smr,3.312
2006,smr,2.772
2007,smr,1.382
2008,smr,0.027
2009,smr,-2.484
2010,smr,-2.360
2011,smr,-4.013
2012,smr,-2.508
2013,smr,-1.419
2014,smr,-0.836
2015,smr,-0.778
2016,smr,-0.850
2017,smr,-0.990
2018,smr,-0.990
2019,smr,-0.990
2020,smr,-0.981
2001,stp,-9.822
2002,stp,-7.596
2003,stp,-12.660
2004,stp,-21.510
2005,stp,28.224
2006,stp,-9.086
2007,stp,123.486
2008,stp,14.079
2009,stp,-17.380
2010,stp,-10.660
2011,stp,-11.183
2012,stp,-10.311
2013,stp,2.407
2014,stp,-5.064
2015,stp,-7.674
2016,stp,-3.385
2017,stp,-2.552
2018,stp,-0.910
2019,stp,0.503
2020,stp,0.516
1999,sau,0.877
2000,sau,9.881
2001,sau,6.919
2002,sau,1.478
2003,sau,8.328
2004,sau,13.987
2005,sau,22.525
2006,sau,25.304
2007,sau,14.787
2008,sau,30.981
2009,sau,-3.931
2010,sau,5.596
2011,sau,12.126
2012,sau,14.596
2013,sau,8.370
2014,sau,-1.095
2015,sau,-14.876
2016,sau,-8.762
2017,sau,-6.230
2018,sau,-5.750
2019,sau,-4.726
2020,sau,-4.175
2000,sen,2.236
2001,sen,-1.516
2002,sen,0.333
2003,sen,-0.643
2004,sen,-1.242
2005,sen,-1.896
2006,sen,-4.549
2007,sen,-3.210
2008,sen,-4.049
2009,sen,-4.181
2010,sen,-4.261
2011,sen,-4.763
2012,sen,-4.099
2013,sen,-3.994
2014,sen,-3.411
2015,sen,-2.769
2016,sen,-2.476
2017,sen,-2.229
2018,sen,-1.937
2019,sen,-1.216
2020,sen,-1.083
2000,srb,0.466
2001,srb,1.089
2002,srb,-2.305
2003,srb,-1.733
2004,srb,1.286
2005,srb,2.525
2006,srb,0.486
2007,srb,-0.133
2008,srb,-1.268
2009,srb,-2.862
2010,srb,-2.579
2011,srb,-2.825
2012,srb,-4.858
2013,srb,-2.869
2014,srb,-3.309
2015,srb,-2.319
2016,srb,-0.752
2017,srb,0.342
2018,srb,1.025
2019,srb,1.276
2020,srb,1.622
1983,syc,-1.108
1984,syc,-3.183
1985,syc,-0.598
1986,syc,-7.080
1987,syc,11.183
1988,syc,20.458
1989,syc,16.351
1990,syc,19.897
1991,syc,11.090
1992,syc,14.299
1993,syc,4.273
1994,syc,1.401
1995,syc,7.119
1996,syc,0.371
1997,syc,3.854
1998,syc,-6.546
1999,syc,-1.140
2000,syc,-7.286
2001,syc,-1.642
2002,syc,-8.643
2003,syc,10.298
2004,syc,6.894
2005,syc,6.830
2006,syc,2.792
2007,syc,-3.362
2008,syc,14.743
2009,syc,13.509
2010,syc,6.503
2011,syc,6.150
2012,syc,6.160
2013,syc,4.988
2014,syc,5.482
2015,syc,4.713
2016,syc,5.255
2017,syc,5.723
2018,syc,5.589
2019,syc,5.144
2020,syc,3.273
2000,sle,1.229
2001,sle,-1.765
2002,sle,-0.837
2003,sle,-0.934
2004,sle,1.697
2005,sle,1.441
2006,sle,1.348
2007,sle,21.837
2008,sle,-1.854
2009,sle,-1.092
2010,sle,-3.450
2011,sle,-2.595
2012,sle,-3.423
2013,sle,-0.979
2014,sle,-2.207
2015,sle,-3.703
2016,sle,-4.514
2017,sle,-3.702
2018,sle,-3.373
2019,sle,-3.195
2020,sle,-3.086
1990,sgp,9.435
1991,sgp,9.056
1992,sgp,12.347
1993,sgp,14.719
1994,sgp,13.780
1995,sgp,11.143
1996,sgp,7.881
1997,sgp,8.653
1998,sgp,0.805
1999,sgp,4.601
2000,sgp,7.828
2001,sgp,2.883
2002,sgp,3.224
2003,sgp,4.733
2004,sgp,4.603
2005,sgp,6.426
2006,sgp,5.599
2007,sgp,10.423
2008,sgp,4.960
2009,sgp,-2.031
2010,sgp,5.119
2011,sgp,7.015
2012,sgp,6.377
2013,sgp,3.986
2014,sgp,2.782
2015,sgp,0.029
2016,sgp,0.652
2017,sgp,0.857
2018,sgp,0.978
2019,sgp,1.124
2020,sgp,1.034
1997,svk,-3.907
1998,svk,-2.933
1999,svk,-4.453
2000,svk,-9.007
2001,svk,-3.419
2002,svk,-5.158
2003,svk,-1.088
2004,svk,-0.895
2005,svk,-1.767
2006,svk,-2.684
2007,svk,-0.986
2008,svk,-1.495
2009,svk,-6.847
2010,svk,-6.359
2011,svk,-2.770
2012,svk,-2.636
2013,svk,-0.945
2014,svk,-1.435
2015,svk,-1.240
2016,svk,-1.008
2017,svk,-0.661
2018,svk,-0.671
2019,svk,-0.581
2020,svk,-0.553
1995,svn,0.839
1996,svn,1.190
1997,svn,-0.129
1998,svn,0.267
1999,svn,0.502
2000,svn,-0.084
2001,svn,0.023
2002,svn,-0.089
2003,svn,-0.010
2004,svn,-0.065
2005,svn,0.101
2006,svn,0.291
2007,svn,1.190
2008,svn,0.465
2009,svn,-4.555
2010,svn,-4.033
2011,svn,-4.173
2012,svn,-1.441
2013,svn,-11.561
2014,svn,-2.818
2015,svn,-1.046
2016,svn,-0.305
2017,svn,-0.118
2018,svn,0.007
2020,svn,-0.013
2000,slb,-1.497
2001,slb,-0.919
2002,slb,-0.600
2003,slb,6.490
2004,slb,6.377
2005,slb,-1.072
2006,slb,-0.704
2007,slb,3.250
2008,slb,0.947
2009,slb,2.703
2010,slb,6.767
2011,slb,9.198
2012,slb,4.038
2013,slb,4.597
2014,slb,2.030
2015,slb,-1.889
2016,slb,-1.447
2017,slb,-0.153
2018,slb,0.475
2019,slb,0.805
2020,slb,0.821
2000,zaf,3.306
2001,zaf,3.369
2002,zaf,2.825
2003,zaf,1.706
2004,zaf,2.111
2005,zaf,2.745
2006,zaf,3.526
2007,zaf,3.744
2008,zaf,1.960
2009,zaf,-2.432
2010,zaf,-2.218
2011,zaf,-1.216
2012,zaf,-1.329
2013,zaf,-1.089
2014,zaf,-0.978
2015,zaf,-0.954
2016,zaf,-0.092
2017,zaf,0.284
2018,zaf,0.459
2019,zaf,0.675
2020,zaf,0.898
2013,ssd,-5.178
2014,ssd,-6.117
1980,esp,-1.700
1981,esp,-2.059
1982,esp,-5.166
1983,esp,-4.111
1984,esp,-4.143
1985,esp,-4.281
1986,esp,-2.864
1987,esp,-0.551
1988,esp,-0.451
1989,esp,0.069
1990,esp,-0.666
1991,esp,-1.144
1992,esp,-0.243
1993,esp,-2.139
1994,esp,-1.883
1995,esp,-1.972
1996,esp,-0.281
1997,esp,0.701
1998,esp,0.471
1999,esp,1.711
2000,esp,1.834
2001,esp,1.998
2002,esp,1.879
2003,esp,1.674
2004,esp,1.741
2005,esp,2.725
2006,esp,3.476
2007,esp,3.093
2008,esp,-3.384
2009,esp,-9.624
2010,esp,-7.838
2011,esp,-7.459
2012,esp,-7.857
2013,esp,-3.980
2014,esp,-2.973
2015,esp,-1.644
2016,esp,-0.401
2017,esp,-0.114
2018,esp,0.289
2019,esp,0.783
2020,esp,0.817
1990,lka,-1.347
1991,lka,-3.700
1992,lka,0.040
1993,lka,-0.986
1994,lka,-2.411
1995,lka,-2.892
1996,lka,-1.978
1997,lka,-0.813
1998,lka,-2.949
1999,lka,-1.256
2000,lka,-3.705
2001,lka,-3.601
2002,lka,-1.070
2003,lka,-0.446
2004,lka,-1.768
2005,lka,-2.130
2006,lka,-1.871
2007,lka,-1.771
2008,lka,-2.203
2009,lka,-3.447
2010,lka,-1.666
2011,lka,-1.429
2012,lka,-1.062
2013,lka,-0.743
2014,lka,-1.691
2015,lka,-2.134
2016,lka,-3.116
2017,lka,-2.947
2018,lka,-2.682
2019,lka,-2.554
2020,lka,-2.202
1990,kna,2.920
1991,kna,3.217
1992,kna,2.693
1993,kna,2.287
1994,kna,2.878
1995,kna,2.684
1996,kna,-0.025
1997,kna,-0.538
1998,kna,-3.741
1999,kna,-7.051
2000,kna,-8.186
2001,kna,-5.847
2002,kna,-9.229
2003,kna,-0.947
2004,kna,-1.416
2005,kna,2.816
2006,kna,4.546
2007,kna,2.710
2008,kna,2.603
2009,kna,3.628
2010,kna,-0.704
2011,kna,8.237
2012,kna,10.838
2013,kna,16.252
2014,kna,13.068
2015,kna,3.644
2016,kna,2.359
2017,kna,1.503
2018,kna,0.634
2019,kna,0.649
2020,kna,0.576
1985,lca,-0.379
1986,lca,-0.716
1987,lca,1.958
1988,lca,3.310
1989,lca,1.907
1990,lca,1.029
1991,lca,0.078
1992,lca,-0.129
1993,lca,0.386
1994,lca,0.610
1995,lca,0.549
1996,lca,0.109
1997,lca,-0.460
1998,lca,3.741
1999,lca,3.059
2000,lca,0.224
2001,lca,-1.739
2002,lca,-1.689
2003,lca,-1.402
2004,lca,-0.358
2005,lca,-4.120
2006,lca,-3.215
2007,lca,0.842
2008,lca,1.908
2009,lca,-0.357
2010,lca,-1.901
2011,lca,-3.475
2012,lca,-5.772
2013,lca,-2.102
2014,lca,-2.173
2015,lca,-2.596
2016,lca,-2.768
2017,lca,-2.759
2018,lca,-2.752
2019,lca,-2.752
2020,lca,-2.752
1984,vct,3.497
1985,vct,5.173
1986,vct,3.016
1987,vct,1.786
1988,vct,0.781
1989,vct,-1.969
1990,vct,1.743
1991,vct,-0.394
1992,vct,-3.480
1993,vct,-1.300
1994,vct,0.560
1995,vct,2.033
1996,vct,2.400
1997,vct,-2.308
1998,vct,-1.140
1999,vct,-0.698
2000,vct,0.789
2001,vct,0.454
2002,vct,0.370
2003,vct,0.035
2004,vct,-0.828
2005,vct,-2.022
2006,vct,-0.454
2007,vct,-0.699
2008,vct,0.514
2009,vct,-0.769
2010,vct,-1.635
2011,vct,-5.274
2012,vct,-0.268
2013,vct,-4.140
2014,vct,-3.376
2015,vct,-3.258
2016,vct,-1.551
2017,vct,-0.370
2018,vct,0.757
2019,vct,1.404
2020,vct,1.404
1990,sdn,-14.773
1991,sdn,-23.602
1992,sdn,-21.608
1993,sdn,-6.846
1994,sdn,-0.978
1995,sdn,-2.261
1996,sdn,-1.521
1997,sdn,0.031
1998,sdn,0.104
1999,sdn,-0.052
2000,sdn,0.350
2001,sdn,-0.145
2002,sdn,0.472
2003,sdn,2.515
2004,sdn,1.690
2005,sdn,-1.136
2006,sdn,-0.155
2007,sdn,-2.516
2008,sdn,1.521
2009,sdn,-4.052
2010,sdn,1.387
2011,sdn,1.442
2012,sdn,-2.210
2013,sdn,-1.782
2014,sdn,-0.262
2015,sdn,-0.695
2016,sdn,-0.603
2017,sdn,-0.351
2018,sdn,-0.257
2019,sdn,-0.110
2020,sdn,-0.136
1990,sur,-4.785
1991,sur,-11.573
1992,sur,-7.978
1993,sur,-3.684
1994,sur,1.267
1995,sur,-0.286
1996,sur,-1.277
1997,sur,-3.315
1998,sur,-11.301
1999,sur,-7.747
2000,sur,-11.193
2001,sur,1.251
2002,sur,-5.017
2003,sur,2.881
2004,sur,-0.276
2005,sur,0.597
2006,sur,2.657
2007,sur,3.392
2008,sur,2.204
2009,sur,-1.197
2010,sur,-2.215
2011,sur,1.503
2012,sur,-2.976
2013,sur,-5.531
2014,sur,-4.146
2015,sur,-4.830
2016,sur,-3.676
2017,sur,-3.269
2018,sur,-2.832
2019,sur,-3.062
2020,sur,-2.799
1981,swz,-1.179
1982,swz,-0.063
1983,swz,0.382
1984,swz,1.321
1985,swz,0.352
1986,swz,-0.735
1987,swz,2.038
1988,swz,4.044
1989,swz,6.423
1990,swz,6.437
1991,swz,4.552
1992,swz,-1.004
1993,swz,-2.738
1994,swz,-3.173
1995,swz,0.361
1996,swz,-0.095
1997,swz,1.965
1998,swz,1.926
1999,swz,-0.093
2000,swz,-0.739
2001,swz,-1.639
2002,swz,-2.938
2003,swz,-1.198
2004,swz,-3.437
2005,swz,-0.765
2006,swz,10.203
2007,swz,3.358
2008,swz,2.683
2009,swz,-2.544
2010,swz,-9.885
2011,swz,-3.399
2012,swz,6.316
2013,swz,1.643
2014,swz,-0.771
2015,swz,-1.811
2016,swz,-2.130
2017,swz,-3.479
2018,swz,-1.973
2019,swz,-1.973
2020,swz,-1.973
1980,swe,-4.684
1981,swe,-2.818
1982,swe,-3.512
1983,swe,-1.748
1984,swe,0.816
1985,swe,0.773
1986,swe,3.364
1987,swe,6.504
1988,swe,5.762
1989,swe,5.362
1990,swe,5.145
1991,swe,1.676
1992,swe,-7.131
1993,swe,-10.044
1994,swe,-6.944
1995,swe,-4.722
1996,swe,-0.524
1997,swe,1.345
1998,swe,3.348
1999,swe,3.129
2000,swe,5.452
2001,swe,3.147
2002,swe,0.579
2003,swe,0.059
2004,swe,1.288
2005,swe,2.777
2006,swe,2.889
2007,swe,4.022
2008,swe,2.513
2009,swe,-0.707
2010,swe,0.166
2011,swe,0.264
2012,swe,-0.649
2013,swe,-1.408
2014,swe,-2.232
2015,swe,-1.418
2016,swe,-0.713
2017,swe,-0.516
2018,swe,-0.130
2019,swe,0.245
2020,swe,0.620
1983,che,0.870
1984,che,1.115
1985,che,1.337
1986,che,2.418
1987,che,2.364
1988,che,2.111
1989,che,1.930
1990,che,0.321
1991,che,-1.467
1992,che,-2.400
1993,che,-2.562
1994,che,-1.705
1995,che,-0.891
1996,che,-0.964
1997,che,-1.405
1998,che,-0.156
1999,che,0.942
2000,che,3.291
2001,che,1.677
2002,che,1.013
2003,che,-0.294
2004,che,-0.269
2005,che,0.430
2006,che,1.772
2007,che,1.946
2008,che,2.306
2009,che,1.055
2010,che,0.672
2011,che,0.802
2012,che,0.404
2013,che,0.245
2014,che,0.582
2015,che,-0.056
2016,che,0.130
2017,che,0.170
2018,che,0.309
2019,che,0.292
2020,che,0.276
1998,tjk,-4.032
1999,tjk,-3.441
2000,tjk,-4.230
2001,tjk,-1.662
2002,tjk,-0.559
2003,tjk,-0.522
2004,tjk,-1.669
2005,tjk,-2.398
2006,tjk,2.199
2007,tjk,-5.073
2008,tjk,-4.752
2009,tjk,-4.726
2010,tjk,-2.488
2011,tjk,-1.624
2012,tjk,1.150
2013,tjk,0.078
2014,tjk,0.590
2015,tjk,-1.132
2016,tjk,-1.682
2017,tjk,-1.656
2018,tjk,-1.893
2019,tjk,-2.159
2020,tjk,-2.681
1991,tza,2.109
1992,tza,-2.292
1993,tza,0.373
1994,tza,-0.475
1995,tza,0.827
1996,tza,3.509
1997,tza,1.756
1998,tza,1.375
1999,tza,0.299
2000,tza,0.552
2001,tza,0.706
2002,tza,0.143
2003,tza,-1.065
2004,tza,-1.695
2005,tza,-2.430
2006,tza,-2.543
2007,tza,-0.568
2008,tza,-1.177
2009,tza,-3.827
2010,tza,-4.106
2011,tza,-2.837
2012,tza,-3.146
2013,tza,-2.732
2014,tza,-2.586
2015,tza,-2.964
2016,tza,-2.477
2017,tza,-2.372
2018,tza,-2.262
2019,tza,-2.130
2020,tza,-1.959
2000,tha,-0.777
2001,tha,-0.710
2002,tha,-5.505
2003,tha,3.112
2004,tha,2.361
2005,tha,2.656
2006,tha,3.487
2007,tha,1.165
2008,tha,0.984
2009,tha,-2.433
2010,tha,-0.059
2011,tha,0.298
2012,tha,-0.896
2013,tha,0.641
2014,tha,-0.931
2015,tha,-1.072
2016,tha,-1.132
2017,tha,-0.999
2018,tha,-0.977
2019,tha,-1.040
2020,tha,-0.958
1989,tgo,0.458
1990,tgo,0.415
1991,tgo,-2.574
1992,tgo,-0.992
1993,tgo,-9.436
1994,tgo,-4.586
1995,tgo,-1.887
1996,tgo,-2.516
1997,tgo,0.638
1998,tgo,-2.861
1999,tgo,-0.491
2000,tgo,-3.212
2001,tgo,0.764
2002,tgo,1.290
2003,tgo,4.282
2004,tgo,2.713
2005,tgo,-1.386
2006,tgo,-1.891
2007,tgo,0.240
2008,tgo,-0.085
2009,tgo,-2.977
2010,tgo,-1.526
2011,tgo,-3.364
2012,tgo,-6.293
2013,tgo,-3.556
2014,tgo,-4.441
2015,tgo,-3.446
2016,tgo,-4.339
2017,tgo,-3.550
2018,tgo,-3.139
2019,tgo,-2.738
2020,tgo,-2.195
2000,ton,2.381
2001,ton,3.129
2002,ton,3.195
2003,ton,4.052
2004,ton,5.207
2005,ton,3.633
2006,ton,3.993
2007,ton,4.302
2008,ton,6.867
2009,ton,5.405
2010,ton,-3.002
2011,ton,-2.890
2012,ton,-0.545
2013,ton,0.890
2014,ton,1.172
2015,ton,-0.016
2016,ton,-0.072
2017,ton,0.348
2018,ton,0.591
2019,ton,0.799
2020,ton,0.860
1999,tto,0.857
2000,tto,5.413
2001,tto,2.608
2002,tto,0.723
2003,tto,5.598
2004,tto,4.717
2005,tto,6.655
2006,tto,8.301
2007,tto,5.697
2008,tto,9.820
2009,tto,-6.454
2010,tto,-1.271
2011,tto,1.770
2012,tto,1.434
2013,tto,-0.374
2014,tto,-2.384
2015,tto,-2.214
2016,tto,-3.283
2017,tto,-3.626
2018,tto,-3.606
2019,tto,-3.402
2020,tto,-3.646
1991,tun,-1.473
1992,tun,0.424
1993,tun,0.536
1994,tun,1.223
1995,tun,-0.313
1996,tun,-0.969
1997,tun,-0.188
1998,tun,2.092
1999,tun,0.137
2000,tun,0.101
2001,tun,-0.084
2002,tun,0.232
2003,tun,-0.084
2004,tun,0.052
2005,tun,-0.191
2006,tun,0.053
2007,tun,0.474
2008,tun,1.402
2009,tun,0.568
2010,tun,0.884
2011,tun,-1.763
2012,tun,-3.514
2013,tun,-4.237
2014,tun,-1.671
2015,tun,-1.589
2016,tun,-1.507
2017,tun,-1.355
2018,tun,-1.019
2019,tun,-0.819
2020,tun,-0.700
2002,tur,3.040
2003,tur,4.775
2004,tur,4.717
2005,tur,4.553
2006,tur,4.387
2007,tur,2.911
2008,tur,1.656
2009,tur,-1.442
2010,tur,0.264
2011,tur,2.094
2012,tur,1.113
2013,tur,1.398
2014,tur,0.773
2015,tur,1.372
2016,tur,1.495
2017,tur,1.417
2018,tur,1.372
2019,tur,1.381
2020,tur,1.393
2005,tuv,-14.876
2006,tuv,-39.761
2007,tuv,-25.896
2008,tuv,-18.237
2009,tuv,-17.550
2010,tuv,-28.409
2011,tuv,-12.088
2012,tuv,7.398
2013,tuv,26.042
2014,tuv,15.950
2015,tuv,-5.459
2016,tuv,-6.019
2017,tuv,-5.238
2018,tuv,-5.858
2019,tuv,-5.539
2020,tuv,-6.088
1997,uga,1.925
1998,uga,2.599
1999,uga,1.511
2000,uga,0.214
2001,uga,-0.099
2002,uga,-1.142
2003,uga,0.357
2004,uga,1.857
2005,uga,1.025
2006,uga,0.350
2007,uga,0.105
2008,uga,-1.381
2009,uga,-1.068
2010,uga,-4.944
2011,uga,-1.680
2012,uga,-1.737
2013,uga,-2.717
2014,uga,-2.245
2015,uga,-0.935
2016,uga,-2.428
2017,uga,-2.822
2018,uga,-3.325
2019,uga,-2.878
2020,uga,-1.843
1997,ukr,-3.625
1998,ukr,-0.409
1999,ukr,7.243
2000,ukr,-0.177
2001,ukr,-0.997
2002,ukr,-0.512
2003,ukr,0.093
2004,ukr,-3.355
2005,ukr,-1.469
2006,ukr,-0.706
2007,ukr,-1.405
2008,ukr,-2.535
2009,ukr,-4.909
2010,ukr,-4.141
2011,ukr,-0.792
2012,ukr,-2.385
2013,ukr,-2.334
2014,ukr,-1.172
2015,ukr,1.146
2016,ukr,1.428
2017,ukr,1.595
2018,ukr,1.560
2019,ukr,1.575
2020,ukr,1.571
1991,are,17.095
1992,are,10.681
1993,are,3.654
1994,are,7.730
1995,are,14.524
1996,are,10.479
1997,are,16.685
1998,are,11.376
1999,are,10.946
2000,are,20.412
2001,are,7.141
2002,are,1.711
2003,are,4.155
2004,are,8.793
2005,are,20.281
2006,are,25.297
2007,are,21.808
2008,are,20.113
2009,are,-4.100
2010,are,2.341
2011,are,6.525
2012,are,11.223
2013,are,10.338
2014,are,6.390
2015,are,-2.545
2016,are,0.401
2017,are,1.585
2018,are,2.633
2019,are,3.410
2020,are,4.214
1980,gbr,-0.714
1981,gbr,-1.902
1982,gbr,-0.594
1983,gbr,-0.819
1984,gbr,-0.560
1985,gbr,-0.140
1986,gbr,0.075
1987,gbr,0.698
1988,gbr,2.332
1989,gbr,2.403
1990,gbr,0.286
1991,gbr,-1.499
1992,gbr,-4.511
1993,gbr,-5.736
1994,gbr,-4.432
1995,gbr,-3.237
1996,gbr,-1.696
1997,gbr,0.287
1998,gbr,2.066
1999,gbr,2.664
2000,gbr,2.925
2001,gbr,1.914
2002,gbr,-0.696
2003,gbr,-1.989
2004,gbr,-2.158
2005,gbr,-1.978
2006,gbr,-1.336
2007,gbr,-1.347
2008,gbr,-3.558
2009,gbr,-9.438
2010,gbr,-7.176
2011,gbr,-4.873
2012,gbr,-5.420
2013,gbr,-4.357
2014,gbr,-3.829
2015,gbr,-3.181
2016,gbr,-1.382
2017,gbr,0.359
2018,gbr,1.335
2019,gbr,1.572
2020,gbr,1.591
2001,usa,1.466
2002,usa,-1.951
2003,usa,-3.058
2004,usa,-2.667
2005,usa,-1.435
2006,usa,-0.384
2007,usa,-1.095
2008,usa,-4.961
2009,usa,-11.580
2010,usa,-9.230
2011,usa,-7.620
2012,usa,-6.327
2013,usa,-3.620
2014,usa,-3.223
2015,usa,-2.172
2016,usa,-1.833
2017,usa,-1.313
2018,usa,-1.094
2019,usa,-1.249
2020,usa,-1.278
1999,ury,-1.455
2000,ury,-1.151
2001,ury,-0.908
2002,ury,0.232
2003,ury,3.031
2004,ury,3.830
2005,ury,4.033
2006,ury,3.686
2007,ury,3.592
2008,ury,1.372
2009,ury,1.174
2010,ury,1.567
2011,ury,1.952
2012,ury,-0.164
2013,ury,0.400
2014,ury,-0.478
2015,ury,0.236
2016,ury,0.006
2017,ury,-0.230
2018,ury,-0.318
2019,ury,-0.375
2020,ury,-0.400
1992,uzb,2.208
1993,uzb,-14.983
1994,uzb,-5.607
1995,uzb,-3.744
1996,uzb,-7.866
1997,uzb,-1.811
1998,uzb,-3.105
1999,uzb,-2.425
2000,uzb,-1.937
2001,uzb,-0.876
2002,uzb,-1.516
2003,uzb,0.542
2004,uzb,0.862
2005,uzb,1.488
2006,uzb,5.555
2007,uzb,5.329
2008,uzb,10.280
2009,uzb,2.856
2010,uzb,4.981
2011,uzb,8.879
2012,uzb,8.455
2013,uzb,2.908
2014,uzb,1.748
2015,uzb,0.040
2016,uzb,-0.095
2017,uzb,-0.061
2018,uzb,-0.083
2019,uzb,-0.087
2020,uzb,-0.056
1996,vut,-1.225
1997,vut,-0.047
1998,vut,-5.999
1999,vut,0.206
2000,vut,-5.563
2001,vut,-2.575
2002,vut,-2.762
2003,vut,-0.430
2004,vut,1.725
2005,vut,2.667
2006,vut,1.181
2007,vut,0.874
2008,vut,0.523
2009,vut,-0.333
2010,vut,-2.024
2011,vut,-1.570
2012,vut,-0.987
2013,vut,0.539
2014,vut,1.628
2015,vut,-4.898
2016,vut,-5.307
2017,vut,-4.477
2018,vut,-3.674
2019,vut,-2.553
2020,vut,-1.691
1988,ven,-5.845
1989,ven,4.466
1990,ven,8.859
1991,ven,1.885
1992,ven,-2.379
1993,ven,1.698
1994,ven,-6.058
1995,ven,0.343
1996,ven,12.831
1997,ven,5.585
1998,ven,-0.608
1999,ven,4.584
2000,ven,7.530
2001,ven,-1.195
2002,ven,3.735
2003,ven,5.383
2004,ven,6.227
2005,ven,7.070
2006,ven,0.483
2007,ven,-1.191
2008,ven,-2.015
2009,ven,-7.222
2010,ven,-8.629
2011,ven,-9.408
2012,ven,-13.797
2013,ven,-11.550
2014,ven,-10.927
2015,ven,-16.774
2016,ven,-18.037
2017,ven,-18.839
2018,ven,-19.723
2019,ven,-20.494
2020,ven,-20.917
1998,vnm,0.442
1999,vnm,-1.000
2000,vnm,-1.243
2001,vnm,-1.852
2002,vnm,-1.360
2003,vnm,-2.206
2004,vnm,0.736
2005,vnm,-0.487
2006,vnm,1.004
2007,vnm,-0.993
2008,vnm,0.547
2009,vnm,-4.888
2010,vnm,-1.579
2011,vnm,0.011
2012,vnm,-5.574
2013,vnm,-4.534
2014,vnm,-3.647
2015,vnm,-4.559
2016,vnm,-3.832
2017,vnm,-2.798
2018,vnm,-2.062
2019,vnm,-1.828
2020,vnm,-1.715
1995,yem,-4.333
1996,yem,1.651
1997,yem,0.840
1998,yem,-4.742
1999,yem,3.478
2000,yem,8.308
2001,yem,4.789
2002,yem,1.291
2003,yem,-2.444
2004,yem,-0.047
2005,yem,0.331
2006,yem,3.498
2007,yem,-4.923
2008,yem,-2.138
2009,yem,-7.717
2010,yem,-1.661
2011,yem,-0.173
2012,yem,-0.873
2013,yem,-1.455
2014,yem,1.506
2015,yem,-0.218
2016,yem,-0.204
2017,yem,0.423
2018,yem,0.440
2019,yem,0.729
2020,yem,0.661
2000,zmb,3.901
2001,zmb,-3.656
2002,zmb,-0.922
2003,zmb,-1.899
2004,zmb,0.511
2005,zmb,-0.047
2006,zmb,18.543
2007,zmb,0.342
2008,zmb,0.748
2009,zmb,-0.722
2010,zmb,-1.023
2011,zmb,-0.825
2012,zmb,-1.875
2013,zmb,-5.144
2014,zmb,-3.375
2015,zmb,-2.612
2016,zmb,-2.405
2017,zmb,-1.379
2018,zmb,-0.322
2019,zmb,-0.059
2020,zmb,0.257
2005,zwe,-3.459
2006,zwe,0.042
2007,zwe,-1.211
2008,zwe,0.286
2009,zwe,0.353
2010,zwe,1.912
2011,zwe,-0.242
2012,zwe,0.352
2013,zwe,-1.011
2014,zwe,-0.410
2015,zwe,0.131
2016,zwe,-1.066
2017,zwe,-1.889
2018,zwe,-2.015
2019,zwe,-2.173
2020,zwe,-2.167
