year,country,ggsb
2020,afg,
2020,alb,
2020,dza,
2000,ago,69.49
2001,ago,93.01
2002,ago,-160.914
2003,ago,-142.77700000000002
2004,ago,-5.716
2005,ago,111.13
2006,ago,234.52599999999998
2007,ago,94.211
2008,ago,-77.495
2009,ago,-132.506
2010,ago,341.07800000000003
2011,ago,476.421
2012,ago,116.40799999999999
2013,ago,-178.625
2014,ago,-746.5160000000001
2015,ago,87.652
2016,ago,-381.15
2017,ago,-993.1419999999999
2018,ago,477.644
2019,ago,-143.749
2020,ago,-264.425
2021,ago,-106.12299999999999
2022,ago,-20.378
2023,ago,31.230999999999998
2024,ago,-9.847000000000001
2020,atg,
1993,arg,0.275
1994,arg,-4.5969999999999995
1995,arg,-3.2060000000000004
1996,arg,-7.16
1997,arg,-8.351
1998,arg,-10.101
1999,arg,-13.337
2000,arg,-13.012
2001,arg,-15.966
2002,arg,3.948
2003,arg,13.207
2004,arg,21.24
2005,arg,24.525
2006,arg,17.312
2007,arg,-1.564
2008,arg,-6.341
2009,arg,-4.001
2010,arg,-14.682
2011,arg,-80.778
2012,arg,-95.165
2013,arg,-137.016
2014,arg,-192.93099999999998
2015,arg,-386.49199999999996
2016,arg,-578.008
2017,arg,-723.388
2018,arg,-571.752
2019,arg,-160.80100000000002
2020,arg,74.317
2021,arg,13.152000000000001
2022,arg,-4.067
2023,arg,-95.915
2024,arg,-100.09700000000001
2020,arm,
2020,abw,
1990,aus,-1.145
1991,aus,-8.532
1992,aus,-16.531
1993,aus,-18.328
1994,aus,-15.45
1995,aus,-10.277000000000001
1996,aus,-4.433
1997,aus,0.7
1998,aus,1.1079999999999999
1999,aus,5.961
2000,aus,9.005
2001,aus,0.9640000000000001
2002,aus,2.335
2003,aus,8.527999999999999
2004,aus,10.744000000000002
2005,aus,15.405
2006,aus,16.987000000000002
2007,aus,13.043
2008,aus,-16.392
2009,aus,-55.908
2010,aus,-64.87100000000001
2011,aus,-60.611999999999995
2012,aus,-48.99100000000001
2013,aus,-39.685
2014,aus,-40.824
2015,aus,-39.194
2016,aus,-37.179
2017,aus,-21.145
2018,aus,-17.817
2019,aus,-23.136999999999997
2020,aus,-9.058
2021,aus,3.435
2022,aus,5.1579999999999995
2023,aus,1.069
2024,aus,0.225
1980,aut,-1.5019999999999998
1981,aut,-0.696
1982,aut,-2.112
1983,aut,3.4160000000000004
1984,aut,-1.2209999999999999
1985,aut,-1.295
1986,aut,-2.915
1987,aut,-4.467
1988,aut,-3.0039999999999996
1989,aut,-3.985
1990,aut,-4.511
1991,aut,-5.659
1992,aut,-3.984
1993,aut,-5.851
1994,aut,-7.7
1995,aut,-10.057
1996,aut,-7.7410000000000005
1997,aut,-4.873
1998,aut,-5.797999999999999
1999,aut,-6.648
2000,aut,-8.289
2001,aut,-3.596
2002,aut,-4.6
2003,aut,-0.752
2004,aut,-4.574
2005,aut,-5.752000000000001
2006,aut,-8.493
2007,aut,-8.013
2008,aut,-8.527000000000001
2009,aut,-10.703
2010,aut,-11.394
2011,aut,-9.113
2012,aut,-6.605
2013,aut,-5.707000000000001
2014,aut,-1.115
2015,aut,2.051
2016,aut,-2.793
2017,aut,-2.059
2018,aut,-2.4
2019,aut,-2.562
2020,aut,-3.119
2021,aut,-3.0639999999999996
2022,aut,-2.701
2023,aut,-3.11
2024,aut,-2.995
2020,aze,
2020,bhs,
2020,bhr,
2020,bgd,
1994,brb,0.299
1995,brb,0.292
1996,brb,0.18899999999999997
1997,brb,0.301
1998,brb,0.368
1999,brb,0.34600000000000003
2000,brb,0.327
2001,brb,0.26899999999999996
2002,brb,-0.429
2003,brb,-0.308
2004,brb,-0.312
2005,brb,-0.349
2006,brb,-0.41200000000000003
2007,brb,-0.561
2008,brb,-0.5529999999999999
2009,brb,-0.774
2010,brb,-0.883
2011,brb,-0.49200000000000005
2012,brb,-0.74
2013,brb,-0.9590000000000001
2014,brb,-0.705
2015,brb,-0.8640000000000001
2016,brb,-0.521
2017,brb,-0.429
2018,brb,-0.016
2019,brb,0.344
2020,brb,0.316
2021,brb,0.28
2022,brb,0.273
2023,brb,0.225
2024,brb,0.057999999999999996
2010,blr,-0.708
2011,blr,-1.0859999999999999
2012,blr,-0.08900000000000001
2013,blr,-0.963
2014,blr,-0.653
2015,blr,-2.251
2016,blr,-0.222
2017,blr,0.331
2018,blr,2.775
2019,blr,-2.65
2020,blr,-2.588
2021,blr,-0.597
2022,blr,-1.0170000000000001
2023,blr,-1.298
2024,blr,-1.324
1981,bel,-14.425999999999998
1982,bel,-12.337
1983,bel,-15.77
1984,bel,-12.597999999999999
1985,bel,-12.432
1986,bel,-12.837
1987,bel,-10.42
1988,bel,-10.38
1989,bel,-11.917
1990,bel,-13.69
1991,bel,-15.189
1992,bel,-16.454
1993,bel,-12.478
1994,bel,-9.236
1995,bel,-8.382
1996,bel,-6.776
1997,bel,-4.379
1998,bel,-1.406
1999,bel,-1.7830000000000001
2000,bel,-2.089
2001,bel,0.12
2002,bel,0.312
2003,bel,-2.45
2004,bel,-2.596
2005,bel,-1.64
2006,bel,-2.051
2007,bel,-2.252
2008,bel,-5.775
2009,bel,-13.817
2010,bel,-13.981
2011,bel,-15.633
2012,bel,-13.943
2013,bel,-12.08
2014,bel,-11.341
2015,bel,-9.187000000000001
2016,bel,-9.419
2017,bel,-6.027
2018,bel,-7.195
2019,bel,-6.332000000000001
2020,bel,-6.995
2021,bel,-7.312
2022,bel,-7.515
2023,bel,-7.928999999999999
2024,bel,-8.672
2020,blz,
2020,ben,
2020,btn,
2020,bol,
2000,bih,-0.865
2001,bih,-0.799
2002,bih,-0.191
2003,bih,0.086
2004,bih,0.07200000000000001
2005,bih,0.278
2006,bih,0.441
2007,bih,-0.18100000000000002
2008,bih,-1.5030000000000001
2009,bih,-1.4909999999999999
2010,bih,-1.061
2011,bih,-0.643
2012,bih,-0.34299999999999997
2013,bih,-0.165
2014,bih,-0.381
2015,bih,0.25
2016,bih,0.297
2017,bih,0.705
2018,bih,0.8690000000000001
2019,bih,0.424
2020,bih,0.063
2021,bih,0.071
2022,bih,0.165
2023,bih,0.175
2024,bih,0.159
2000,bwa,0.7759999999999999
2001,bwa,0.272
2002,bwa,0.025
2003,bwa,1.42
2004,bwa,2.437
2005,bwa,4.453
2006,bwa,4.713
2007,bwa,2.064
2008,bwa,-5.756
2009,bwa,-7.497999999999999
2010,bwa,-3.718
2011,bwa,-1.16
2012,bwa,-0.365
2013,bwa,5.053
2014,bwa,2.918
2015,bwa,-8.765
2016,bwa,1.795
2017,bwa,-0.654
2018,bwa,-6.117999999999999
2019,bwa,-8.231
2020,bwa,-6.884
2021,bwa,-5.522
2022,bwa,-3.655
2023,bwa,0.578
2024,bwa,4.185
1996,bra,0.0
1997,bra,0.0
1998,bra,0.0
1999,bra,0.0
2000,bra,-41.926
2001,bra,-34.92
2002,bra,-57.525
2003,bra,-68.291
2004,bra,-48.983999999999995
2005,bra,-64.524
2006,bra,-74.433
2007,bra,-81.172
2008,bra,-70.005
2009,bra,-104.03399999999999
2010,bra,-159.965
2011,bra,-165.923
2012,bra,-175.22400000000002
2013,bra,-232.033
2014,bra,-367.13800000000003
2015,bra,-591.005
2016,bra,-488.293
2017,bra,-444.05300000000005
2018,bra,-401.82199999999995
2019,bra,-468.25800000000004
2020,bra,-498.88
2021,bra,-549.594
2022,bra,-567.178
2023,bra,-580.606
2024,bra,-583.591
2020,brn,
2000,bgr,-0.131
2001,bgr,-0.053
2002,bgr,-0.182
2003,bgr,0.131
2004,bgr,0.7979999999999999
2005,bgr,1.089
2006,bgr,1.652
2007,bgr,1.213
2008,bgr,0.584
2009,bgr,-0.369
2010,bgr,-2.5989999999999998
2011,bgr,-1.517
2012,bgr,-0.08800000000000001
2013,bgr,-0.899
2014,bgr,-2.471
2015,bgr,-2.086
2016,bgr,1.5919999999999999
2017,bgr,0.7659999999999999
2018,bgr,0.061
2019,bgr,-0.78
2020,bgr,-0.054
2021,bgr,0.076
2022,bgr,0.07200000000000001
2023,bgr,0.055999999999999994
2024,bgr,0.046
2020,bfa,
2020,bdi,
2020,cpv,
2020,khm,
2020,cmr,
1980,can,-15.904000000000002
1981,can,-46.316
1982,can,-21.307
1983,can,-27.820999999999998
1984,can,-35.211
1985,can,-44.758
1986,can,-37.485
1987,can,-34.330999999999996
1988,can,-34.263000000000005
1989,can,-39.132
1990,can,-51.506
1991,can,-54.058
1992,can,-56.38
1993,can,-58.187
1994,can,-53.166000000000004
1995,can,-42.284
1996,can,-15.33
1997,can,7.794
1998,can,7.709
1999,can,15.866
2000,can,20.148
2001,can,7.7589999999999995
2002,can,-0.518
2003,can,4.176
2004,can,10.892000000000001
2005,can,16.144000000000002
2006,can,17.674
2007,can,16.746
2008,can,-3.674
2009,can,-31.801
2010,can,-64.762
2011,can,-54.746
2012,can,-35.806
2013,can,-16.582
2014,can,6.068
2015,can,19.275
2016,can,16.531
2017,can,1.87
2018,can,-4.069
2019,can,-10.312000000000001
2020,can,-16.166
2021,can,-18.76
2022,can,-21.101999999999997
2023,can,-18.578
2024,can,-17.729
2020,caf,
2020,tcd,
2001,chl,296.36400000000003
2002,chl,155.796
2003,chl,431.935
2004,chl,632.965
2005,chl,753.115
2006,chl,1100.63
2007,chl,930.732
2008,chl,-920.084
2009,chl,-2834.0
2010,chl,-2134.65
2011,chl,-1218.34
2012,chl,-478.848
2013,chl,-711.1010000000001
2014,chl,-743.5169999999999
2015,chl,749.062
2016,chl,-1632.42
2017,chl,-3621.86
2018,chl,-2807.88
2019,chl,-3246.93
2020,chl,-3024.57
2021,chl,-2751.65
2022,chl,-2434.3
2023,chl,-2069.62
2024,chl,-1656.37
1995,chn,-74.743
1996,chn,-68.84899999999999
1997,chn,-68.42699999999999
1998,chn,-80.725
1999,chn,-176.252
2000,chn,-225.639
2001,chn,-190.467
2002,chn,-226.68200000000002
2003,chn,-192.105
2004,chn,-83.51799999999999
2005,chn,-102.417
2006,chn,-145.3
2007,chn,-36.953
2008,chn,-103.37799999999999
2009,chn,-636.789
2010,chn,-165.43
2011,chn,-33.19
2012,chn,-50.6
2013,chn,-295.598
2014,chn,-306.733
2015,chn,-1736.74
2016,chn,-2672.94
2017,chn,-3206.49
2018,chn,-4285.42
2019,chn,-5866.34
2020,chn,-5731.20
2021,chn,-6103.92
2022,chn,-6578.09
2023,chn,-6967.78
2024,chn,-7400.5
2000,col,-7615.29
2001,col,-7113.93
2002,col,-5910.18
2003,col,-3198.35
2004,col,280.22900000000004
2005,col,1963.47
2006,col,-5074.5
2007,col,-8511.01
2008,col,-5403.81
2009,col,-10992.74
2010,col,-13933.75
2011,col,-17303.02
2012,col,-10480.53
2013,col,-17756.57
2014,col,-23609.62
2015,col,-28221.93
2016,col,-10868.99
2017,col,-8448.58
2018,col,-12035.61
2019,col,-23512.96
2020,col,-8412.83
2021,col,-4911.7
2022,col,-6078.7
2023,col,-8925.67
2024,col,-6181.71
2020,com,
2020,cod,
2020,cog,
1996,cri,-104.851
1997,cri,-99.439
1998,cri,-104.346
1999,cri,-122.15899999999999
2000,cri,-174.485
2001,cri,-183.953
2002,cri,-293.93
2003,cri,-230.9
2004,cri,-268.092
2005,cri,-238.97099999999998
2006,cri,-160.898
2007,cri,-11.855
2008,cri,-115.49600000000001
2009,cri,-559.965
2010,cri,-1011.13
2011,cri,-886.578
2012,cri,-1086.75
2013,cri,-1373.13
2014,cri,-1592.43
2015,cri,-1644.04
2016,cri,-1668.47
2017,cri,-2079.8
2018,cri,-2099.72
2019,cri,-2136.09
2020,cri,-1967.06
2021,cri,-1960.42
2022,cri,-1800.35
2023,cri,-1683.19
2024,cri,-1548.73
2020,civ,
2002,hrv,-6.01
2003,hrv,-10.261
2004,hrv,-13.308
2005,hrv,-11.833
2006,hrv,-13.482000000000001
2007,hrv,-14.574000000000002
2008,hrv,-16.754
2009,hrv,-18.19
2010,hrv,-13.824000000000002
2011,hrv,-14.682
2012,hrv,-11.732000000000001
2013,hrv,-10.644
2014,hrv,-9.958
2015,hrv,-7.513
2016,hrv,-1.037
2017,hrv,2.937
2018,hrv,4.066
2019,hrv,0.129
2020,hrv,0.005
2021,hrv,0.331
2022,hrv,1.054
2023,hrv,1.493
2024,hrv,2.031
1995,cyp,-0.055
1996,cyp,-0.215
1997,cyp,-0.304
1998,cyp,-0.278
1999,cyp,-0.326
2000,cyp,-0.21600000000000003
2001,cyp,-0.19899999999999998
2002,cyp,-0.466
2003,cyp,-0.853
2004,cyp,-0.609
2005,cyp,-0.495
2006,cyp,-0.642
2007,cyp,-0.5870000000000001
2008,cyp,-0.7559999999999999
2009,cyp,-1.348
2010,cyp,-1.33
2011,cyp,-1.252
2012,cyp,-1.095
2013,cyp,-0.406
2014,cyp,0.231
2015,cyp,0.628
2016,cyp,0.31
2017,cyp,0.37799999999999995
2018,cyp,0.408
2019,cyp,0.306
2020,cyp,0.384
2021,cyp,0.428
2022,cyp,0.41700000000000004
2023,cyp,0.601
2024,cyp,0.7490000000000001
1995,cze,-216.076
1996,cze,-78.827
1997,cze,-63.405
1998,cze,-66.68
1999,cze,-35.43
2000,cze,-60.465
2001,cze,-113.741
2002,cze,-129.49200000000002
2003,cze,-158.386
2004,cze,-58.825
2005,cze,-78.442
2006,cze,-128.465
2007,cze,-130.374
2008,cze,-186.90099999999998
2009,cze,-211.02700000000002
2010,cze,-163.14600000000002
2011,cze,-115.15100000000001
2012,cze,-55.621
2013,cze,16.25
2014,cze,-32.308
2015,cze,-20.073
2016,cze,43.974
2017,cze,57.538999999999994
2018,cze,60.403999999999996
2019,cze,42.23
2020,cze,31.281
2021,cze,23.311999999999998
2022,cze,24.774
2023,cze,27.936
2024,cze,30.776
1986,dnk,-9.418
1987,dnk,-3.5069999999999997
1988,dnk,0.792
1989,dnk,1.426
1990,dnk,6.587999999999999
1991,dnk,-26.505
1992,dnk,-24.101999999999997
1993,dnk,-35.361
1994,dnk,-36.107
1995,dnk,-55.152
1996,dnk,-27.495
1997,dnk,-14.213
1998,dnk,-4.559
1999,dnk,-4.833
2000,dnk,-11.162
2001,dnk,8.317
2002,dnk,30.598000000000003
2003,dnk,27.596
2004,dnk,15.96
2005,dnk,39.4
2006,dnk,23.706999999999997
2007,dnk,31.294
2008,dnk,6.593
2009,dnk,0.20800000000000002
2010,dnk,-22.195
2011,dnk,-12.966
2012,dnk,-48.486999999999995
2013,dnk,-40.918
2014,dnk,27.962
2015,dnk,19.383
2016,dnk,-6.169
2017,dnk,-3.7089999999999996
2018,dnk,-0.24600000000000002
2019,dnk,-0.235
2020,dnk,-0.497
2021,dnk,-3.4189999999999996
2022,dnk,-3.0860000000000003
2023,dnk,0.633
2024,dnk,2.07
2020,dji,
2020,dma,
1997,dom,-2.8539999999999996
1998,dom,-1.271
1999,dom,-5.312
2000,dom,-7.745
2001,dom,-7.477
2002,dom,-9.146
2003,dom,-28.456999999999997
2004,dom,-23.82
2005,dom,-4.46
2006,dom,-17.035999999999998
2007,dom,-5.531000000000001
2008,dom,-67.202
2009,dom,-43.178999999999995
2010,dom,-64.506
2011,dom,-71.988
2012,dom,-163.684
2013,dom,-102.741
2014,dom,-101.42399999999999
2015,dom,-111.26700000000001
2016,dom,-107.43700000000001
2017,dom,-126.089
2018,dom,-147.139
2019,dom,-160.694
2020,dom,-183.011
2021,dom,-203.79
2022,dom,-218.80700000000002
2023,dom,-244.953
2024,dom,-264.389
2001,ecu,0.002
2002,ecu,0.223
2003,ecu,0.45399999999999996
2004,ecu,0.6409999999999999
2005,ecu,0.179
2006,ecu,1.234
2007,ecu,1.604
2008,ecu,-2.282
2009,ecu,-1.5619999999999998
2010,ecu,-0.8029999999999999
2011,ecu,-0.461
2012,ecu,-1.486
2013,ecu,-5.42
2014,ecu,-6.306
2015,ecu,-6.6129999999999995
2016,ecu,-6.882999999999999
2017,ecu,-4.189
2018,ecu,-1.814
2019,ecu,-0.013999999999999999
2020,ecu,4.57
2021,ecu,4.86
2022,ecu,4.632
2023,ecu,4.638
2024,ecu,3.7689999999999997
2002,egy,-42.995
2003,egy,-37.677
2004,egy,-40.055
2005,egy,-45.269
2006,egy,-56.708999999999996
2007,egy,-56.326
2008,egy,-72.47800000000001
2009,egy,-75.32
2010,egy,-104.984
2011,egy,-136.724
2012,egy,-166.238
2013,egy,-244.922
2014,egy,-246.644
2015,egy,-283.585
2016,egy,-331.62699999999995
2017,egy,-375.006
2018,egy,-430.749
2019,egy,-464.295
2020,egy,-426.096
2021,egy,-382.733
2022,egy,-345.524
2023,egy,-366.375
2024,egy,-427.546
2000,slv,-0.212
2001,slv,-0.607
2002,slv,-0.6990000000000001
2003,slv,-0.5589999999999999
2004,slv,-0.348
2005,slv,-0.49200000000000005
2006,slv,-0.597
2007,slv,-0.44799999999999995
2008,slv,-0.759
2009,slv,-1.1059999999999999
2010,slv,-0.857
2011,slv,-0.9129999999999999
2012,slv,-0.955
2013,slv,-1.021
2014,slv,-0.9109999999999999
2015,slv,-0.853
2016,slv,-0.757
2017,slv,-0.631
2018,slv,-0.703
2019,slv,-0.9209999999999999
2020,slv,-1.007
2021,slv,-0.8640000000000001
2022,slv,-0.9420000000000001
2023,slv,-1.038
2024,slv,-1.129
2020,gnq,
2020,eri,
2000,est,0.017
2001,est,0.026000000000000002
2002,est,0.054000000000000006
2003,est,0.157
2004,est,0.212
2005,est,-0.02
2006,est,0.024
2007,est,-0.133
2008,est,-0.621
2009,est,0.156
2010,est,0.185
2011,est,0.124
2012,est,0.196
2013,est,0.131
2014,est,0.267
2015,est,0.25
2016,est,0.069
2017,est,-0.034
2018,est,-0.022000000000000002
2020,est,--
2023,est,-0.003
2024,est,-0.013999999999999999
2020,swz,
2020,eth,
2020,fji,
1980,fin,-0.746
1981,fin,0.278
1982,fin,-0.16699999999999998
1983,fin,-1.127
1984,fin,-0.384
1985,fin,-0.436
1986,fin,-0.12300000000000001
1987,fin,-1.9069999999999998
1988,fin,-0.29100000000000004
1989,fin,-0.21
1990,fin,2.043
1991,fin,-0.34299999999999997
1992,fin,-1.605
1993,fin,-2.573
1994,fin,-2.532
1995,fin,-3.2960000000000003
1996,fin,-1.345
1997,fin,-1.5419999999999998
1998,fin,0.7659999999999999
1999,fin,0.8909999999999999
2000,fin,7.105
2001,fin,5.73
2002,fin,5.654
2003,fin,3.699
2004,fin,2.383
2005,fin,3.185
2006,fin,4.101
2007,fin,3.904
2008,fin,3.0669999999999997
2009,fin,-0.5870000000000001
2010,fin,-3.466
2011,fin,-2.9589999999999996
2012,fin,-3.3710000000000004
2013,fin,-2.479
2014,fin,-2.024
2015,fin,-0.086
2016,fin,0.038
2017,fin,-0.33399999999999996
2018,fin,-1.911
2019,fin,-1.093
2020,fin,-0.597
2021,fin,-0.306
2022,fin,-0.48
2023,fin,-0.526
2024,fin,-0.09699999999999999
1980,fra,-0.737
1981,fra,-7.547000000000001
1982,fra,-11.350999999999999
1983,fra,-11.288
1984,fra,-10.71
1985,fra,-11.407
1986,fra,-14.527999999999999
1987,fra,-5.872000000000001
1988,fra,-21.559
1989,fra,-23.892
1990,fra,-35.649
1991,fra,-36.617
1992,fra,-54.702
1993,fra,-61.12
1994,fra,-54.022
1995,fra,-53.005
1996,fra,-34.355
1997,fra,-32.485
1998,fra,-24.564
1999,fra,-21.06
2000,fra,-31.018
2001,fra,-32.56
2002,fra,-55.36
2003,fra,-61.07899999999999
2004,fra,-62.596000000000004
2005,fra,-68.278
2006,fra,-56.303000000000004
2007,fra,-73.652
2008,fra,-83.355
2009,fra,-117.09100000000001
2010,fra,-125.32
2011,fra,-106.874
2012,fra,-94.505
2013,fra,-73.671
2014,fra,-71.852
2015,fra,-66.664
2016,fra,-62.688
2017,fra,-59.683
2018,fra,-59.143
2019,fra,-59.135
2020,fra,-61.129
2021,fra,-65.426
2022,fra,-67.785
2023,fra,-70.181
2024,fra,-72.531
2020,gab,
2000,gmb,-0.134
2001,gmb,-0.5329999999999999
2002,gmb,-0.316
2003,gmb,-0.6629999999999999
2004,gmb,-1.057
2005,gmb,-1.199
2006,gmb,-1.125
2007,gmb,-0.107
2008,gmb,-0.504
2009,gmb,-1.6569999999999998
2010,gmb,-2.331
2011,gmb,-2.6069999999999998
2012,gmb,-3.8930000000000002
2013,gmb,-3.475
2014,gmb,-3.305
2015,gmb,-3.8710000000000004
2016,gmb,-4.827
2017,gmb,-9.149
2018,gmb,-7.777
2019,gmb,-8.652999999999999
2020,gmb,-10.231
2021,gmb,-10.023
2022,gmb,-10.131
2023,gmb,-10.257
2024,gmb,-9.209
2004,geo,-0.141
2005,geo,-0.12
2006,geo,-0.10400000000000001
2007,geo,-0.098
2008,geo,-0.121
2009,geo,-0.171
2010,geo,-0.20600000000000002
2011,geo,-0.805
2012,geo,-0.818
2013,geo,-0.785
2014,geo,-1.0070000000000001
2015,geo,-1.2429999999999999
2016,geo,-1.111
2017,geo,-1.104
2018,geo,-0.953
2019,geo,-0.9329999999999999
2020,geo,-1.093
2021,geo,-1.067
2022,geo,-1.193
2023,geo,-1.31
2024,geo,-1.4
1991,deu,-78.965
1992,deu,-64.38600000000001
1993,deu,-46.257
1994,deu,-41.648999999999994
1995,deu,-56.115
1996,deu,-55.823
1997,deu,-47.762
1998,deu,-42.556000000000004
1999,deu,-29.35
2000,deu,-45.256
2001,deu,-72.78699999999999
2002,deu,-78.725
2003,deu,-68.486
2004,deu,-64.878
2005,deu,-52.236000000000004
2006,deu,-44.626000000000005
2007,deu,-23.368000000000002
2008,deu,-23.12
2009,deu,-28.449
2010,deu,-62.56100000000001
2011,deu,-35.955999999999996
2012,deu,-4.042
2013,deu,4.373
2014,deu,26.261999999999997
2015,deu,23.199
2016,deu,29.913
2017,deu,28.941999999999997
2018,deu,43.201
2019,deu,24.357
2020,deu,22.988
2021,deu,14.345999999999998
2022,deu,18.371
2023,deu,23.243000000000002
2024,deu,30.993000000000002
2020,gha,
1988,grc,-3.0810000000000004
1989,grc,-4.816
1990,grc,-6.329
1991,grc,-5.9
1992,grc,-7.393
1993,grc,-8.267999999999999
1994,grc,-6.755
1995,grc,-9.156
1996,grc,-8.574
1997,grc,-7.647
1998,grc,-8.833
1999,grc,-8.504
2000,grc,-6.479
2001,grc,-9.122
2002,grc,-10.702
2003,grc,-15.427999999999999
2004,grc,-19.255
2005,grc,-13.177
2006,grc,-16.152
2007,grc,-20.102
2008,grc,-28.204
2009,grc,-35.727
2010,grc,-21.061999999999998
2011,grc,-10.318
2012,grc,4.289
2013,grc,10.275
2014,grc,5.766
2015,grc,6.013999999999999
2016,grc,11.087
2017,grc,9.437999999999999
2018,grc,6.358
2019,grc,3.6830000000000003
2020,grc,2.559
2021,grc,1.494
2022,grc,0.56
2023,grc,-0.946
2024,grc,-1.429
2000,grd,-0.047
2001,grd,-0.079
2002,grd,-0.19399999999999998
2003,grd,-0.062
2004,grd,-0.004
2005,grd,-0.015
2006,grd,-0.098
2007,grd,-0.14800000000000002
2008,grd,-0.11699999999999999
2009,grd,-0.099
2010,grd,-0.067
2011,grd,-0.105
2012,grd,-0.113
2013,grd,-0.147
2014,grd,-0.114
2015,grd,-0.042
2016,grd,0.062
2017,grd,0.087
2018,grd,0.15
2019,grd,0.157
2020,grd,0.177
2021,grd,0.124
2022,grd,0.026000000000000002
2023,grd,0.008
2024,grd,-0.028999999999999998
1995,gtm,-0.48700000000000004
1996,gtm,0.027999999999999997
1997,gtm,-0.862
1998,gtm,-2.908
1999,gtm,-4.1530000000000005
2000,gtm,-2.989
2001,gtm,-3.702
2002,gtm,-2.296
2003,gtm,-4.836
2004,gtm,-2.207
2005,gtm,-3.617
2006,gtm,-4.788
2007,gtm,-4.853
2008,gtm,-5.7589999999999995
2009,gtm,-9.899
2010,gtm,-10.367
2011,gtm,-8.584
2012,gtm,-9.633
2013,gtm,-9.24
2014,gtm,-8.877
2015,gtm,-7.499
2016,gtm,-5.976
2017,gtm,-7.376
2018,gtm,-10.308
2019,gtm,-15.302
2020,gtm,-16.919
2021,gtm,-17.977999999999998
2022,gtm,-18.902
2023,gtm,-19.855
2024,gtm,-21.266
2020,gin,
2020,gnb,
2000,guy,-21.043000000000003
2001,guy,-23.288
2002,guy,-22.434
2003,guy,-21.898000000000003
2004,guy,-20.723000000000003
2005,guy,-33.454
2006,guy,-39.786
2007,guy,-30.625999999999998
2008,guy,-35.422
2009,guy,-26.849
2010,guy,-18.262
2011,guy,-32.643
2012,guy,-36.946999999999996
2013,guy,-28.973000000000003
2014,guy,-31.164
2015,guy,8.357000000000001
2016,guy,-18.889
2017,guy,-31.773000000000003
2018,guy,-43.751999999999995
2019,guy,-31.299
2020,guy,-37.705
2021,guy,-8.356
2022,guy,-2.903
2023,guy,71.96600000000001
2024,guy,63.119
2020,hti,
2020,hnd,
1985,hkg,8.54
1986,hkg,10.216000000000001
1987,hkg,13.909
1988,hkg,16.462
1989,hkg,8.543
1990,hkg,12.712
1991,hkg,21.978
1992,hkg,23.473000000000003
1993,hkg,14.415999999999999
1994,hkg,9.128
1995,hkg,4.5089999999999995
1996,hkg,-1.546
1997,hkg,3.431
1998,hkg,-6.474
1999,hkg,-17.52
2000,hkg,-38.333
2001,hkg,-65.176
2002,hkg,-52.723
2003,hkg,-21.916999999999998
2004,hkg,7.965
2005,hkg,-5.803
2006,hkg,30.086
2007,hkg,66.329
2008,hkg,-11.259
2009,hkg,23.061999999999998
2010,hkg,12.5
2011,hkg,-31.524
2012,hkg,-23.426
2013,hkg,-92.296
2014,hkg,-27.381999999999998
2015,hkg,-80.561
2016,hkg,-32.974000000000004
2017,hkg,-61.42100000000001
2018,hkg,-106.54
2019,hkg,-142.985
2020,hkg,-117.64
2021,hkg,-149.372
2022,hkg,-160.769
2023,hkg,-151.66
2024,hkg,-159.968
2000,hun,-286.848
2001,hun,-512.1569999999999
2002,hun,-1504.66
2003,hun,-1386.32
2004,hun,-1558.6
2005,hun,-2244.14
2006,hun,-2703.33
2007,hun,-1660.35
2008,hun,-1530.54
2009,hun,-851.132
2010,hun,-1130.4
2011,hun,-1205.13
2012,hun,92.866
2013,hun,-137.089
2014,hun,-522.831
2015,hun,-386.39300000000003
2016,hun,-423.735
2017,hun,-908.5269999999999
2018,hun,-1201.82
2019,hun,-1248.9
2020,hun,-1274.94
2021,hun,-1204.63
2022,hun,-1163.09
2023,hun,-1099.74
2024,hun,-1191.24
1980,isl,0.222
1981,isl,0.24
1982,isl,0.664
1983,isl,-0.243
1984,isl,3.199
1985,isl,-0.6759999999999999
1986,isl,-6.722
1987,isl,-6.584
1988,isl,-9.568999999999999
1989,isl,-17.342
1990,isl,-15.44
1991,isl,-3.653
1992,isl,0.18
1993,isl,-9.631
1994,isl,-13.625
1995,isl,-1.3940000000000001
1996,isl,2.077
1997,isl,7.256
1998,isl,-1.8
1999,isl,6.65
2000,isl,8.658999999999999
2001,isl,-11.777999999999999
2002,isl,-14.765999999999998
2003,isl,-14.158
2004,isl,-9.856
2005,isl,26.218000000000004
2006,isl,51.398999999999994
2007,isl,38.010999999999996
2008,isl,-67.678
2009,isl,-162.019
2010,isl,-74.078
2011,isl,-74.024
2012,isl,-44.485
2013,isl,-36.909
2014,isl,-30.764
2015,isl,-58.81
2016,isl,-4.787
2017,isl,-52.545
2018,isl,-11.537
2019,isl,-3.4739999999999998
2020,isl,-0.284
2021,isl,5.443
2022,isl,13.873
2023,isl,16.259
2024,isl,32.105
1996,ind,-942.7769999999999
1997,ind,-1255.66
1998,ind,-1711.03
1999,ind,-1781.29
2000,ind,-1818.46
2001,ind,-2553.73
2002,ind,-2701.35
2003,ind,-3154.85
2004,ind,-2917.97
2005,ind,-2722.75
2006,ind,-2773.62
2007,ind,-2448.09
2008,ind,-4924.97
2009,ind,-6033.03
2010,ind,-6918.41
2011,ind,-7445.44
2012,ind,-7455.57
2013,ind,-7722.47
2014,ind,-8678.76
2015,ind,-9906.31
2016,ind,-11135.19
2017,ind,-11479.33
2018,ind,-12544.1
2019,ind,-14625.66
2020,ind,-15792.74
2021,ind,-17202.93
2022,ind,-18710.25
2023,ind,-20624.51
2024,ind,-22726.9
2004,idn,1052.47
2005,idn,17858.21
2006,idn,18420.43
2007,idn,-41132.28
2008,idn,-14947.71
2009,idn,-105387.43
2010,idn,-98477.03
2011,idn,-75192.84
2012,idn,-163960.84
2013,idn,-239516.49
2014,idn,-245255.17
2015,idn,-306198.31
2016,idn,-305906.3
2017,idn,-330665.62
2018,idn,-251424.3
2019,idn,-292682.96
2020,idn,-320077.61
2021,idn,-350952.86
2022,idn,-383489.45
2023,idn,-416030.41
2024,idn,-449099.04
2020,irn,
2020,irq,
1999,irl,4.047
2000,irl,3.512
2001,irl,-1.4980000000000002
2002,irl,-1.4280000000000002
2003,irl,-0.19699999999999998
2004,irl,1.526
2005,irl,0.927
2006,irl,1.692
2007,irl,-4.067
2008,irl,-15.01
2009,irl,-16.675
2010,irl,-16.877
2011,irl,-12.357000000000001
2012,irl,-10.427999999999999
2013,irl,-8.559
2014,irl,-6.513999999999999
2015,irl,-4.098
2016,irl,-3.5610000000000004
2017,irl,-1.2109999999999999
2018,irl,-1.368
2019,irl,-1.278
2020,irl,-0.416
2021,irl,0.314
2022,irl,1.517
2023,irl,2.7739999999999996
2024,irl,3.803
2000,isr,-29.693
2001,isr,-35.599000000000004
2002,isr,-45.141999999999996
2003,isr,-20.764
2004,isr,-14.779000000000002
2005,isr,-12.275
2006,isr,-6.605
2007,isr,-8.28
2008,isr,-30.557
2009,isr,-48.07899999999999
2010,isr,-31.803
2011,isr,-32.079
2012,isr,-42.571000000000005
2013,isr,-43.738
2014,isr,-28.947
2015,isr,-10.084
2016,isr,-22.488000000000003
2017,isr,-27.611
2018,isr,-30.011999999999997
2019,isr,-35.685
2020,isr,-38.155
2021,isr,-39.554
2022,isr,-41.391999999999996
2023,isr,-43.782
2024,isr,-45.743
1988,ita,-62.945
1989,ita,-65.16
1990,ita,-84.97399999999999
1991,ita,-90.589
1992,ita,-83.931
1993,ita,-74.166
1994,ita,-70.809
1995,ita,-61.783
1996,ita,-57.195
1997,ita,-30.699
1998,ita,-27.872
1999,ita,-10.02
2000,ita,-44.744
2001,ita,-53.313
2002,ita,-53.6
2003,ita,-62.518
2004,ita,-66.142
2005,ita,-67.596
2006,ita,-59.273
2007,ita,-47.277
2008,ita,-60.36600000000001
2009,ita,-68.318
2010,ita,-60.347
2011,ita,-67.332
2012,ita,-25.346
2013,ita,-9.591000000000001
2014,ita,-18.711
2015,ita,-11.561
2016,ita,-23.624000000000002
2017,ita,-28.83
2018,ita,-30.840999999999998
2019,ita,-37.299
2020,ita,-57.098
2021,ita,-65.565
2022,ita,-71.65
2023,ita,-76.131
2024,ita,-80.03699999999999
2020,jam,
1994,jpn,-17287.31
1995,jpn,-22284.22
1996,jpn,-27527.25
1997,jpn,-20212.88
1998,jpn,-28670.65
1999,jpn,-33714.64
2000,jpn,-38884.53
2001,jpn,-33373.02
2002,jpn,-39224.27
2003,jpn,-40861.05
2004,jpn,-36325.41
2005,jpn,-28855.15
2006,jpn,-20509.95
2007,jpn,-18274.26
2008,jpn,-21104.12
2009,jpn,-35373.25
2010,jpn,-41563.89
2011,jpn,-40851.93
2012,jpn,-38766.34
2013,jpn,-38290.03
2014,jpn,-28787.64
2015,jpn,-23279.33
2016,jpn,-22586.42
2017,jpn,-18506.27
2018,jpn,-17127.05
2019,jpn,-15694.77
2020,jpn,-11892.91
2021,jpn,-10453.54
2022,jpn,-10091.91
2023,jpn,-10812.41
2024,jpn,-12658.82
1999,jor,-0.127
2000,jor,-0.094
2001,jor,-0.096
2002,jor,-0.128
2003,jor,-0.023
2004,jor,0.061
2005,jor,0.023
2006,jor,-0.264
2007,jor,-0.387
2008,jor,-0.599
2009,jor,-1.597
2010,jor,-1.268
2011,jor,-0.955
2012,jor,-1.406
2013,jor,-1.063
2014,jor,-0.573
2015,jor,-1.396
2016,jor,-1.1079999999999999
2017,jor,-0.8859999999999999
2018,jor,-1.083
2019,jor,-0.9990000000000001
2020,jor,-0.962
2021,jor,-0.825
2022,jor,-0.6
2023,jor,-0.858
2024,jor,-1.003
2002,kaz,81.678
2003,kaz,224.28900000000002
2004,kaz,203.63099999999997
2005,kaz,426.54400000000004
2006,kaz,641.528
2007,kaz,457.649
2008,kaz,128.369
2009,kaz,-102.277
2010,kaz,399.204
2011,kaz,1587.89
2012,kaz,1306.83
2013,kaz,1559.67
2014,kaz,979.306
2015,kaz,-2584.48
2016,kaz,-2373.51
2017,kaz,-2222.5
2018,kaz,372.51
2019,kaz,955.355
2020,kaz,1169.78
2021,kaz,1117.24
2022,kaz,999.5110000000001
2023,kaz,942.96
2024,kaz,927.14
2020,ken,
2020,kir,
1995,kor,8612.78
1996,kor,9259.85
1997,kor,9725.49
1998,kor,12850.87
1999,kor,8717.99
2000,kor,26106.51
2001,kor,18382.7
2002,kor,23405.11
2003,kor,12987.48
2004,kor,208.78099999999998
2005,kor,8138.55
2006,kor,8859.68
2007,kor,17818.83
2008,kor,14425.66
2009,kor,5341.05
2010,kor,19010.41
2011,kor,21944.03
2012,kor,23941.55
2013,kor,12770.23
2014,kor,9129.01
2015,kor,12213.49
2016,kor,32555.81
2017,kor,43307.68
2018,kor,52520.99
2019,kor,42636.12
2020,kor,32323.46
2021,kor,23760.06
2022,kor,15874.84
2023,kor,15091.94
2024,kor,14381.9
2020,uvk,
2020,kwt,
2014,kgz,-20.194000000000003
2015,kgz,-11.280999999999999
2016,kgz,-31.851
2017,kgz,-29.439
2018,kgz,-7.386
2019,kgz,-16.88
2020,kgz,-17.178
2021,kgz,-19.792
2022,kgz,-24.211
2023,kgz,-25.5
2024,kgz,-27.11
2020,lao,
2002,lva,-0.142
2003,lva,-0.151
2004,lva,-0.11199999999999999
2005,lva,-0.133
2006,lva,-0.395
2007,lva,-0.665
2008,lva,-1.1320000000000001
2009,lva,-1.188
2010,lva,-1.037
2011,lva,-0.5920000000000001
2012,lva,-0.08800000000000001
2013,lva,-0.319
2014,lva,-0.268
2015,lva,-0.326
2016,lva,0.022000000000000002
2017,lva,-0.257
2018,lva,-0.35
2019,lva,-0.261
2020,lva,-0.259
2021,lva,-0.231
2022,lva,-0.152
2023,lva,-0.132
2024,lva,-0.044000000000000004
2000,lbn,-5981.52
2001,lbn,-4669.74
2002,lbn,-4364.37
2003,lbn,-5407.46
2004,lbn,-4511.47
2005,lbn,-4581.58
2006,lbn,-6272.33
2007,lbn,-6993.54
2008,lbn,-7300.82
2009,lbn,-7928.38
2010,lbn,-7081.03
2011,lbn,-7428.48
2012,lbn,-11316.53
2013,lbn,-9628.35
2014,lbn,-9862.35
2015,lbn,-9151.64
2016,lbn,-8961.1
2017,lbn,-10438.06
2018,lbn,-8927.16
2019,lbn,-12374.09
2020,lbn,-13222.96
2021,lbn,-12991.62
2022,lbn,-13556.5
2023,lbn,-14459.77
2024,lbn,-15226.16
2020,lso,
2020,lbr,
2020,lby,
2000,ltu,-0.061
2001,ltu,-0.188
2002,ltu,-0.040999999999999995
2003,ltu,-0.131
2004,ltu,-0.284
2005,ltu,-0.23600000000000002
2006,ltu,-0.77
2007,ltu,-1.9169999999999998
2008,ltu,-2.8080000000000003
2009,ltu,-1.949
2010,ltu,-1.345
2011,ltu,-1.351
2012,ltu,-0.799
2013,ltu,-0.5670000000000001
2014,ltu,-0.309
2015,ltu,-0.084
2016,ltu,0.282
2017,ltu,0.267
2018,ltu,0.39899999999999997
2019,ltu,0.11
2020,ltu,0.1
2021,ltu,0.105
2022,ltu,0.11
2023,ltu,0.115
2024,ltu,0.14
1995,lux,0.21600000000000003
1996,lux,0.332
1997,lux,0.765
1998,lux,0.765
1999,lux,0.6940000000000001
2000,lux,1.2930000000000001
2001,lux,1.411
2002,lux,0.563
2003,lux,0.19399999999999998
2004,lux,-0.21100000000000002
2005,lux,0.245
2006,lux,0.654
2007,lux,0.745
2008,lux,0.9209999999999999
2009,lux,0.35600000000000004
2010,lux,-0.213
2011,lux,0.127
2012,lux,0.531
2013,lux,0.643
2014,lux,0.5760000000000001
2015,lux,0.415
2016,lux,0.6409999999999999
2017,lux,0.865
2018,lux,0.9259999999999999
2019,lux,0.613
2020,lux,0.92
2021,lux,0.706
2022,lux,0.977
2023,lux,1.1079999999999999
2024,lux,1.135
2020,mac,
2020,mdg,
2020,mwi,
1991,mys,3.077
1992,mys,3.707
1993,mys,6.917999999999999
1994,mys,12.005
1995,mys,7.524
1996,mys,8.222999999999999
1997,mys,11.095999999999998
1998,mys,2.258
1999,mys,-13.524000000000001
2000,mys,-27.531999999999996
2001,mys,-15.525
2002,mys,-14.343
2003,mys,-18.575
2004,mys,-16.641
2005,mys,-14.465
2006,mys,-15.975999999999999
2007,mys,-19.78
2008,mys,-26.29
2009,mys,-37.815
2010,mys,-34.012
2011,mys,-26.94
2012,mys,-30.819000000000003
2013,mys,-30.904
2014,mys,-26.853
2015,mys,-32.025
2016,mys,-33.115
2017,mys,-34.715
2018,mys,-64.069
2019,mys,-39.448
2020,mys,-41.722
2021,mys,-45.131
2022,mys,-46.592
2023,mys,-49.847
2024,mys,-53.891999999999996
2020,mdv,
2020,mli,
2000,mlt,-0.22699999999999998
2001,mlt,-0.264
2002,mlt,-0.257
2003,mlt,-0.445
2004,mlt,-0.223
2005,mlt,-0.212
2006,mlt,-0.163
2007,mlt,-0.19699999999999998
2008,mlt,-0.36700000000000005
2009,mlt,-0.20199999999999999
2010,mlt,-0.239
2011,mlt,-0.18100000000000002
2012,mlt,-0.245
2013,mlt,-0.113
2014,mlt,-0.133
2015,mlt,-0.19899999999999998
2016,mlt,0.061
2017,mlt,0.384
2018,mlt,0.05
2019,mlt,0.034
2020,mlt,0.051
2021,mlt,0.102
2022,mlt,0.122
2023,mlt,0.107
2024,mlt,0.113
2020,mhl,
2020,mrt,
1986,mus,-0.324
1987,mus,-0.772
1988,mus,-0.912
1989,mus,-0.5579999999999999
1990,mus,-0.617
1991,mus,-0.142
1992,mus,-0.8440000000000001
1993,mus,-1.018
1994,mus,-1.45
1995,mus,-1.755
1996,mus,-1.989
1997,mus,-1.24
1998,mus,-0.659
1999,mus,0.271
2000,mus,0.0
2001,mus,-3.034
2002,mus,-2.094
2003,mus,-1.94
2004,mus,-1.7380000000000002
2005,mus,-1.178
2006,mus,-0.779
2007,mus,3.31
2008,mus,6.496
2009,mus,5.095
2010,mus,-0.7829999999999999
2011,mus,1.444
2012,mus,2.967
2013,mus,-2.255
2014,mus,-6.242000000000001
2015,mus,-5.372999999999999
2016,mus,-3.612
2017,mus,-2.0269999999999997
2018,mus,-2.251
2019,mus,-3.221
2020,mus,-2.303
2021,mus,-2.4819999999999998
2022,mus,-2.516
2023,mus,-2.25
2024,mus,-3.392
1996,mex,-222.84
1997,mex,-114.29899999999999
1998,mex,-76.955
1999,mex,-136.782
2000,mex,-165.39
2001,mex,-7.223
2002,mex,96.11200000000001
2003,mex,78.459
2004,mex,50.537
2005,mex,-47.07899999999999
2006,mex,-99.71
2007,mex,-159.219
2008,mex,-154.671
2009,mex,-360.72900000000004
2010,mex,-503.249
2011,mex,-575.135
2012,mex,-704.091
2013,mex,-681.332
2014,mex,-827.8639999999999
2015,mex,-828.961
2016,mex,-806.6469999999999
2017,mex,-519.594
2018,mex,-581.186
2019,mex,-624.276
2020,mex,-605.381
2021,mex,-604.674
2022,mex,-647.288
2023,mex,-696.09
2024,mex,-744.076
2020,fsm,
2020,mda,
2020,mng,
2020,mne,
2000,mar,-20.935
2001,mar,-24.612
2002,mar,-21.845
2003,mar,-18.015
2004,mar,-17.442
2005,mar,-32.702
2006,mar,-13.714
2007,mar,-6.656000000000001
2008,mar,-2.155
2009,mar,-14.509
2010,mar,-33.694
2011,mar,-56.355
2012,mar,-64.488
2013,mar,-52.67100000000001
2014,mar,-58.547
2015,mar,-45.898999999999994
2016,mar,-49.233000000000004
2017,mar,-45.242
2018,mar,-45.055
2019,mar,-45.31100000000001
2020,mar,-41.564
2021,mar,-44.138000000000005
2022,mar,-50.395
2023,mar,-57.217
2024,mar,-64.929
2020,moz,
2020,mmr,
2020,nam,
2020,nru,
2020,npl,
1980,nld,-9.066
1981,nld,-9.157
1982,nld,-8.755
1983,nld,-8.7
1984,nld,-12.57
1985,nld,-9.562000000000001
1986,nld,-9.073
1987,nld,-10.802999999999999
1988,nld,-8.672
1989,nld,-13.104000000000001
1990,nld,-12.172
1991,nld,-6.068
1992,nld,-8.017000000000001
1993,nld,-6.782
1994,nld,-8.501
1995,nld,-25.744
1996,nld,-3.367
1997,nld,-4.793
1998,nld,-6.885
1999,nld,-4.268
2000,nld,-3.057
2001,nld,-9.762
2002,nld,-12.5
2003,nld,-12.618
2004,nld,-5.815
2005,nld,1.507
2006,nld,-0.8220000000000001
2007,nld,-9.988
2008,nld,-12.059000000000001
2009,nld,-27.234
2010,nld,-30.686
2011,nld,-28.515
2012,nld,-18.11
2013,nld,-7.403
2014,nld,-3.585
2015,nld,-5.825
2016,nld,5.553
2017,nld,8.743
2018,nld,3.8939999999999997
2019,nld,0.97
2020,nld,0.974
2021,nld,2.076
2022,nld,3.4330000000000003
2023,nld,5.34
2024,nld,7.398
1985,nzl,-2.246
1986,nzl,-2.0709999999999997
1987,nzl,-1.724
1988,nzl,-0.818
1989,nzl,-0.5870000000000001
1990,nzl,-0.512
1991,nzl,-1.8559999999999999
1992,nzl,-1.5830000000000002
1993,nzl,0.5920000000000001
1994,nzl,1.7790000000000001
1995,nzl,2.5180000000000002
1996,nzl,1.794
1997,nzl,1.46
1998,nzl,0.84
1999,nzl,-0.106
2000,nzl,0.519
2001,nzl,1.5919999999999999
2002,nzl,2.421
2003,nzl,2.957
2004,nzl,3.966
2005,nzl,5.037
2006,nzl,4.105
2007,nzl,4.652
2008,nzl,2.296
2009,nzl,-3.0210000000000004
2010,nzl,-9.283
2011,nzl,-8.67
2012,nzl,-2.884
2013,nzl,-1.21
2014,nzl,-0.312
2015,nzl,0.816
2016,nzl,2.134
2017,nzl,2.076
2018,nzl,-0.32799999999999996
2019,nzl,-0.633
2020,nzl,0.877
2021,nzl,1.7790000000000001
2022,nzl,2.966
2023,nzl,3.2680000000000002
2024,nzl,3.403
2020,nic,
2020,ner,
2020,nga,
2020,mkd,
1980,nor,-7.059
1981,nor,-9.849
1982,nor,-13.172
1983,nor,-15.842
1984,nor,-16.361
1985,nor,-14.362
1986,nor,-10.335999999999999
1987,nor,-12.458
1988,nor,-17.95
1989,nor,-31.443
1990,nor,-39.163000000000004
1991,nor,-53.733999999999995
1992,nor,-60.797
1993,nor,-58.376000000000005
1994,nor,-51.893
1995,nor,-39.095
1996,nor,-31.401
1997,nor,-28.497
1998,nor,-42.832
1999,nor,-37.159
2000,nor,-15.174000000000001
2001,nor,-17.22
2002,nor,-32.975
2003,nor,-39.394
2004,nor,-43.423
2005,nor,-45.727
2006,nor,-42.326
2007,nor,-44.35
2008,nor,-54.486000000000004
2009,nor,-94.669
2010,nor,-102.774
2011,nor,-95.81200000000001
2012,nor,-111.186
2013,nor,-125.355
2014,nor,-149.424
2015,nor,-172.798
2016,nor,-199.16099999999997
2017,nor,-214.06799999999998
2018,nor,-213.0
2019,nor,-228.247
2020,nor,-239.001
2021,nor,-249.03900000000002
2022,nor,-259.499
2023,nor,-270.39799999999997
2024,nor,-281.755
2020,omn,
2020,pak,
2020,plw,
1996,pan,0.196
1997,pan,-0.14800000000000002
1998,pan,-0.41700000000000004
1999,pan,-0.20600000000000002
2000,pan,-0.124
2001,pan,-0.255
2002,pan,-0.34700000000000003
2003,pan,-0.5379999999999999
2004,pan,-0.6629999999999999
2005,pan,-0.368
2006,pan,0.11699999999999999
2007,pan,0.509
2008,pan,-0.23199999999999998
2009,pan,-0.157
2010,pan,-0.282
2011,pan,-0.643
2012,pan,-0.642
2013,pan,-1.0759999999999998
2014,pan,-1.4869999999999999
2015,pan,-1.18
2016,pan,-1.036
2017,pan,-1.1740000000000002
2018,pan,-1.158
2019,pan,-1.345
2020,pan,-1.278
2021,pan,-1.4269999999999998
2022,pan,-1.281
2023,pan,-1.409
2024,pan,-1.51
2020,png,
2002,pry,-419.85400000000004
2003,pry,312.843
2004,pry,731.304
2005,pry,892.7589999999999
2006,pry,1440.29
2007,pry,1517.41
2008,pry,2254.89
2009,pry,-125.709
2010,pry,321.651
2011,pry,1831.95
2012,pry,-1606.64
2013,pry,-1735.33
2014,pry,-1408.91
2015,pry,-3498.03
2016,pry,-582.795
2017,pry,-2033.79
2018,pry,-2817.51
2019,pry,-2766.41
2020,pry,-3290.11
2021,pry,-3646.57
2022,pry,-3780.68
2023,pry,-3787.76
2024,pry,-3714.1
2000,per,-3.465
2001,per,-2.795
2002,per,-2.169
2003,per,-2.61
2004,per,-2.263
2005,per,-1.787
2006,per,0.563
2007,per,5.037
2008,per,3.343
2009,per,-2.32
2010,per,-0.32799999999999996
2011,per,5.409
2012,per,6.726
2013,per,0.701
2014,per,-0.68
2015,per,-9.539
2016,per,-12.253
2017,per,-15.100999999999999
2018,per,-14.207
2019,per,-13.295
2020,per,-10.697
2021,per,-7.721
2022,per,-8.804
2023,per,-9.95
2024,per,-10.839
1990,phl,-28.085
1991,phl,-6.88
1992,phl,-1.182
1993,phl,20.599
1994,phl,-13.234000000000002
1995,phl,-11.113
1996,phl,-12.780999999999999
1997,phl,-24.575
1998,phl,-46.464
1999,phl,-91.406
2000,phl,-135.215
2001,phl,-149.60399999999998
2002,phl,-169.03
2003,phl,-175.226
2004,phl,-164.887
2005,phl,-112.885
2006,phl,-7.72
2007,phl,-44.777
2008,phl,-34.897
2009,phl,-146.254
2010,phl,-224.438
2011,phl,2.195
2012,phl,-34.588
2013,phl,10.919
2014,phl,78.712
2015,phl,83.944
2016,phl,-56.715
2017,phl,-57.376999999999995
2018,phl,-176.93200000000002
2019,phl,-235.614
2020,phl,-298.391
2021,phl,-358.95599999999996
2022,phl,-422.345
2023,phl,-528.086
2024,phl,-588.158
1995,pol,-19.101
1996,pol,-23.923000000000002
1997,pol,-29.299
1998,pol,-30.384
1999,pol,-19.364
2000,pol,-29.171999999999997
2001,pol,-38.321
2002,pol,-34.681999999999995
2003,pol,-50.896
2004,pol,-53.849
2005,pol,-35.433
2006,pol,-54.88
2007,pol,-34.113
2008,pol,-51.854
2009,pol,-91.824
2010,pol,-102.24700000000001
2011,pol,-81.65899999999999
2012,pol,-57.638000000000005
2013,pol,-59.038000000000004
2014,pol,-55.131
2015,pol,-43.853
2016,pol,-41.321000000000005
2017,pol,-35.092
2018,pol,-34.137
2019,pol,-54.41
2020,pol,-74.274
2021,pol,-75.74
2022,pol,-77.029
2023,pol,-79.758
2024,pol,-81.908
1986,prt,-2.1630000000000003
1987,prt,-2.381
1988,prt,-1.368
1989,prt,-1.6569999999999998
1990,prt,-4.68
1991,prt,-5.956
1992,prt,-4.56
1993,prt,-5.757000000000001
1994,prt,-5.142
1995,prt,-3.293
1996,prt,-4.103
1997,prt,-3.259
1998,prt,-4.037
1999,prt,-3.602
2000,prt,-5.185
2001,prt,-6.569
2002,prt,-8.426
2003,prt,-9.461
2004,prt,-12.475999999999999
2005,prt,-9.52
2006,prt,-7.24
2007,prt,-6.905
2008,prt,-9.695
2009,prt,-15.304
2010,prt,-14.987
2011,prt,-11.027999999999999
2012,prt,-4.859
2013,prt,-3.407
2014,prt,-1.08
2015,prt,-2.39
2016,prt,-2.095
2017,prt,-1.08
2018,prt,-0.583
2019,prt,-0.295
2020,prt,-0.557
2021,prt,-0.156
2022,prt,0.51
2023,prt,0.619
2024,prt,1.057
2020,pri,
2020,qat,
2004,rou,-8.812999999999999
2005,rou,-2.501
2006,rou,-9.404
2007,rou,-22.49
2008,rou,-45.093
2009,rou,-43.316
2010,rou,-30.506999999999998
2011,rou,-16.855999999999998
2012,rou,-8.981
2013,rou,-8.402000000000001
2014,rou,0.209
2015,rou,-1.143
2016,rou,-14.689
2017,rou,-30.319000000000003
2018,rou,-35.36
2019,rou,-42.086999999999996
2020,rou,-46.521
2021,rou,-48.126999999999995
2022,rou,-50.285
2023,rou,-50.614
2024,rou,-48.56
1999,rus,-164.718
2000,rus,164.419
2001,rus,220.43200000000002
2002,rus,59.361999999999995
2003,rus,168.955
2004,rus,793.6010000000001
2005,rus,1745.9
2006,rus,2223.61
2007,rus,1774.09
2008,rus,1889.68
2009,rus,-2167.54
2010,rus,-1434.19
2011,rus,874.534
2012,rus,150.251
2013,rus,-955.329
2014,rus,48.23
2015,rus,-2520.53
2016,rus,-2938.1
2017,rus,-1060.9
2018,rus,2882.62
2019,rus,984.697
2020,rus,760.438
2021,rus,365.077
2022,rus,-93.10799999999999
2023,rus,-385.668
2024,rus,-504.469
2020,rwa,
2020,wsm,
2020,smr,
2020,stp,
2020,sau,
1994,sen,-33.342
1995,sen,11.4
1996,sen,6.1
1997,sen,20.8
1998,sen,-0.4
1999,sen,-30.274
2000,sen,24.29
2001,sen,-85.711
2002,sen,0.07200000000000001
2003,sen,-51.979
2004,sen,-131.654
2005,sen,-135.908
2006,sen,-278.69
2007,sen,-197.601
2008,sen,-273.228
2009,sen,-292.04
2010,sen,-333.69699999999995
2011,sen,-454.835
2012,sen,-420.24
2013,sen,-404.76199999999994
2014,sen,-377.226
2015,sen,-343.531
2016,sen,-349.74699999999996
2017,sen,-353.691
2018,sen,-376.035
2019,sen,-392.68
2020,sen,-406.242
2021,sen,-430.86699999999996
2022,sen,-461.06300000000005
2023,sen,-481.986
2024,sen,-504.401
2005,srb,29.245
2006,srb,-38.083
2007,srb,-54.31399999999999
2008,srb,-114.705
2009,srb,-118.51899999999999
2010,srb,-131.071
2011,srb,-168.61900000000003
2012,srb,-211.235
2013,srb,-213.017
2014,srb,-210.49
2015,srb,-130.61700000000002
2016,srb,-54.486999999999995
2017,srb,44.626000000000005
2018,srb,32.666
2019,srb,-8.826
2020,srb,-26.879
2021,srb,-31.525
2022,srb,-32.863
2023,srb,-40.214
2024,srb,-39.921
2020,syc,
2020,sle,
1990,sgp,7.928
1991,sgp,7.811
1992,sgp,11.968
1993,sgp,16.082
1994,sgp,16.055
1995,sgp,14.868
1996,sgp,11.039000000000001
1997,sgp,12.07
1998,sgp,3.346
1999,sgp,8.158999999999999
2000,sgp,13.14
2001,sgp,7.511
2002,sgp,8.144
2003,sgp,11.148
2004,sgp,12.01
2005,sgp,16.678
2006,sgp,16.065
2007,sgp,30.819000000000003
2008,sgp,18.480999999999998
2009,sgp,0.645
2010,sgp,20.803
2011,sgp,29.198
2012,sgp,28.121
2013,sgp,24.627
2014,sgp,21.158
2015,sgp,15.263
2016,sgp,18.825
2017,sgp,25.994
2018,sgp,18.227
2019,sgp,21.199
2020,sgp,16.13
2021,sgp,15.895
2022,sgp,15.997
2023,sgp,15.864
2024,sgp,15.183
1995,svk,-0.115
1996,svk,-1.702
1997,svk,-3.3689999999999998
1998,svk,-1.294
1999,svk,-2.21
2000,svk,-2.479
2001,svk,-2.6260000000000003
2002,svk,-2.7760000000000002
2003,svk,-0.885
2004,svk,-1.278
2005,svk,-1.499
2006,svk,-2.331
2007,svk,-2.795
2008,svk,-2.847
2009,svk,-3.9010000000000002
2010,svk,-4.224
2011,svk,-2.519
2012,svk,-2.392
2013,svk,-1.185
2014,svk,-1.8230000000000002
2015,svk,-2.274
2016,svk,-2.198
2017,svk,-1.056
2018,svk,-1.14
2019,svk,-0.336
2020,svk,0.16
2021,svk,0.23199999999999998
2022,svk,0.293
2023,svk,0.366
2024,svk,0.42200000000000004
1996,svn,0.081
1997,svn,-0.139
1998,svn,-0.044000000000000004
1999,svn,-0.084
2000,svn,-0.215
2001,svn,-0.16899999999999998
2002,svn,-0.258
2003,svn,-0.179
2004,svn,-0.364
2005,svn,-0.433
2006,svn,-0.7
2007,svn,-0.9229999999999999
2008,svn,-1.169
2009,svn,-1.6640000000000001
2010,svn,-1.7630000000000001
2011,svn,-1.6059999999999999
2012,svn,-0.757
2013,svn,-0.541
2014,svn,-0.883
2015,svn,-0.354
2016,svn,-0.106
2017,svn,0.228
2018,svn,0.242
2019,svn,-0.064
2020,svn,-0.222
2021,svn,-0.149
2022,svn,-0.001
2023,svn,0.168
2024,svn,0.293
2020,slb,
2020,som,
2000,zaf,-12.704
2001,zaf,-7.601
2002,zaf,-8.479
2003,zaf,-15.804
2004,zaf,-11.7
2005,zaf,-0.138
2006,zaf,13.577
2007,zaf,16.768
2008,zaf,-21.739
2009,zaf,-91.397
2010,zaf,-104.26100000000001
2011,zaf,-113.302
2012,zaf,-136.44899999999998
2013,zaf,-147.012
2014,zaf,-156.391
2015,zaf,-168.24900000000002
2016,zaf,-166.398
2017,zaf,-174.80200000000002
2018,zaf,-181.13
2019,zaf,-211.842
2020,zaf,-218.314
2021,zaf,-231.419
2022,zaf,-262.805
2023,zaf,-282.77099999999996
2024,zaf,-298.46
2020,ssd,
1980,esp,-4.905
1981,esp,-3.011
1982,esp,-11.939
1983,esp,-9.825
1984,esp,-10.860999999999999
1985,esp,-16.096
1986,esp,-13.485999999999999
1987,esp,-8.954
1988,esp,-13.889000000000001
1989,esp,-17.614
1990,esp,-19.679000000000002
1991,esp,-23.482
1992,esp,-19.077
1993,esp,-19.684
1994,esp,-21.656999999999996
1995,esp,-17.938
1996,esp,-11.197000000000001
1997,esp,-6.207000000000001
1998,esp,-9.338
1999,esp,-5.843999999999999
2000,esp,-13.308
2001,esp,-14.054
2002,esp,-12.612
2003,esp,-13.59
2004,esp,-13.194
2005,esp,-7.454
2006,esp,-5.235
2007,esp,-14.502
2008,esp,-77.76899999999999
2009,esp,-114.74600000000001
2010,esp,-92.945
2011,esp,-81.811
2012,esp,-36.153
2013,esp,-25.421
2014,esp,-20.741999999999997
2015,esp,-28.03
2016,esp,-32.848
2017,esp,-30.568
2018,esp,-32.010999999999996
2019,esp,-32.585
2020,esp,-35.873
2021,esp,-38.11
2022,esp,-40.219
2023,esp,-43.527
2024,esp,-46.361000000000004
2020,lka,
2020,kna,
2020,lca,
2020,vct,
2020,sdn,
2002,sur,-0.182
2003,sur,0.049
2004,sur,-0.063
2005,sur,-0.054000000000000006
2006,sur,0.086
2007,sur,0.451
2008,sur,0.14800000000000002
2009,sur,-0.222
2010,sur,-0.34
2011,sur,-0.385
2012,sur,-0.855
2013,sur,-1.36
2014,sur,-1.6440000000000001
2015,sur,-1.58
2016,sur,-1.442
2017,sur,-1.669
2018,sur,-1.758
2019,sur,-2.27
2020,sur,-2.387
2021,sur,-1.892
2022,sur,-1.891
2023,sur,-1.966
2024,sur,-2.281
1993,swe,-182.88
1994,swe,-192.924
1995,swe,-181.30700000000002
1996,swe,-109.90299999999999
1997,swe,-91.664
1998,swe,-53.458
1999,swe,-60.373999999999995
2000,swe,-33.945
2001,swe,37.348
2002,swe,-22.729
2003,swe,-4.574
2004,swe,-11.357000000000001
2005,swe,30.494
2006,swe,26.458000000000002
2007,swe,49.21
2008,swe,22.103
2009,swe,43.835
2010,swe,16.07
2011,swe,-5.751
2012,swe,-21.469
2013,swe,-28.122
2014,swe,-32.552
2015,swe,-15.863
2016,swe,30.229
2017,swe,52.74100000000001
2018,swe,21.508000000000003
2019,swe,19.644000000000002
2020,swe,14.745
2021,swe,15.048
2022,swe,16.256
2023,swe,16.538
2024,swe,16.795
1983,che,1.327
1984,che,1.494
1985,che,1.033
1986,che,3.1919999999999997
1987,che,4.07
1988,che,2.947
1989,che,0.805
1990,che,-4.747
1991,che,-9.368
1992,che,-12.225
1993,che,-11.51
1994,che,-9.639
1995,che,-5.736000000000001
1996,che,-5.359
1997,che,-7.7829999999999995
1998,che,-5.1770000000000005
1999,che,-6.352
2000,che,-0.688
2001,che,-0.40399999999999997
2002,che,-7.4239999999999995
2003,che,-2.722
2004,che,-3.8480000000000003
2005,che,-1.8259999999999998
2006,che,3.009
2007,che,3.872
2008,che,5.55
2009,che,4.992
2010,che,2.22
2011,che,4.487
2012,che,3.775
2013,che,-1.6640000000000001
2014,che,-1.925
2015,che,4.565
2016,che,3.179
2017,che,2.949
2018,che,0.8009999999999999
2019,che,1.619
2020,che,1.806
2021,che,1.8359999999999999
2022,che,1.989
2023,che,2.171
2024,che,2.229
2020,syr,
1980,twn,-66.94
1981,twn,-59.216
1982,twn,-50.593
1983,twn,-38.192
1984,twn,-41.398999999999994
1985,twn,-32.829
1986,twn,-43.751000000000005
1987,twn,-69.021
1988,twn,-66.277
1989,twn,-403.417
1990,twn,-166.62099999999998
1991,twn,-457.94699999999995
1992,twn,-382.18
1993,twn,-370.092
1994,twn,-421.964
1995,twn,-499.789
1996,twn,-573.422
1997,twn,-657.0989999999999
1998,twn,-477.29699999999997
1999,twn,-252.253
2000,twn,-633.149
2001,twn,-522.39
2002,twn,-538.434
2003,twn,-441.445
2004,twn,-531.688
2005,twn,-303.133
2006,twn,-293.914
2007,twn,-363.662
2008,twn,-359.764
2009,twn,-690.404
2010,twn,-742.773
2011,twn,-608.4259999999999
2012,twn,-640.41
2013,twn,-487.26300000000003
2014,twn,-469.219
2015,twn,-291.26599999999996
2016,twn,-351.439
2017,twn,-339.4
2018,twn,-339.315
2019,twn,-348.98400000000004
2020,twn,-356.568
2021,twn,-364.06300000000005
2022,twn,-372.444
2023,twn,-364.796
2024,twn,-356.32800000000003
2020,tjk,
2020,tza,
1995,tha,106.859
1996,tha,74.932
1997,tha,-120.955
1998,tha,-241.77700000000002
1999,tha,-362.654
2000,tha,-52.608000000000004
2001,tha,-34.985
2002,tha,-296.128
2003,tha,116.471
2004,tha,56.817
2005,tha,90.565
2006,tha,157.885
2007,tha,-16.34
2008,tha,42.391999999999996
2009,tha,-138.058
2010,tha,-150.847
2011,tha,1.426
2012,tha,-77.655
2013,tha,37.09
2014,tha,-54.402
2015,tha,75.447
2016,tha,-99.656
2017,tha,-112.28299999999999
2018,tha,-32.848
2019,tha,-6.606
2020,tha,-118.066
2021,tha,-145.747
2022,tha,-190.245
2023,tha,-238.86900000000003
2024,tha,-284.676
2020,tls,
2020,tgo,
2020,ton,
2020,tto,
1991,tun,-0.738
1992,tun,-0.6659999999999999
1993,tun,-0.601
1994,tun,-0.556
1995,tun,-0.8290000000000001
1996,tun,-1.137
1997,tun,-0.9620000000000001
1998,tun,-0.8440000000000001
1999,tun,-1.036
2000,tun,-1.0979999999999999
2001,tun,-1.069
2002,tun,-0.8390000000000001
2003,tun,-0.924
2004,tun,-0.902
2005,tun,-1.115
2006,tun,-1.163
2007,tun,-1.5719999999999998
2008,tun,-0.909
2009,tun,-2.101
2010,tun,-0.772
2011,tun,-2.194
2012,tun,-4.212
2013,tun,-4.902
2014,tun,-3.886
2015,tun,-4.415
2016,tun,-5.4910000000000005
2017,tun,-5.529
2018,tun,-4.496
2019,tun,-3.9589999999999996
2020,tun,-3.389
2021,tun,-2.725
2022,tun,-2.301
2023,tun,-1.06
2024,tun,-1.23
2000,tur,-15.765
2001,tur,-24.25
2002,tur,-37.038000000000004
2003,tur,-30.676
2004,tur,-24.74
2005,tur,-13.533
2006,tur,-29.354
2007,tur,-37.687
2008,tur,-41.476000000000006
2009,tur,-35.391999999999996
2010,tur,-29.638
2011,tur,-37.912
2012,tur,-38.917
2013,tur,-52.941
2014,tur,-43.206
2015,tur,-80.29899999999999
2016,tur,-86.69
2017,tur,-152.236
2018,tur,-204.49900000000002
2019,tur,-129.333
2020,tur,-127.608
2021,tur,-170.222
2022,tur,-193.676
2023,tur,-205.141
2024,tur,-201.22099999999998
2020,tkm,
2020,tuv,
2020,uga,
2003,ukr,-3.2680000000000002
2004,ukr,-21.256
2005,ukr,-9.032
2006,ukr,-10.472000000000001
2007,ukr,-26.316999999999997
2008,ukr,-33.349000000000004
2009,ukr,-22.134
2010,ukr,-30.689
2011,ukr,-40.571
2012,ukr,-62.821000000000005
2013,ukr,-70.976
2014,ukr,-48.221000000000004
2015,ukr,-8.681000000000001
2016,ukr,-47.601000000000006
2017,ukr,-58.465
2018,ukr,-77.069
2019,ukr,-83.266
2020,ukr,-98.534
2021,ukr,-105.656
2022,ukr,-107.92299999999999
2023,ukr,-118.514
2024,ukr,-131.36
2020,are,
1981,gbr,-6.774
1982,gbr,-2.296
1983,gbr,-8.585
1984,gbr,-11.073
1985,gbr,-10.922
1986,gbr,-10.81
1987,gbr,-12.137
1988,gbr,-10.644
1989,gbr,-11.52
1990,gbr,-20.05
1991,gbr,-17.936
1992,gbr,-30.299
1993,gbr,-40.895
1994,gbr,-41.153999999999996
1995,gbr,-36.374
1996,gbr,-21.765
1997,gbr,-11.235
1998,gbr,2.419
1999,gbr,11.511
2000,gbr,17.088
2001,gbr,3.083
2002,gbr,-21.279
2003,gbr,-43.466
2004,gbr,-47.111999999999995
2005,gbr,-58.505
2006,gbr,-65.07600000000001
2007,gbr,-77.757
2008,gbr,-111.179
2009,gbr,-138.806
2010,gbr,-118.87799999999999
2011,gbr,-98.649
2012,gbr,-103.736
2013,gbr,-71.35600000000001
2014,gbr,-85.79700000000001
2015,gbr,-75.567
2016,gbr,-55.723
2017,gbr,-38.777
2018,gbr,-30.473000000000003
2019,gbr,-26.425
2020,gbr,-22.216
2021,gbr,-22.301
2022,gbr,-18.253
2023,gbr,-15.958
2024,gbr,-16.368
2001,usa,-59.033
2002,usa,-298.548
2003,usa,-441.87699999999995
2004,usa,-494.517
2005,usa,-421.538
2006,usa,-363.23400000000004
2007,usa,-505.283
2008,usa,-808.73
2009,usa,-1103.97
2010,usa,-1437.65
2011,usa,-1267.32
2012,usa,-1011.03
2013,usa,-686.3760000000001
2014,usa,-605.61
2015,usa,-577.0369999999999
2016,usa,-739.802
2017,usa,-780.138
2018,usa,-953.8610000000001
2019,usa,-1096.63
2020,usa,-1092.48
2021,usa,-1118.95
2022,usa,-1166.17
2023,usa,-1100.62
2024,usa,-1049.81
2000,ury,-9.894
2001,ury,-7.375
2002,ury,-3.6430000000000002
2003,ury,1.195
2004,ury,1.133
2005,ury,1.8719999999999999
2006,ury,5.928
2007,ury,2.5340000000000003
2008,ury,-3.361
2009,ury,-3.89
2010,ury,-18.98
2011,ury,-19.836
2012,ury,-26.497
2013,ury,-42.802
2014,ury,-56.458999999999996
2015,ury,-59.998999999999995
2016,ury,-64.347
2017,ury,-67.553
2018,ury,-76.985
2019,ury,-72.82300000000001
2020,ury,-77.37
2021,ury,-85.896
2022,ury,-89.962
2023,ury,-107.427
2024,ury,-120.42
2020,uzb,
2020,vut,
2020,ven,
1998,vnm,-1029.14
1999,vnm,-2219.82
2000,vnm,-1969.0
2001,vnm,-2672.75
2002,vnm,-2246.01
2003,vnm,-3165.7
2004,vnm,-338.216
2005,vnm,-1276.94
2006,vnm,211.609
2007,vnm,-2182.88
2008,vnm,-631.66
2009,vnm,-5705.38
2010,vnm,-2948.45
2011,vnm,-35446.96
2012,vnm,-218718.81
2013,vnm,-264181.69
2014,vnm,-248070.38
2015,vnm,-275592.43
2016,vnm,-211833.95
2017,vnm,-247100.53
2018,vnm,-260535.66
2019,vnm,-274936.17
2020,vnm,-285456.92
2021,vnm,-315014.56
2022,vnm,-341279.89
2023,vnm,-380683.2
2024,vnm,-436751.02
2020,yem,
2020,zmb,
2020,zwe,
