year,country,ggxwdg_ngdp
1997,alb,69.988
1998,alb,67.814
1999,alb,64.968
2000,alb,61.898
2001,alb,58.543
2002,alb,62.839
2003,alb,58.825
2004,alb,56.451
2005,alb,57.443999999999996
2006,alb,56.07899999999999
2007,alb,53.427
2008,alb,55.13399999999999
2009,alb,59.667
2010,alb,57.72
2011,alb,59.413000000000004
2012,alb,62.02
2013,alb,70.09100000000001
2014,alb,72.564
2015,alb,73.562
2016,alb,69.75399999999999
2017,alb,64.752
2018,alb,60.062
2019,alb,55.26
2020,alb,50.04
1990,dza,0.0
1991,dza,77.834
1992,dza,62.926
1993,dza,74.028
1994,dza,98.376
1995,dza,116.195
1996,dza,98.148
1997,dza,69.855
1998,dza,72.863
1999,dza,82.01899999999999
2000,dza,62.813
2001,dza,58.263999999999996
2002,dza,54.683
2003,dza,44.535
2004,dza,36.846
2005,dza,27.218000000000004
2006,dza,26.865
2007,dza,13.935
2008,dza,8.822000000000001
2009,dza,10.814
2010,dza,11.663
2011,dza,9.942
2012,dza,10.001
2013,dza,8.315
2014,dza,8.764
2015,dza,13.642999999999999
2016,dza,15.445
2017,dza,16.692999999999998
2018,dza,17.964000000000002
2019,dza,18.288
2020,dza,18.109
2000,ago,94.86399999999999
2001,ago,92.60600000000001
2002,ago,64.38
2003,ago,58.045
2004,ago,46.552
2005,ago,38.559
2006,ago,18.721
2007,ago,16.426
2008,ago,16.616
2009,ago,49.876999999999995
2010,ago,39.803000000000004
2011,ago,32.201
2012,ago,29.605
2013,ago,35.164
2014,ago,38.043
2015,ago,47.496
2016,ago,44.255
2017,ago,41.948
2018,ago,40.149
2019,ago,39.233000000000004
2020,ago,38.941
1990,atg,97.509
1991,atg,98.441
1992,atg,95.02
1993,atg,89.719
1994,atg,89.473
1995,atg,97.427
1996,atg,90.995
1997,atg,86.553
1998,atg,102.06299999999999
1999,atg,104.181
2000,atg,110.838
2001,atg,122.025
2002,atg,128.165
2003,atg,127.51899999999999
2004,atg,122.985
2005,atg,94.99
2006,atg,90.868
2007,atg,79.202
2008,atg,77.271
2009,atg,102.46
2010,atg,90.78200000000001
2011,atg,92.431
2012,atg,87.147
2013,atg,94.26299999999999
2014,atg,98.69200000000001
2015,atg,106.90700000000001
2016,atg,102.435
2017,atg,97.169
2018,atg,91.698
2019,atg,86.319
2020,atg,81.133
1993,arg,25.145
1994,arg,26.578000000000003
1995,arg,28.750999999999998
1996,arg,30.435
1997,arg,29.616999999999997
1998,arg,31.927
1999,arg,36.388000000000005
2000,arg,38.179
2001,arg,44.886
2002,arg,137.512
2003,arg,116.525
2004,arg,106.03200000000001
2005,arg,71.243
2006,arg,61.81100000000001
2007,arg,53.224
2008,arg,47.013999999999996
2009,arg,47.631
2010,arg,39.155
2011,arg,35.763000000000005
2012,arg,37.328
2013,arg,40.217
2014,arg,48.56399999999999
2015,arg,49.458
2016,arg,50.475
2017,arg,51.262
2018,arg,52.379
2019,arg,53.85
2020,arg,55.946999999999996
1996,arm,32.372
1997,arm,36.835
1998,arm,35.769
1999,arm,39.191
2000,arm,39.361999999999995
2001,arm,37.824
2002,arm,38.105
2003,arm,32.88
2004,arm,26.432
2005,arm,20.467
2006,arm,16.183
2007,arm,14.249
2008,arm,14.630999999999998
2009,arm,34.135999999999996
2010,arm,33.741
2011,arm,35.691
2012,arm,38.9
2013,arm,40.47
2014,arm,44.222
2015,arm,53.053999999999995
2016,arm,56.098
2017,arm,57.79
2018,arm,60.73
2019,arm,60.956
2020,arm,61.981
1989,aus,17.055
1990,aus,16.442
1991,aus,21.627
1992,aus,27.65
1993,aus,30.65
1994,aus,31.763
1995,aus,31.123
1996,aus,29.316999999999997
1997,aus,25.908
1998,aus,23.754
1999,aus,22.588
2000,aus,19.559
2001,aus,17.177
2002,aus,15.062000000000001
2003,aus,13.208
2004,aus,11.943
2005,aus,10.892999999999999
2006,aus,9.96
2007,aus,9.677
2008,aus,11.743
2009,aus,16.76
2010,aus,20.499000000000002
2011,aus,24.244
2012,aus,27.862
2013,aus,30.718000000000004
2014,aus,34.258
2015,aus,38.080999999999996
2016,aus,40.152
2017,aus,41.38399999999999
2018,aus,41.57899999999999
2019,aus,41.213
2020,aus,40.678000000000004
1988,aut,57.493
1989,aut,56.458
1990,aut,56.056999999999995
1991,aut,56.26
1992,aut,56.153
1993,aut,60.765
1994,aut,63.863
1995,aut,68.017
1996,aut,67.959
1997,aut,63.193999999999996
1998,aut,63.606
1999,aut,66.426
2000,aut,65.86399999999999
2001,aut,66.484
2002,aut,66.291
2003,aut,65.492
2004,aut,64.80199999999999
2005,aut,68.315
2006,aut,67.044
2007,aut,64.808
2008,aut,68.518
2009,aut,79.726
2010,aut,82.405
2011,aut,82.05799999999999
2012,aut,81.73100000000001
2013,aut,81.21
2014,aut,86.824
2015,aut,88.785
2016,aut,87.387
2017,aut,86.24700000000001
2018,aut,85.417
2019,aut,84.45700000000001
2020,aut,83.54700000000001
2000,aze,22.837
2001,aze,24.204
2002,aze,22.853
2003,aze,21.686999999999998
2004,aze,20.169
2005,aze,13.334000000000001
2006,aze,10.241
2007,aze,8.607999999999999
2008,aze,7.297000000000001
2009,aze,11.792
2010,aze,11.148
2011,aze,10.107000000000001
2012,aze,11.599
2013,aze,13.754000000000001
2014,aze,16.352999999999998
2015,aze,21.622
2016,aze,23.052
2017,aze,23.976
2018,aze,25.195
2019,aze,26.131999999999998
2020,aze,27.29
1991,bhs,22.84
1992,bhs,25.682
1993,bhs,28.92
1994,bhs,30.864
1995,bhs,30.775
1996,bhs,30.592
1997,bhs,30.12
1998,bhs,27.24
1999,bhs,25.906999999999996
2000,bhs,24.476
2001,bhs,23.588
2002,bhs,24.807
2003,bhs,26.601
2004,bhs,27.596
2005,bhs,29.298000000000002
2006,bhs,29.554000000000002
2007,bhs,29.982
2008,bhs,32.346
2009,bhs,38.399
2010,bhs,43.24100000000001
2011,bhs,44.878
2012,bhs,48.367
2013,bhs,56.364
2014,bhs,60.408
2015,bhs,61.573
2016,bhs,61.385
2017,bhs,61.076
2018,bhs,60.677
2019,bhs,60.178000000000004
2020,bhs,59.583
1990,bhr,7.545
1991,bhr,6.995
1992,bhr,6.725
1993,bhr,6.199
1994,bhr,5.861000000000001
1995,bhr,14.199000000000002
1996,bhr,13.675
1997,bhr,15.383
1998,bhr,20.846
1999,bhr,25.717
2000,bhr,25.745
2001,bhr,26.076
2002,bhr,28.379
2003,bhr,32.453
2004,bhr,29.398000000000003
2005,bhr,24.195
2006,bhr,20.253
2007,bhr,16.344
2008,bhr,12.562000000000001
2009,bhr,21.361
2010,bhr,29.704
2011,bhr,32.498000000000005
2012,bhr,36.306999999999995
2013,bhr,43.608000000000004
2014,bhr,43.763000000000005
2015,bhr,54.013000000000005
2016,bhr,56.98
2017,bhr,60.218
2018,bhr,64.03699999999999
2019,bhr,68.259
2020,bhr,72.767
2003,bgd,44.321999999999996
2004,bgd,43.482
2005,bgd,42.29600000000001
2006,bgd,42.325
2007,bgd,41.913000000000004
2008,bgd,40.573
2009,bgd,39.543
2010,bgd,36.618
2011,bgd,35.302
2012,bgd,33.821999999999996
2013,bgd,34.659
2014,bgd,33.86
2015,bgd,33.010999999999996
2016,bgd,32.016999999999996
2017,bgd,30.886
2018,bgd,29.419
2019,bgd,28.108
2020,bgd,26.754
1994,brb,43.98
1995,brb,44.136
1996,brb,42.736999999999995
1997,brb,39.469
1998,brb,34.584
1999,brb,34.296
2000,brb,39.868
2001,brb,46.18899999999999
2002,brb,47.333
2003,brb,47.17100000000001
2004,brb,47.647
2005,brb,46.068000000000005
2006,brb,48.43
2007,brb,51.415
2008,brb,53.88
2009,brb,63.053000000000004
2010,brb,70.238
2011,brb,76.24
2012,brb,84.603
2013,brb,95.939
2014,brb,100.351
2015,brb,102.505
2016,brb,103.92399999999999
2017,brb,104.84
2018,brb,105.458
2019,brb,105.84899999999999
2020,brb,105.876
2004,blr,9.536
2005,blr,8.391
2006,blr,11.094000000000001
2007,blr,18.347
2008,blr,21.541
2009,blr,34.693000000000005
2010,blr,39.501999999999995
2011,blr,45.896
2012,blr,38.461999999999996
2013,blr,38.293
2014,blr,37.887
2015,blr,39.56
2016,blr,45.515
2017,blr,46.758
2018,blr,47.137
2019,blr,48.553999999999995
2020,blr,49.81100000000001
1980,bel,76.688
1981,bel,89.55799999999999
1982,bel,99.492
1983,bel,110.13
1984,bel,114.449
1985,bel,119.21799999999999
1986,bel,124.493
1987,bel,129.04399999999998
1988,bel,129.502
1989,bel,126.228
1990,bel,130.122
1991,bel,131.61
1992,bel,134.49200000000002
1993,bel,138.72799999999998
1994,bel,136.888
1995,bel,131.1
1996,bel,128.485
1997,bel,123.777
1998,bel,118.76799999999999
1999,bel,114.656
2000,bel,109.069
2001,bel,107.795
2002,bel,104.905
2003,bel,101.25399999999999
2004,bel,96.64200000000001
2005,bel,94.75399999999999
2006,bel,90.774
2007,bel,86.90299999999999
2008,bel,92.24799999999999
2009,bel,99.275
2010,bel,99.56299999999999
2011,bel,102.14200000000001
2012,bel,103.985
2013,bel,104.55
2014,bel,105.6
2015,bel,106.568
2016,bel,106.175
2017,bel,104.885
2018,bel,102.91
2019,bel,100.331
2020,bel,97.36
2001,blz,82.375
2002,blz,87.64200000000001
2003,blz,100.34899999999999
2004,blz,97.72399999999999
2005,blz,95.89299999999999
2006,blz,90.632
2007,blz,85.976
2008,blz,79.75
2009,blz,83.663
2010,blz,83.212
2011,blz,79.393
2012,blz,74.977
2013,blz,75.277
2014,blz,76.314
2015,blz,75.742
2016,blz,95.62700000000001
2017,blz,91.91
2018,blz,90.35700000000001
2019,blz,89.346
2020,blz,88.26700000000001
2000,ben,58.925
2001,ben,55.67
2002,ben,45.753
2003,ben,35.073
2004,ben,32.811
2005,ben,40.641
2006,ben,12.495999999999999
2007,ben,21.166
2008,ben,26.901999999999997
2009,ben,27.298000000000002
2010,ben,30.225
2011,ben,31.86
2012,ben,29.171
2013,ben,29.816999999999997
2014,ben,30.866999999999997
2015,ben,32.314
2016,ben,34.374
2017,ben,36.113
2018,ben,37.509
2019,ben,36.984
2020,ben,35.44
1993,btn,62.373000000000005
1994,btn,55.104
1995,btn,40.141999999999996
1996,btn,38.171
1997,btn,34.164
1998,btn,37.71
1999,btn,40.64
2000,btn,45.613
2001,btn,54.235
2002,btn,59.784
2003,btn,74.62
2004,btn,78.616
2005,btn,84.539
2006,btn,82.46700000000001
2007,btn,75.973
2008,btn,58.576
2009,btn,70.693
2010,btn,57.486000000000004
2011,btn,68.566
2012,btn,72.21600000000001
2013,btn,89.22399999999999
2014,btn,107.51100000000001
2015,btn,115.891
2016,btn,122.506
2017,btn,122.60600000000001
2018,btn,117.07799999999999
2019,btn,116.986
2020,btn,119.647
2000,bol,66.891
2001,bol,59.957
2002,bol,69.14399999999999
2003,bol,74.066
2004,bol,89.56700000000001
2005,bol,80.375
2006,bol,55.23
2007,bol,40.506
2008,bol,37.155
2009,bol,39.992
2010,bol,38.52
2011,bol,34.687
2012,bol,33.357
2013,bol,32.562
2014,bol,32.409
2015,bol,36.301
2016,bol,40.209
2017,bol,41.548
2018,bol,42.76
2019,bol,43.445
2020,bol,43.8
1998,bih,54.379
1999,bih,56.02
2000,bih,34.675
2001,bih,35.218
2002,bih,31.188000000000002
2003,bih,27.625999999999998
2004,bih,25.478
2005,bih,25.506999999999998
2006,bih,21.241
2007,bih,18.706
2008,bih,30.888
2009,bih,35.751
2010,bih,39.056
2011,bih,39.721
2012,bih,43.56100000000001
2013,bih,41.52
2014,bih,44.906000000000006
2015,bih,46.618
2016,bih,46.49100000000001
2017,bih,45.578
2018,bih,43.621
2019,bih,40.394
2020,bih,37.082
1998,bwa,10.208
1999,bwa,8.868
2000,bwa,8.043
2001,bwa,8.934
2002,bwa,8.31
2003,bwa,11.693
2004,bwa,10.605
2005,bwa,7.367999999999999
2006,bwa,5.983
2007,bwa,8.212
2008,bwa,7.593999999999999
2009,bwa,17.965999999999998
2010,bwa,19.535
2011,bwa,20.067999999999998
2012,bwa,19.192
2013,bwa,17.628
2014,bwa,14.45
2015,bwa,12.732999999999999
2016,bwa,11.353
2017,bwa,10.073
2018,bwa,8.931000000000001
2019,bwa,7.928999999999999
2020,bwa,7.109
2000,bra,65.382
2001,bra,70.024
2002,bra,78.671
2003,bra,73.732
2004,bra,70.043
2005,bra,68.54899999999999
2006,bra,65.836
2007,bra,63.79600000000001
2008,bra,61.913000000000004
2009,bra,65.039
2010,bra,63.028999999999996
2011,bra,61.226000000000006
2012,bra,63.537
2013,bra,62.224
2014,bra,65.218
2015,bra,66.194
2016,bra,66.178
2017,bra,65.279
2018,bra,65.148
2019,bra,65.09899999999999
2020,bra,64.194
1985,brn,0.0
1986,brn,0.0
1987,brn,0.0
1988,brn,0.0
1989,brn,0.0
1990,brn,0.0
1991,brn,0.0
1992,brn,0.0
1993,brn,0.0
1994,brn,0.0
1995,brn,0.0
1996,brn,0.0
1997,brn,0.0
1998,brn,0.0
1999,brn,0.0
2000,brn,0.0
2001,brn,0.0
2002,brn,0.0
2003,brn,0.0
2004,brn,0.0
2005,brn,0.0
2006,brn,0.6579999999999999
2007,brn,0.758
2008,brn,1.044
2009,brn,1.23
2010,brn,1.2329999999999999
2011,brn,2.362
2012,brn,2.36
2013,brn,2.48
2014,brn,2.615
2015,brn,3.282
2016,brn,2.9530000000000003
2017,brn,2.7230000000000003
2018,brn,2.513
2019,brn,2.191
2020,brn,2.044
2000,bgr,72.748
2001,bgr,66.49600000000001
2002,bgr,53.598
2003,bgr,45.522
2004,bgr,38.11
2005,bgr,29.024
2006,bgr,23.099
2007,bgr,17.908
2008,bgr,15.023
2009,bgr,15.08
2010,bgr,14.648
2011,bgr,14.827
2012,bgr,17.082
2013,bgr,17.586
2014,bgr,26.9
2015,bgr,28.859
2016,bgr,30.749000000000002
2017,bgr,31.863000000000003
2018,bgr,32.219
2019,bgr,31.871
2020,bgr,30.953000000000003
2002,bfa,48.669
2003,bfa,44.619
2004,bfa,45.836000000000006
2005,bfa,44.092
2006,bfa,22.599
2007,bfa,25.331
2008,bfa,25.163
2009,bfa,28.494
2010,bfa,29.338
2011,bfa,29.804000000000002
2012,bfa,28.354
2013,bfa,28.769000000000002
2014,bfa,28.320999999999998
2015,bfa,30.570999999999998
2016,bfa,29.878
2017,bfa,31.48
2018,bfa,32.719
2019,bfa,34.22
2020,bfa,35.74
2000,bdi,136.41
2001,bdi,127.37200000000001
2002,bdi,159.07
2003,bdi,171.949
2004,bdi,172.717
2005,bdi,136.96200000000002
2006,bdi,130.255
2007,bdi,129.613
2008,bdi,102.515
2009,bdi,25.69
2010,bdi,40.284
2011,bdi,36.878
2012,bdi,36.323
2013,bdi,32.79
2014,bdi,30.541
2015,bdi,26.73
2016,bdi,24.449
2017,bdi,22.331
2018,bdi,20.352999999999998
2019,bdi,18.695999999999998
2020,bdi,17.53
2002,cpv,82.552
2003,cpv,81.359
2004,cpv,83.745
2005,cpv,85.339
2006,cpv,77.727
2007,cpv,64.98100000000001
2008,cpv,57.422
2009,cpv,65.175
2010,cpv,72.43
2011,cpv,78.814
2012,cpv,90.958
2013,cpv,99.50399999999999
2014,cpv,112.199
2015,cpv,121.081
2016,cpv,123.20299999999999
2017,cpv,122.986
2018,cpv,119.58
2019,cpv,112.896
2020,cpv,107.014
1996,khm,30.151
1997,khm,31.576
1998,khm,37.183
1999,khm,34.736999999999995
2000,khm,35.235
2001,khm,34.869
2002,khm,39.748000000000005
2003,khm,43.099
2004,khm,41.658
2005,khm,36.071999999999996
2006,khm,32.696999999999996
2007,khm,30.656
2008,khm,27.488000000000003
2009,khm,28.980999999999998
2010,khm,29.118000000000002
2011,khm,28.689
2012,khm,28.878
2013,khm,28.662
2014,khm,29.543000000000003
2015,khm,29.788
2016,khm,29.524
2017,khm,29.06
2018,khm,28.641
2019,khm,28.324
2020,khm,28.072
2000,cmr,82.991
2001,cmr,70.807
2002,cmr,64.295
2003,cmr,60.268
2004,cmr,61.622
2005,cmr,51.54600000000001
2006,cmr,15.863
2007,cmr,11.956
2008,cmr,9.715
2009,cmr,10.092
2010,cmr,11.527000000000001
2011,cmr,13.245
2012,cmr,15.429
2013,cmr,18.625
2014,cmr,23.932
2015,cmr,30.065
2016,cmr,33.615
2017,cmr,36.58
2018,cmr,38.814
2019,cmr,39.949
2020,cmr,40.747
1980,can,45.718999999999994
1981,can,47.022
1982,can,52.769
1983,can,58.513999999999996
1984,can,61.791000000000004
1985,can,66.997
1986,can,71.134
1987,can,71.585
1988,can,71.219
1989,can,72.385
1990,can,75.333
1991,can,82.49600000000001
1992,can,90.40299999999999
1993,can,96.507
1994,can,98.148
1995,can,100.73899999999999
1996,can,100.829
1997,can,95.859
1998,can,93.67
1999,can,89.506
2000,can,81.016
2001,can,82.15899999999999
2002,can,80.46300000000001
2003,can,76.578
2004,can,72.475
2005,can,71.185
2006,can,70.375
2007,can,66.71
2008,can,70.84100000000001
2009,can,83.001
2010,can,84.56200000000001
2011,can,85.333
2012,can,87.944
2013,can,87.65700000000001
2014,can,86.515
2015,can,86.993
2016,can,84.971
2017,can,83.066
2018,can,81.477
2019,can,80.051
2020,can,78.664
2000,caf,92.839
2001,caf,103.34
2002,caf,100.52799999999999
2003,caf,102.65700000000001
2004,caf,103.927
2005,caf,108.771
2006,caf,94.744
2007,caf,79.07300000000001
2008,caf,80.164
2009,caf,36.799
2010,caf,32.311
2011,caf,32.617
2012,caf,30.497
2013,caf,50.566
2014,caf,41.83
2015,caf,42.238
2016,caf,42.251999999999995
2017,caf,44.228
2018,caf,46.7
2019,caf,49.503
2020,caf,52.236999999999995
1999,tcd,59.398999999999994
2000,tcd,66.07600000000001
2001,tcd,56.266999999999996
2002,tcd,50.309
2003,tcd,41.005
2004,tcd,30.223000000000003
2005,tcd,25.64
2006,tcd,26.243000000000002
2007,tcd,22.15
2008,tcd,19.954
2009,tcd,31.668000000000003
2010,tcd,20.660999999999998
2011,tcd,20.711
2012,tcd,17.909000000000002
2013,tcd,18.658
2014,tcd,24.983
2015,tcd,23.677
2016,tcd,21.635
2017,tcd,18.991
2018,tcd,18.368
2019,tcd,17.538
2020,tcd,15.728
1990,chl,43.635
1991,chl,37.389
1992,chl,30.641
1993,chl,28.293000000000003
1994,chl,22.83
1995,chl,17.414
1996,chl,14.753
1997,chl,12.915
1998,chl,12.183
1999,chl,13.34
2000,chl,13.190999999999999
2001,chl,14.395
2002,chl,15.087
2003,chl,12.640999999999998
2004,chl,10.294
2005,chl,6.997000000000001
2006,chl,4.994
2007,chl,3.89
2008,chl,4.919
2009,chl,5.834
2010,chl,8.599
2011,chl,11.152000000000001
2012,chl,12.032
2013,chl,12.812999999999999
2014,chl,13.890999999999998
2015,chl,16.253
2016,chl,17.91
2017,chl,19.048
2018,chl,19.559
2019,chl,19.97
2020,chl,20.316
1995,chn,20.878
1996,chn,20.668000000000003
1997,chn,19.991
1998,chn,36.414
1999,chn,37.0
2000,chn,37.442
2001,chn,37.749
2002,chn,37.744
2003,chn,37.161
2004,chn,35.162
2005,chn,33.814
2006,chn,31.494
2007,chn,34.826
2008,chn,31.665
2009,chn,35.794000000000004
2010,chn,36.556
2011,chn,36.469
2012,chn,37.295
2013,chn,39.376
2014,chn,41.06100000000001
2015,chn,43.464
2016,chn,46.184
2017,chn,48.117
2018,chn,49.236000000000004
2019,chn,49.76
2020,chn,49.794
1996,col,23.335
1997,col,25.316
1998,col,27.513
1999,col,34.054
2000,col,37.742
2001,col,34.848
2002,col,37.589
2003,col,44.772
2004,col,41.401
2005,col,38.284
2006,col,35.663000000000004
2007,col,32.289
2008,col,31.866
2009,col,35.171
2010,col,37.010999999999996
2011,col,35.736999999999995
2012,col,32.022
2013,col,35.753
2014,col,38.015
2015,col,40.596
2016,col,40.099000000000004
2017,col,39.894
2018,col,39.33
2019,col,38.566
2020,col,37.567
2000,com,101.939
2001,com,89.705
2002,com,81.666
2003,com,74.824
2004,com,72.797
2005,com,67.52600000000001
2006,com,65.65100000000001
2007,com,61.794
2008,com,57.489
2009,com,53.527
2010,com,50.324
2011,com,46.132
2012,com,42.541000000000004
2013,com,18.146
2014,com,19.953
2015,com,19.757
2016,com,19.205
2017,com,18.577
2018,com,18.009
2019,com,15.888
2020,com,14.38
2000,cod,134.982
2001,cod,181.61700000000002
2002,cod,136.04
2003,cod,114.463
2004,cod,123.927
2005,cod,88.91
2006,cod,99.985
2007,cod,83.40700000000001
2008,cod,86.95299999999999
2009,cod,89.79700000000001
2010,cod,27.166
2011,cod,22.993000000000002
2012,cod,19.930999999999997
2013,cod,18.881
2014,cod,19.691
2015,cod,20.491999999999997
2016,cod,20.968000000000004
2017,cod,22.623
2018,cod,24.135
2019,cod,24.951999999999998
2020,cod,25.151999999999997
1990,cog,138.937
1991,cog,137.778
1992,cog,129.495
1993,cog,170.46400000000003
1994,cog,270.183
1995,cog,262.809
1996,cog,212.208
1997,cog,219.989
1998,cog,264.443
1999,cog,231.632
2000,cog,163.22299999999998
2001,cog,195.78400000000002
2002,cog,180.28900000000002
2003,cog,204.372
2004,cog,198.679
2005,cog,108.271
2006,cog,98.816
2007,cog,97.95700000000001
2008,cog,68.063
2009,cog,61.626000000000005
2010,cog,22.888
2011,cog,33.086999999999996
2012,cog,34.141
2013,cog,38.184
2014,cog,42.295
2015,cog,51.56399999999999
2016,cog,44.335
2017,cog,37.15
2018,cog,35.799
2019,cog,35.418
2020,cog,34.966
2000,cri,36.578
2001,cri,38.611
2002,cri,40.785
2003,cri,39.996
2004,cri,41.035
2005,cri,37.47
2006,cri,33.311
2007,cri,27.552
2008,cri,24.783
2009,cri,27.233
2010,cri,29.142
2011,cri,30.605
2012,cri,35.179
2013,cri,36.299
2014,cri,39.758
2015,cri,42.378
2016,cri,44.641000000000005
2017,cri,46.567
2018,cri,48.636
2019,cri,50.772
2020,cri,52.563
1997,civ,113.10700000000001
1998,civ,99.639
1999,civ,103.324
2000,civ,102.27
2001,civ,98.37899999999999
2002,civ,87.05799999999999
2003,civ,77.934
2004,civ,78.4
2005,civ,80.399
2006,civ,79.441
2007,civ,73.997
2008,civ,70.828
2009,civ,64.242
2010,civ,63.048
2011,civ,93.251
2012,civ,44.776
2013,civ,39.924
2014,civ,36.414
2015,civ,34.747
2016,civ,33.385999999999996
2017,civ,32.009
2018,civ,30.796999999999997
2019,civ,29.846999999999998
2020,civ,27.715999999999998
2002,hrv,35.091
2003,hrv,36.351
2004,hrv,38.324
2005,hrv,38.616
2006,hrv,36.053000000000004
2007,hrv,34.427
2008,hrv,36.025
2009,hrv,44.461999999999996
2010,hrv,52.763999999999996
2011,hrv,59.928000000000004
2012,hrv,64.446
2013,hrv,75.67699999999999
2014,hrv,80.926
2015,hrv,85.072
2016,hrv,87.196
2017,hrv,87.736
2018,hrv,87.31200000000001
2019,hrv,86.695
2020,hrv,86.01799999999999
1995,cyp,46.928000000000004
1996,cyp,49.498000000000005
1997,cyp,54.00899999999999
1998,cyp,59.146
1999,cyp,59.843999999999994
2000,cyp,56.29600000000001
2001,cyp,57.908
2002,cyp,61.411
2003,cyp,63.451
2004,cyp,65.275
2005,cyp,64.601
2006,cyp,59.64
2007,cyp,53.713
2008,cyp,44.692
2009,cyp,53.544
2010,cyp,56.496
2011,cyp,66.041
2012,cyp,79.495
2013,cyp,102.20700000000001
2014,cyp,107.10600000000001
2015,cyp,105.67
2016,cyp,111.04899999999999
2017,cyp,105.141
2018,cyp,100.316
2019,cyp,95.76799999999999
2020,cyp,91.36200000000001
1995,cze,13.581
1996,cze,11.591
1997,cze,12.142999999999999
1998,cze,13.933
1999,cze,15.202
2000,cze,17.025
2001,cze,22.823
2002,cze,25.980999999999998
2003,cze,27.425
2004,cze,27.726999999999997
2005,cze,27.176
2006,cze,27.034000000000002
2007,cze,26.709
2008,cze,27.503
2009,cze,33.129
2010,cze,36.786
2011,cze,39.361
2012,cze,43.854
2013,cze,43.762
2014,cze,41.595
2015,cze,41.989
2016,cze,41.968
2017,cze,41.411
2018,cze,40.93
2019,cze,40.396
2020,cze,39.773
1992,dnk,66.77
1993,dnk,78.627
1994,dnk,75.237
1995,dnk,71.393
1996,dnk,68.26100000000001
1997,dnk,64.278
1998,dnk,60.278999999999996
1999,dnk,56.763999999999996
2000,dnk,52.354
2001,dnk,48.508
2002,dnk,49.081
2003,dnk,46.15
2004,dnk,44.178999999999995
2005,dnk,37.399
2006,dnk,31.541
2007,dnk,27.339000000000002
2008,dnk,33.385999999999996
2009,dnk,40.368
2010,dnk,42.879
2011,dnk,46.409
2012,dnk,45.563
2013,dnk,45.118
2014,dnk,42.617
2015,dnk,43.871
2016,dnk,44.276
2017,dnk,44.31
2018,dnk,43.803000000000004
2019,dnk,42.841
2020,dnk,41.452
1999,dji,58.51
2000,dji,58.175
2001,dji,58.107
2002,dji,63.733999999999995
2003,dji,66.324
2004,dji,65.34899999999999
2005,dji,60.361000000000004
2006,dji,58.393
2007,dji,56.685
2008,dji,59.309
2009,dji,57.6
2010,dji,50.553000000000004
2011,dji,45.176
2012,dji,43.302
2013,dji,42.292
2014,dji,44.56399999999999
2015,dji,57.489
2016,dji,62.812
2017,dji,62.501999999999995
2018,dji,59.488
2019,dji,55.728
2020,dji,51.678000000000004
1990,dma,55.123999999999995
1991,dma,58.053999999999995
1992,dma,55.24
1993,dma,54.869
1994,dma,57.952
1995,dma,59.632
1996,dma,55.586000000000006
1997,dma,49.588
1998,dma,58.474
1999,dma,62.706
2000,dma,68.321
2001,dma,97.432
2002,dma,96.26899999999999
2003,dma,93.038
2004,dma,84.574
2005,dma,80.544
2006,dma,75.968
2007,dma,70.309
2008,dma,62.978
2009,dma,61.94
2010,dma,66.39
2011,dma,67.219
2012,dma,69.765
2013,dma,73.884
2014,dma,76.562
2015,dma,78.492
2016,dma,80.097
2017,dma,82.012
2018,dma,83.90799999999999
2019,dma,85.882
2020,dma,87.958
1997,dom,13.254000000000001
1998,dom,12.7
1999,dom,15.267999999999999
2000,dom,15.855
2001,dom,15.581
2002,dom,16.535999999999998
2003,dom,34.108000000000004
2004,dom,22.5
2005,dom,21.29
2006,dom,19.424
2007,dom,17.519000000000002
2008,dom,19.602999999999998
2009,dom,22.729
2010,dom,23.753
2011,dom,25.761
2012,dom,30.491
2013,dom,34.63
2014,dom,35.141999999999996
2015,dom,30.704
2016,dom,36.158
2017,dom,36.344
2018,dom,36.606
2019,dom,37.311
2020,dom,37.99
2001,ecu,61.956
2002,ecu,52.521
2003,ecu,44.871
2004,ecu,39.756
2005,ecu,35.022
2006,ecu,28.829
2007,ecu,27.197
2008,ecu,22.237
2009,ecu,16.37
2010,ecu,19.174
2011,ecu,18.368
2012,ecu,21.287
2013,ecu,24.177
2014,ecu,29.789
2015,ecu,34.306999999999995
2016,ecu,36.617
2017,ecu,37.736999999999995
2018,ecu,37.637
2019,ecu,36.3
2020,ecu,34.988
2002,egy,90.191
2003,egy,102.09299999999999
2004,egy,101.48
2005,egy,103.321
2006,egy,90.34700000000001
2007,egy,80.193
2008,egy,70.197
2009,egy,73.025
2010,egy,73.172
2011,egy,76.633
2012,egy,78.9
2013,egy,89.03299999999999
2014,egy,90.473
2015,egy,90.485
2016,egy,88.51799999999999
2017,egy,85.946
2018,egy,83.76899999999999
2019,egy,82.604
2020,egy,81.683
1992,slv,44.277
1993,slv,34.691
1994,slv,32.563
1995,slv,28.147
1996,slv,28.651999999999997
1997,slv,27.378
1998,slv,24.469
1999,slv,25.344
2000,slv,26.516
2001,slv,32.429
2002,slv,37.458
2003,slv,39.143
2004,slv,39.406
2005,slv,38.549
2006,slv,39.099000000000004
2007,slv,38.031
2008,slv,39.253
2009,slv,48.214
2010,slv,49.663999999999994
2011,slv,49.964
2012,slv,55.20399999999999
2013,slv,55.461999999999996
2014,slv,56.464
2015,slv,59.108999999999995
2016,slv,61.206
2017,slv,63.101000000000006
2018,slv,65.059
2019,slv,67.385
2020,slv,69.89399999999999
1980,gnq,142.24200000000002
1981,gnq,215.04
1982,gnq,253.56
1983,gnq,252.218
1984,gnq,250.905
1985,gnq,178.747
1986,gnq,148.308
1987,gnq,137.464
1988,gnq,150.291
1989,gnq,181.925
1990,gnq,152.72299999999998
1991,gnq,164.84400000000002
1992,gnq,133.138
1993,gnq,148.415
1994,gnq,210.084
1995,gnq,133.142
1996,gnq,88.699
1997,gnq,45.0
1998,gnq,57.618
1999,gnq,58.82899999999999
2000,gnq,33.131
2001,gnq,23.28
2002,gnq,20.04
2003,gnq,10.035
2004,gnq,5.94
2005,gnq,2.878
2006,gnq,1.569
2007,gnq,1.013
2008,gnq,0.5770000000000001
2009,gnq,7.209
2010,gnq,11.187999999999999
2011,gnq,7.7010000000000005
2012,gnq,10.171
2013,gnq,8.986
2014,gnq,7.564
2015,gnq,23.621
2016,gnq,28.226
2017,gnq,27.498
2018,gnq,25.78
2019,gnq,23.256999999999998
2020,gnq,20.544
2000,eri,159.379
2001,eri,173.53799999999998
2002,eri,177.082
2003,eri,192.03
2004,eri,140.765
2005,eri,156.215
2006,eri,151.644
2007,eri,156.656
2008,eri,174.915
2009,eri,144.602
2010,eri,143.765
2011,eri,133.016
2012,eri,125.76799999999999
2013,eri,125.999
2014,eri,125.32799999999999
2015,eri,129.239
2016,eri,127.699
2017,eri,129.036
2018,eri,128.898
2019,eri,127.171
2020,eri,136.356
1995,est,8.942
1996,est,7.372999999999999
1997,est,6.146
1998,est,5.462000000000001
1999,est,5.976
2000,est,5.115
2001,est,4.789
2002,est,5.7410000000000005
2003,est,5.63
2004,est,5.013999999999999
2005,est,4.54
2006,est,4.37
2007,est,3.6460000000000004
2008,est,4.466
2009,est,7.0120000000000005
2010,est,6.537999999999999
2011,est,6.0729999999999995
2012,est,9.705
2013,est,10.073
2014,est,9.666
2015,est,10.127
2016,est,10.01
2017,est,9.777000000000001
2018,est,9.542
2019,est,9.307
2020,est,9.032
1992,eth,88.236
1993,eth,141.445
1994,eth,155.694
1995,eth,147.08
1996,eth,133.252
1997,eth,80.01
1998,eth,88.87299999999999
1999,eth,97.39299999999999
2000,eth,96.749
2001,eth,98.73100000000001
2002,eth,114.911
2003,eth,114.45700000000001
2004,eth,104.789
2005,eth,75.413
2006,eth,38.683
2007,eth,36.558
2008,eth,30.23
2009,eth,24.895
2010,eth,27.433000000000003
2011,eth,25.735
2012,eth,20.936999999999998
2013,eth,21.554000000000002
2014,eth,21.862
2015,eth,21.706
2016,eth,21.842
2017,eth,22.576999999999998
2018,eth,23.291999999999998
2019,eth,23.883000000000003
2020,eth,24.334
1992,fji,36.885
1993,fji,36.885
1994,fji,36.988
1995,fji,36.032
1996,fji,53.698
1997,fji,58.323
1998,fji,40.059
1999,fji,37.084
2000,fji,40.282
2001,fji,44.794
2002,fji,47.371
2003,fji,49.021
2004,fji,48.657
2005,fji,49.089
2006,fji,59.89
2007,fji,51.387
2008,fji,51.43
2009,fji,55.797
2010,fji,56.158
2011,fji,54.481
2012,fji,53.25899999999999
2013,fji,51.412
2014,fji,49.525
2015,fji,49.141000000000005
2016,fji,48.468
2017,fji,47.857
2018,fji,47.22
2019,fji,46.556999999999995
2020,fji,45.93899999999999
1980,fin,10.43
1981,fin,11.061
1982,fin,13.261
1983,fin,14.753
1984,fin,14.575999999999999
1985,fin,15.23
1986,fin,15.82
1987,fin,16.984
1988,fin,15.915
1989,fin,13.757
1990,fin,13.337
1991,fin,21.105999999999998
1992,fin,37.934
1993,fin,52.25899999999999
1994,fin,54.482
1995,fin,53.505
1996,fin,53.702
1997,fin,50.938
1998,fin,45.891999999999996
1999,fin,44.00899999999999
2000,fin,42.486000000000004
2001,fin,40.946999999999996
2002,fin,40.17
2003,fin,42.738
2004,fin,42.648
2005,fin,39.937
2006,fin,38.059
2007,fin,33.885999999999996
2008,fin,32.53
2009,fin,41.548
2010,fin,46.575
2011,fin,48.527
2012,fin,52.85
2013,fin,55.733999999999995
2014,fin,59.626999999999995
2015,fin,61.718999999999994
2016,fin,62.82
2017,fin,63.225
2018,fin,63.16
2019,fin,62.651
2020,fin,61.903999999999996
1980,fra,20.763
1981,fra,21.518
1982,fra,25.274
1983,fra,26.576999999999998
1984,fra,28.958000000000002
1985,fra,30.545
1986,fra,31.13
1987,fra,33.46
1988,fra,33.385999999999996
1989,fra,34.155
1990,fra,35.282
1991,fra,36.14
1992,fra,39.812
1993,fra,46.081
1994,fra,49.328
1995,fra,55.455
1996,fra,59.367
1997,fra,60.781000000000006
1998,fra,60.842
1999,fra,60.015
2000,fra,58.433
2001,fra,57.943000000000005
2002,fra,59.84
2003,fra,63.946999999999996
2004,fra,65.515
2005,fra,67.00399999999999
2006,fra,64.243
2007,fra,64.189
2008,fra,67.851
2009,fra,78.762
2010,fra,81.457
2011,fra,84.95200000000001
2012,fra,89.228
2013,fra,92.417
2014,fra,95.14
2015,fra,97.01
2016,fra,98.065
2017,fra,97.934
2018,fra,96.944
2019,fra,94.91
2020,fra,92.10600000000001
1990,gab,86.83
1991,gab,86.20700000000001
1992,gab,84.781
1993,gab,86.96700000000001
1994,gab,68.76
1995,gab,70.781
1996,gab,62.28
1997,gab,55.035
1998,gab,84.506
1999,gab,70.517
2000,gab,69.94800000000001
2001,gab,78.133
2002,gab,77.594
2003,gab,66.97
2004,gab,58.407
2005,gab,49.093
2006,gab,38.689
2007,gab,39.762
2008,gab,16.114
2009,gab,23.559
2010,gab,18.564
2011,gab,16.257
2012,gab,21.057
2013,gab,26.973000000000003
2014,gab,27.785
2015,gab,33.719
2016,gab,35.128
2017,gab,33.324
2018,gab,32.986999999999995
2019,gab,32.751999999999995
2020,gab,31.695999999999998
2000,gmb,121.73700000000001
2001,gmb,125.027
2002,gmb,156.014
2003,gmb,152.389
2004,gmb,135.12
2005,gmb,135.995
2006,gmb,140.55100000000002
2007,gmb,60.909
2008,gmb,63.922
2009,gmb,62.583
2010,gmb,69.639
2011,gmb,77.274
2012,gmb,76.955
2013,gmb,83.323
2014,gmb,100.196
2015,gmb,100.01
2016,gmb,90.795
2017,gmb,84.537
2018,gmb,77.976
2019,gmb,72.12100000000001
2020,gmb,66.53699999999999
2003,geo,48.232
2004,geo,38.677
2005,geo,30.528000000000002
2006,geo,24.195999999999998
2007,geo,19.212
2008,geo,23.561
2009,geo,30.913
2010,geo,33.698
2011,geo,29.769000000000002
2012,geo,30.006999999999998
2013,geo,32.181999999999995
2014,geo,35.088
2015,geo,42.434
2016,geo,42.733000000000004
2017,geo,41.625
2018,geo,40.144
2019,geo,38.573
2020,geo,35.806999999999995
1991,deu,38.442
1992,deu,40.856
1993,deu,44.415
1994,deu,46.708
1995,deu,54.145
1996,deu,56.957
1997,deu,58.17100000000001
1998,deu,58.824
1999,deu,59.903
2000,deu,58.736999999999995
2001,deu,57.528999999999996
2002,deu,59.169
2003,deu,62.92
2004,deu,64.59899999999999
2005,deu,66.801
2006,deu,66.26
2007,deu,63.458999999999996
2008,deu,64.903
2009,deu,72.393
2010,deu,80.251
2011,deu,77.642
2012,deu,79.044
2013,deu,76.86399999999999
2014,deu,73.112
2015,deu,69.49600000000001
2016,deu,66.626
2017,deu,64.11399999999999
2018,deu,61.638000000000005
2019,deu,59.2
2020,deu,56.854
1990,gha,31.979
1991,gha,27.7
1992,gha,33.468
1993,gha,55.813
1994,gha,86.46700000000001
1995,gha,95.147
1996,gha,78.419
1997,gha,75.33800000000001
1998,gha,66.443
1999,gha,86.689
2000,gha,123.346
2001,gha,101.50399999999999
2002,gha,86.66
2003,gha,82.81299999999999
2004,gha,57.333
2005,gha,48.034
2006,gha,26.191999999999997
2007,gha,31.006
2008,gha,33.395
2009,gha,36.227
2010,gha,46.468
2011,gha,42.552
2012,gha,49.076
2013,gha,55.089
2014,gha,67.555
2015,gha,69.579
2016,gha,67.507
2017,gha,62.597
2018,gha,58.568999999999996
2019,gha,56.113
2020,gha,53.766000000000005
1980,grc,21.166
1981,grc,25.068
1982,grc,27.538
1983,grc,31.561
1984,grc,37.64
1985,grc,43.803999999999995
1986,grc,44.293
1987,grc,49.246
1988,grc,53.62
1989,grc,56.205
1990,grc,68.734
1991,grc,70.17
1992,grc,75.135
1993,grc,94.228
1994,grc,92.35600000000001
1995,grc,93.008
1996,grc,94.46
1997,grc,91.598
1998,grc,89.04899999999999
1999,grc,88.351
2000,grc,99.463
2001,grc,99.92200000000001
2002,grc,98.11399999999999
2003,grc,94.094
2004,grc,94.89399999999999
2005,grc,98.126
2006,grc,102.926
2007,grc,102.77799999999999
2008,grc,108.75200000000001
2009,grc,126.22
2010,grc,145.668
2011,grc,170.96
2012,grc,156.494
2013,grc,174.94799999999998
2014,grc,177.188
2015,grc,172.726
2016,grc,162.365
2017,grc,151.767
2018,grc,142.091
2019,grc,132.912
2020,grc,124.245
1991,grd,43.223
1992,grd,40.914
1993,grd,46.349
1994,grd,46.651
1995,grd,43.946000000000005
1996,grd,44.59
1997,grd,41.803999999999995
1998,grd,40.375
1999,grd,34.518
2000,grd,41.626000000000005
2001,grd,44.608000000000004
2002,grd,79.09
2003,grd,79.562
2004,grd,94.694
2005,grd,88.10600000000001
2006,grd,93.792
2007,grd,89.93700000000001
2008,grd,84.803
2009,grd,92.14200000000001
2010,grd,98.09
2011,grd,101.195
2012,grd,104.501
2013,grd,107.99
2014,grd,107.20299999999999
2015,grd,107.111
2016,grd,102.711
2017,grd,98.47399999999999
2018,grd,93.944
2019,grd,89.565
2020,grd,85.178
2000,gtm,19.015
2001,gtm,20.187
2002,gtm,18.35
2003,gtm,20.892
2004,gtm,21.425
2005,gtm,20.756999999999998
2006,gtm,21.651
2007,gtm,21.34
2008,gtm,20.125999999999998
2009,gtm,22.918000000000003
2010,gtm,24.099
2011,gtm,23.679000000000002
2012,gtm,24.336
2013,gtm,24.596999999999998
2014,gtm,23.74
2015,gtm,24.561
2016,gtm,25.25
2017,gtm,25.705
2018,gtm,26.066999999999997
2019,gtm,26.381
2020,gtm,26.64
1990,gin,99.62700000000001
1991,gin,98.586
1992,gin,86.265
1993,gin,95.88
1994,gin,99.175
1995,gin,92.571
1996,gin,92.986
1997,gin,93.48299999999999
1998,gin,105.865
1999,gin,127.874
2000,gin,118.726
2001,gin,113.42
2002,gin,103.55
2003,gin,112.64
2004,gin,119.755
2005,gin,150.231
2006,gin,138.437
2007,gin,90.28200000000001
2008,gin,90.15799999999999
2009,gin,89.325
2010,gin,99.63799999999999
2011,gin,77.77
2012,gin,35.435
2013,gin,39.455
2014,gin,37.444
2015,gin,35.396
2016,gin,30.545
2017,gin,25.73
2018,gin,21.625999999999998
2019,gin,18.486
2020,gin,14.603
2000,gnb,228.89
2001,gnb,214.838
2002,gnb,220.563
2003,gnb,212.59799999999998
2004,gnb,220.56099999999998
2005,gnb,221.94099999999997
2006,gnb,204.044
2007,gnb,177.303
2008,gnb,163.405
2009,gnb,159.174
2010,gnb,52.907
2011,gnb,49.553000000000004
2012,gnb,54.138000000000005
2013,gnb,57.699
2014,gnb,61.007
2015,gnb,63.787
2016,gnb,57.35
2017,gnb,57.162
2018,gnb,56.096000000000004
2019,gnb,54.961000000000006
2020,gnb,47.035
1997,guy,130.208
1998,guy,135.74
1999,guy,121.065
2000,guy,120.19
2001,guy,129.66
2002,guy,133.745
2003,guy,121.251
2004,guy,118.64399999999999
2005,guy,116.075
2006,guy,94.15700000000001
2007,guy,59.885
2008,guy,61.648
2009,guy,64.814
2010,guy,65.185
2011,guy,65.16199999999999
2012,guy,62.475
2013,guy,57.32
2014,guy,65.806
2015,guy,70.645
2016,guy,71.075
2017,guy,72.137
2018,guy,72.476
2019,guy,71.829
2020,guy,70.432
1997,hti,43.94
1998,hti,40.53
1999,hti,39.916
2000,hti,55.483999999999995
2001,hti,49.598
2002,hti,54.41
2003,hti,62.167
2004,hti,54.63
2005,hti,47.79600000000001
2006,hti,39.611999999999995
2007,hti,35.014
2008,hti,38.282
2009,hti,28.023000000000003
2010,hti,17.528
2011,hti,11.978
2012,hti,16.633
2013,hti,21.548000000000002
2014,hti,26.706999999999997
2015,hti,27.574
2016,hti,28.586
2017,hti,29.34
2018,hti,30.338
2019,hti,31.046999999999997
2020,hti,31.392
2000,hnd,67.672
2001,hnd,65.263
2002,hnd,66.118
2003,hnd,69.729
2004,hnd,62.678000000000004
2005,hnd,57.225
2006,hnd,40.343
2007,hnd,24.721
2008,hnd,22.973000000000003
2009,hnd,27.51
2010,hnd,30.663
2011,hnd,32.007
2012,hnd,34.661
2013,hnd,45.277
2014,hnd,46.145
2015,hnd,48.31399999999999
2016,hnd,49.693000000000005
2017,hnd,50.126999999999995
2018,hnd,49.596000000000004
2019,hnd,48.908
2020,hnd,47.848
2001,hkg,3.218
2002,hkg,3.475
2003,hkg,3.59
2004,hkg,5.73
2005,hkg,5.278
2006,hkg,4.822
2007,hkg,4.545
2008,hkg,3.9939999999999998
2009,hkg,4.8660000000000005
2010,hkg,5.797000000000001
2011,hkg,6.444
2012,hkg,7.08
2013,hkg,6.986000000000001
2014,hkg,6.942
2015,hkg,6.3660000000000005
2016,hkg,6.193
2017,hkg,6.01
2018,hkg,5.825
2019,hkg,5.646
2020,hkg,5.483
1997,hun,61.006
1998,hun,59.111000000000004
1999,hun,60.006
2000,hun,54.839
2001,hun,51.791000000000004
2002,hun,54.918
2003,hun,57.681000000000004
2004,hun,58.73
2005,hun,60.823
2006,hun,64.923
2007,hun,65.845
2008,hun,71.877
2009,hun,78.12100000000001
2010,hun,80.898
2011,hun,81.044
2012,hun,78.51100000000001
2013,hun,77.346
2014,hun,76.892
2015,hun,75.476
2016,hun,74.684
2017,hun,73.878
2018,hun,73.182
2019,hun,72.431
2020,hun,71.806
1980,isl,0.0
1981,isl,0.0
1982,isl,29.019000000000002
1983,isl,30.699
1984,isl,32.368
1985,isl,31.92
1986,isl,29.706
1987,isl,27.217
1988,isl,30.43
1989,isl,35.058
1990,isl,35.282
1991,isl,37.395
1992,isl,45.043
1993,isl,51.758
1994,isl,54.217
1995,isl,57.413999999999994
1996,isl,54.835
1997,isl,51.699
1998,isl,43.503
1999,isl,39.004
2000,isl,37.46
2001,isl,42.696000000000005
2002,isl,39.546
2003,isl,38.358000000000004
2004,isl,32.966
2005,isl,24.498
2006,isl,29.198
2007,isl,27.14
2008,isl,67.296
2009,isl,83.071
2010,isl,88.105
2011,isl,95.12299999999999
2012,isl,92.781
2013,isl,85.70100000000001
2014,isl,82.071
2015,isl,73.8
2016,isl,68.693
2017,isl,64.445
2018,isl,60.78
2019,isl,57.376000000000005
2020,isl,53.982
1991,ind,75.332
1992,ind,74.439
1993,ind,76.97800000000001
1994,ind,73.464
1995,ind,69.654
1996,ind,65.977
1997,ind,67.818
1998,ind,68.09
1999,ind,70.039
2000,ind,73.649
2001,ind,78.72800000000001
2002,ind,82.85
2003,ind,84.243
2004,ind,83.289
2005,ind,80.89399999999999
2006,ind,77.108
2007,ind,74.027
2008,ind,74.536
2009,ind,72.527
2010,ind,67.458
2011,ind,68.096
2012,ind,67.45100000000001
2013,ind,65.53
2014,ind,64.958
2015,ind,64.399
2016,ind,63.343
2017,ind,62.427
2018,ind,61.376999999999995
2019,ind,60.256
2020,ind,59.193000000000005
2000,idn,87.43700000000001
2001,idn,73.702
2002,idn,62.339
2003,idn,55.643
2004,idn,51.328
2005,idn,42.611999999999995
2006,idn,35.848
2007,idn,32.333
2008,idn,30.252
2009,idn,26.483
2010,idn,24.525
2011,idn,23.105999999999998
2012,idn,22.96
2013,idn,24.903000000000002
2014,idn,25.026999999999997
2015,idn,25.918000000000003
2016,idn,25.747
2017,idn,25.601999999999997
2018,idn,25.165
2019,idn,24.706
2020,idn,24.184
1996,irn,16.367
1997,irn,15.242
1998,irn,17.410999999999998
1999,irn,13.199000000000002
2000,irn,12.161
2001,irn,11.686
2002,irn,21.775
2003,irn,19.6
2004,irn,16.712
2005,irn,13.559000000000001
2006,irn,12.462
2007,irn,12.033
2008,irn,9.282
2009,irn,10.425
2010,irn,12.173
2011,irn,8.927
2012,irn,11.192
2013,irn,11.142000000000001
2014,irn,12.165999999999999
2015,irn,11.880999999999998
2016,irn,11.866
2017,irn,11.739
2018,irn,11.367
2019,irn,10.802
2020,irn,10.139
2004,irq,344.31699999999995
2005,irq,227.345
2006,irq,143.165
2007,irq,117.085
2008,irq,74.168
2009,irq,87.375
2010,irq,53.233999999999995
2011,irq,40.571999999999996
2012,irq,34.584
2013,irq,32.103
2014,irq,37.022
2015,irq,55.553000000000004
2016,irq,56.155
2017,irq,48.604
2018,irq,42.071000000000005
2019,irq,36.644
2020,irq,30.392
1980,irl,64.76899999999999
1981,irl,68.96
1982,irl,73.641
1983,irl,86.37
1984,irl,90.46600000000001
1985,irl,93.2
1986,irl,107.509
1987,irl,108.545
1988,irl,106.78399999999999
1989,irl,98.17399999999999
1990,irl,92.897
1991,irl,94.006
1992,irl,90.802
1993,irl,93.611
1994,irl,88.24799999999999
1995,irl,78.71600000000001
1996,irl,70.02199999999999
1997,irl,61.728
1998,irl,53.138999999999996
1999,irl,46.721000000000004
2000,irl,36.266
2001,irl,33.437
2002,irl,30.73
2003,irl,30.072
2004,irl,28.337
2005,irl,26.206
2006,irl,23.776
2007,irl,23.965
2008,irl,42.598
2009,irl,62.18600000000001
2010,irl,87.40899999999999
2011,irl,111.149
2012,irl,121.69
2013,irl,123.318
2014,irl,109.464
2015,irl,107.745
2016,irl,104.90799999999999
2017,irl,101.54299999999999
2018,irl,97.20700000000001
2019,irl,93.52799999999999
2020,irl,89.682
2000,isr,80.119
2001,isr,84.419
2002,isr,91.098
2003,isr,93.88
2004,isr,92.223
2005,isr,88.926
2006,isr,80.959
2007,isr,73.902
2008,isr,72.655
2009,isr,75.01899999999999
2010,isr,71.07300000000001
2011,isr,69.652
2012,isr,68.312
2013,isr,67.624
2014,isr,68.822
2015,isr,68.964
2016,isr,68.98100000000001
2017,isr,68.663
2018,isr,67.758
2019,isr,66.37100000000001
2020,isr,64.8
1988,ita,82.477
1989,ita,84.785
1990,ita,87.637
1991,ita,90.73700000000001
1992,ita,97.336
1993,ita,106.934
1994,ita,112.728
1995,ita,108.65
1996,ita,117.669
1997,ita,113.384
1998,ita,110.766
1999,ita,109.615
2000,ita,105.068
2001,ita,104.68799999999999
2002,ita,101.88
2003,ita,100.441
2004,ita,100.044
2005,ita,101.89399999999999
2006,ita,102.51
2007,ita,99.729
2008,ita,102.34100000000001
2009,ita,112.464
2010,ita,115.29299999999999
2011,ita,116.4
2012,ita,123.206
2013,ita,128.605
2014,ita,132.109
2015,ita,133.76
2016,ita,132.86700000000002
2017,ita,131.107
2018,ita,128.709
2019,ita,125.734
2020,ita,122.38
1999,jam,82.755
2000,jam,91.809
2001,jam,108.008
2002,jam,118.402
2003,jam,123.095
2004,jam,119.93700000000001
2005,jam,119.26299999999999
2006,jam,117.154
2007,jam,114.515
2008,jam,127.015
2009,jam,141.857
2010,jam,143.414
2011,jam,141.72
2012,jam,146.512
2013,jam,141.615
2014,jam,140.643
2015,jam,132.822
2016,jam,127.273
2017,jam,119.743
2018,jam,111.427
2019,jam,103.382
2020,jam,95.537
1980,jpn,52.371
1981,jpn,57.199
1982,jpn,61.3
1983,jpn,67.066
1984,jpn,68.62899999999999
1985,jpn,68.964
1986,jpn,72.337
1987,jpn,74.952
1988,jpn,72.775
1989,jpn,69.617
1990,jpn,69.35300000000001
1991,jpn,68.781
1992,jpn,73.675
1993,jpn,79.929
1994,jpn,86.21799999999999
1995,jpn,95.07
1996,jpn,102.294
1997,jpn,109.104
1998,jpn,121.632
1999,jpn,135.609
2000,jpn,143.778
2001,jpn,153.635
2002,jpn,163.99200000000002
2003,jpn,169.572
2004,jpn,180.657
2005,jpn,186.43599999999998
2006,jpn,185.997
2007,jpn,183.012
2008,jpn,191.812
2009,jpn,210.247
2010,jpn,215.952
2011,jpn,229.83599999999998
2012,jpn,236.75900000000001
2013,jpn,242.59400000000002
2014,jpn,246.42
2015,jpn,246.137
2016,jpn,246.958
2017,jpn,248.577
2018,jpn,249.548
2019,jpn,250.709
2020,jpn,251.59
1988,jor,177.532
1989,jor,211.57299999999998
1990,jor,219.734
1991,jor,200.63099999999997
1992,jor,149.749
1993,jor,136.95
1994,jor,126.287
1995,jor,114.93799999999999
1996,jor,113.829
1997,jor,106.646
1998,jor,109.708
1999,jor,108.01299999999999
2000,jor,100.479
2001,jor,96.478
2002,jor,99.719
2003,jor,99.64399999999999
2004,jor,91.823
2005,jor,84.30799999999999
2006,jor,76.33
2007,jor,73.77
2008,jor,60.244
2009,jor,64.775
2010,jor,67.113
2011,jor,70.729
2012,jor,80.173
2013,jor,86.678
2014,jor,89.331
2015,jor,90.68299999999999
2016,jor,88.363
2017,jor,85.23700000000001
2018,jor,81.062
2019,jor,77.307
2020,jor,74.116
2002,kaz,17.592
2003,kaz,14.962
2004,kaz,11.392000000000001
2005,kaz,8.099
2006,kaz,6.667000000000001
2007,kaz,5.874
2008,kaz,6.766
2009,kaz,10.227
2010,kaz,10.683
2011,kaz,10.408
2012,kaz,12.392000000000001
2013,kaz,12.860999999999999
2014,kaz,15.122
2015,kaz,17.23
2016,kaz,19.122
2017,kaz,21.291999999999998
2018,kaz,24.575
2019,kaz,27.309
2020,kaz,29.897
1998,ken,54.251999999999995
1999,ken,53.316
2000,ken,52.23
2001,ken,56.218
2002,ken,61.843999999999994
2003,ken,60.133
2004,ken,53.795
2005,ken,48.343
2006,ken,43.975
2007,ken,38.372
2008,ken,41.468999999999994
2009,ken,41.095
2010,ken,44.403
2011,ken,43.048
2012,ken,40.812
2013,ken,42.244
2014,ken,48.604
2015,ken,50.08
2016,ken,50.781000000000006
2017,ken,50.268
2018,ken,49.43
2019,ken,48.352
2020,ken,47.284
1988,kir,2.184
1989,kir,4.581
1990,kir,7.091
1991,kir,7.341
1992,kir,9.354
1993,kir,13.693
1994,kir,15.038
1995,kir,15.034
1996,kir,13.42
1997,kir,12.785
1998,kir,11.193
1999,kir,13.239
2000,kir,11.850999999999999
2001,kir,15.395999999999999
2002,kir,11.532
2003,kir,10.774000000000001
2004,kir,11.985
2005,kir,10.534
2006,kir,11.517000000000001
2007,kir,9.97
2008,kir,12.525
2009,kir,9.447000000000001
2010,kir,10.937000000000001
2011,kir,8.064
2012,kir,7.412999999999999
2013,kir,8.092
2014,kir,7.992999999999999
2015,kir,8.872
2016,kir,11.593
2017,kir,12.364
2018,kir,13.052999999999999
2019,kir,13.624
2020,kir,14.06
1990,kor,13.369000000000002
1991,kor,12.479000000000001
1992,kor,12.207
1993,kor,11.408
1994,kor,10.129
1995,kor,8.945
1996,kor,8.243
1997,kor,10.245
1998,kor,14.668
1999,kor,16.748
2000,kor,17.114
2001,kor,17.702
2002,kor,17.551
2003,kor,20.449
2004,kor,23.250999999999998
2005,kor,26.959
2006,kor,29.272
2007,kor,28.651
2008,kor,27.980999999999998
2009,kor,31.224
2010,kor,30.999000000000002
2011,kor,31.728
2012,kor,32.316
2013,kor,33.903
2014,kor,35.716
2015,kor,36.898
2016,kor,38.101
2017,kor,38.657
2018,kor,38.782
2019,kor,38.453
2020,kor,37.8
2007,uvk,24.813000000000002
2008,uvk,21.201999999999998
2009,uvk,17.402
2010,uvk,15.952
2011,uvk,14.453
2012,uvk,16.829
2013,uvk,17.171
2014,uvk,19.055
2015,uvk,20.605
2016,uvk,22.406
2017,uvk,24.35
2018,uvk,26.565
2019,uvk,28.767
2020,uvk,30.663
1990,kwt,1.093
1991,kwt,203.364
1992,kwt,121.848
1993,kwt,113.00200000000001
1994,kwt,114.334
1995,kwt,91.27799999999999
1996,kwt,59.108000000000004
1997,kwt,59.198
1998,kwt,59.498000000000005
1999,kwt,50.823
2000,kwt,35.429
2001,kwt,36.43
2002,kwt,32.333
2003,kwt,24.615
2004,kwt,18.616
2005,kwt,14.137
2006,kwt,10.57
2007,kwt,11.832
2008,kwt,9.57
2009,kwt,11.047
2010,kwt,11.339
2011,kwt,8.545
2012,kwt,6.789
2013,kwt,6.541
2014,kwt,7.138
2015,kwt,9.459
2016,kwt,8.816
2017,kwt,8.347999999999999
2018,kwt,8.015
2019,kwt,7.72
2020,kwt,7.442
2000,kgz,122.272
2001,kgz,107.315
2002,kgz,106.866
2003,kgz,106.896
2004,kgz,92.90899999999999
2005,kgz,85.94
2006,kgz,72.499
2007,kgz,56.805
2008,kgz,48.458
2009,kgz,58.067
2010,kgz,59.726000000000006
2011,kgz,49.38
2012,kgz,48.975
2013,kgz,46.102
2014,kgz,53.035
2015,kgz,58.812
2016,kgz,61.155
2017,kgz,60.963
2018,kgz,57.743
2019,kgz,54.9
2020,kgz,53.453
2001,lao,109.95
2002,lao,110.62799999999999
2003,lao,104.63799999999999
2004,lao,93.617
2005,lao,84.969
2006,lao,71.888
2007,lao,64.23100000000001
2008,lao,60.343999999999994
2009,lao,63.20399999999999
2010,lao,62.095
2011,lao,56.902
2012,lao,62.191
2013,lao,60.126999999999995
2014,lao,62.508
2015,lao,63.038000000000004
2016,lao,65.367
2017,lao,67.01899999999999
2018,lao,67.395
2019,lao,69.324
2020,lao,70.828
1999,lva,11.95
2000,lva,12.232000000000001
2001,lva,13.978
2002,lva,13.17
2003,lva,13.913
2004,lva,13.731
2005,lva,11.152999999999999
2006,lva,9.179
2007,lva,7.242999999999999
2008,lva,16.13
2009,lva,32.345
2010,lva,39.796
2011,lva,37.496
2012,lva,36.484
2013,lva,35.165
2014,lva,37.792
2015,lva,37.676
2016,lva,36.961
2017,lva,36.608000000000004
2018,lva,35.048
2019,lva,33.455999999999996
2020,lva,31.906
2000,lbn,146.106
2001,lbn,160.91299999999998
2002,lbn,160.947
2003,lbn,169.03
2004,lbn,171.183
2005,lbn,180.699
2006,lbn,185.188
2007,lbn,171.023
2008,lbn,163.092
2009,lbn,145.566
2010,lbn,138.391
2011,lbn,133.888
2012,lbn,130.803
2013,lbn,133.36
2014,lbn,134.41
2015,lbn,131.815
2016,lbn,134.768
2017,lbn,137.362
2018,lbn,140.10399999999998
2019,lbn,141.74200000000002
2020,lbn,143.49
1988,lso,26.203000000000003
1989,lso,28.346999999999998
1990,lso,20.033
1991,lso,13.455
1992,lso,72.768
1993,lso,80.70100000000001
1994,lso,76.735
1995,lso,72.789
1996,lso,80.952
1997,lso,75.04899999999999
1998,lso,92.074
1999,lso,95.412
2000,lso,101.18799999999999
2001,lso,126.09200000000001
2002,lso,93.359
2003,lso,62.645
2004,lso,55.715
2005,lso,60.263000000000005
2006,lso,62.585
2007,lso,58.163000000000004
2008,lso,50.418
2009,lso,37.61
2010,lso,36.161
2011,lso,38.787
2012,lso,40.85
2013,lso,42.022
2014,lso,45.883
2015,lso,48.681000000000004
2016,lso,49.516000000000005
2017,lso,50.827
2018,lso,52.971000000000004
2019,lso,56.55
2020,lso,59.496
2000,lbr,613.107
2001,lbr,609.4019999999999
2002,lbr,607.464
2003,lbr,786.438
2004,lbr,712.221
2005,lbr,640.306
2006,lbr,591.224
2007,lbr,480.92199999999997
2008,lbr,308.06
2009,lbr,172.419
2010,lbr,32.084
2011,lbr,28.514
2012,lbr,25.993000000000002
2013,lbr,26.565
2014,lbr,33.242
2015,lbr,40.199
2016,lbr,42.588
2017,lbr,43.753
2018,lbr,43.292
2019,lbr,41.83
2020,lbr,39.416
1990,lby,73.47800000000001
1991,lby,66.965
1992,lby,64.771
1993,lby,66.37100000000001
1994,lby,63.37
1995,lby,61.588
1996,lby,69.332
1997,lby,65.63
1998,lby,69.858
1999,lby,57.023
2000,lby,43.733999999999995
2001,lby,43.13
2002,lby,35.071999999999996
2003,lby,27.144000000000002
2004,lby,3.656
2005,lby,2.542
2006,lby,2.18
2007,lby,4.095
2008,lby,1.012
2009,lby,1.87
2010,lby,1.608
2011,lby,10.868
2012,lby,2.311
2013,lby,3.293
2014,lby,39.303000000000004
2015,lby,43.867
2016,lby,64.095
2017,lby,62.53
2018,lby,71.009
2019,lby,71.60600000000001
2020,lby,79.609
2000,ltu,23.471
2001,ltu,22.862
2002,ltu,22.105
2003,ltu,20.949
2004,ltu,19.226
2005,ltu,18.308
2006,ltu,17.968
2007,ltu,16.653
2008,ltu,15.39
2009,ltu,29.014
2010,ltu,36.314
2011,ltu,37.296
2012,ltu,39.931
2013,ltu,39.010999999999996
2014,ltu,37.705
2015,ltu,38.126
2016,ltu,38.145
2017,ltu,37.809
2018,ltu,37.205999999999996
2019,ltu,36.567
2020,ltu,35.728
1995,lux,8.107999999999999
1996,lux,7.976
1997,lux,7.934
1998,lux,7.596
1999,lux,6.722
2000,lux,6.099
2001,lux,6.597
2002,lux,6.532
2003,lux,6.409
2004,lux,6.497999999999999
2005,lux,6.33
2006,lux,7.02
2007,lux,7.159
2008,lux,14.444
2009,lux,15.477
2010,lux,19.637999999999998
2011,lux,18.542
2012,lux,21.41
2013,lux,23.558000000000003
2014,lux,24.608
2015,lux,26.343000000000004
2016,lux,27.232
2017,lux,28.285999999999998
2018,lux,29.064
2019,lux,29.883000000000003
2020,lux,30.468000000000004
1999,mkd,31.069000000000003
2000,mkd,46.495
2001,mkd,47.351000000000006
2002,mkd,41.643
2003,mkd,36.794000000000004
2004,mkd,34.58
2005,mkd,36.745
2006,mkd,30.583000000000002
2007,mkd,23.525
2008,mkd,20.593000000000004
2009,mkd,23.769000000000002
2010,mkd,24.276
2011,mkd,27.741
2012,mkd,33.678000000000004
2013,mkd,34.168
2014,mkd,38.008
2015,mkd,37.296
2016,mkd,40.248000000000005
2017,mkd,42.678000000000004
2018,mkd,44.166000000000004
2019,mkd,44.924
2020,mkd,45.943000000000005
2000,mdg,107.678
2001,mdg,97.695
2002,mdg,106.366
2003,mdg,100.765
2004,mdg,95.726
2005,mdg,86.36399999999999
2006,mdg,37.303000000000004
2007,mdg,32.817
2008,mdg,31.796999999999997
2009,mdg,33.44
2010,mdg,31.866
2011,mdg,32.426
2012,mdg,33.657
2013,mdg,33.971
2014,mdg,34.907
2015,mdg,35.131
2016,mdg,38.7
2017,mdg,38.516999999999996
2018,mdg,37.674
2019,mdg,36.917
2020,mdg,36.056
2002,mwi,144.954
2003,mwi,161.92600000000002
2004,mwi,139.637
2005,mwi,141.175
2006,mwi,36.4
2007,mwi,35.376999999999995
2008,mwi,44.56100000000001
2009,mwi,43.428999999999995
2010,mwi,37.41
2011,mwi,41.791000000000004
2012,mwi,53.428999999999995
2013,mwi,72.86
2014,mwi,62.018
2015,mwi,54.458
2016,mwi,47.62
2017,mwi,42.628
2018,mwi,38.013000000000005
2019,mwi,34.109
2020,mwi,29.197
1990,mys,80.737
1991,mys,73.321
1992,mys,64.377
1993,mys,55.693000000000005
1994,mys,47.62
1995,mys,41.568000000000005
1996,mys,35.69
1997,mys,32.260999999999996
1998,mys,36.635
1999,mys,37.425
2000,mys,35.31
2001,mys,41.35
2002,mys,43.056000000000004
2003,mys,45.083
2004,mys,45.7
2005,mys,42.713
2006,mys,41.544
2007,mys,41.215
2008,mys,41.228
2009,mys,52.8
2010,mys,53.51
2011,mys,54.205
2012,mys,56.248999999999995
2013,mys,57.707
2014,mys,56.95
2015,mys,56.659
2016,mys,54.849
2017,mys,53.821000000000005
2018,mys,52.068000000000005
2019,mys,50.348
2020,mys,48.406000000000006
1990,mdv,0.0
1991,mdv,0.0
1992,mdv,0.0
1993,mdv,0.0
1994,mdv,0.0
1995,mdv,0.0
1996,mdv,0.0
1997,mdv,38.111999999999995
1998,mdv,40.628
1999,mdv,39.082
2000,mdv,38.111
2001,mdv,36.968
2002,mdv,40.468
2003,mdv,37.784
2004,mdv,35.641999999999996
2005,mdv,43.476000000000006
2006,mdv,39.069
2007,mdv,40.03
2008,mdv,40.107
2009,mdv,52.423
2010,mdv,59.629
2011,mdv,59.886
2012,mdv,62.797
2013,mdv,66.652
2014,mdv,74.839
2015,mdv,78.593
2016,mdv,80.658
2017,mdv,82.18700000000001
2018,mdv,83.25399999999999
2019,mdv,84.059
2020,mdv,84.773
2000,mli,103.7
2001,mli,91.641
2002,mli,54.203
2003,mli,49.19
2004,mli,46.371
2005,mli,53.075
2006,mli,20.359
2007,mli,21.129
2008,mli,22.615
2009,mli,24.914
2010,mli,28.660999999999998
2011,mli,29.131999999999998
2012,mli,30.274
2013,mli,31.561
2014,mli,31.489
2015,mli,37.580999999999996
2016,mli,37.928000000000004
2017,mli,37.593
2018,mli,37.34
2019,mli,37.191
2020,mli,37.431
1995,mlt,40.516999999999996
1996,mlt,46.016000000000005
1997,mlt,55.597
1998,mlt,61.318999999999996
1999,mlt,65.59
2000,mlt,64.154
2001,mlt,70.375
2002,mlt,64.843
2003,mlt,68.717
2004,mlt,71.142
2005,mlt,70.108
2006,mlt,64.616
2007,mlt,62.39
2008,mlt,62.746
2009,mlt,67.792
2010,mlt,67.61399999999999
2011,mlt,69.671
2012,mlt,67.422
2013,mlt,69.221
2014,mlt,68.131
2015,mlt,67.533
2016,mlt,65.704
2017,mlt,64.501
2018,mlt,63.178999999999995
2019,mlt,61.716
2020,mlt,59.835
1997,mhl,18.928
1998,mhl,26.035
1999,mhl,30.429000000000002
2000,mhl,36.43
2001,mhl,42.82
2002,mhl,46.736000000000004
2003,mhl,48.986999999999995
2004,mhl,48.698
2005,mhl,46.188
2006,mhl,44.083
2007,mhl,41.45
2008,mhl,41.56399999999999
2009,mhl,39.798
2010,mhl,36.841
2011,mhl,34.51
2012,mhl,30.148000000000003
2013,mhl,31.932
2014,mhl,30.546
2015,mhl,28.829
2016,mhl,25.724
2017,mhl,25.221
2018,mhl,25.139
2019,mhl,25.37
2020,mhl,25.834
2000,mrt,234.394
2001,mrt,231.72
2002,mrt,204.396
2003,mrt,177.94299999999998
2004,mrt,166.16299999999998
2005,mrt,114.34200000000001
2006,mrt,84.18799999999999
2007,mrt,75.183
2008,mrt,71.862
2009,mrt,79.422
2010,mrt,72.89
2011,mrt,65.655
2012,mrt,73.137
2013,mrt,72.163
2014,mrt,59.108000000000004
2015,mrt,62.239
2016,mrt,59.505
2017,mrt,56.068000000000005
2018,mrt,52.368
2019,mrt,47.492
2020,mrt,44.283
2000,mus,45.298
2001,mus,44.801
2002,mus,52.532
2003,mus,59.103
2004,mus,51.696999999999996
2005,mus,53.53
2006,mus,51.015
2007,mus,47.283
2008,mus,44.03
2009,mus,52.118
2010,mus,51.92
2011,mus,52.111999999999995
2012,mus,51.481
2013,mus,53.833999999999996
2014,mus,52.81399999999999
2015,mus,53.626000000000005
2016,mus,54.082
2017,mus,54.549
2018,mus,55.125
2019,mus,55.809
2020,mus,56.299
1996,mex,46.258
1997,mex,42.611000000000004
1998,mex,44.093999999999994
1999,mex,46.318000000000005
2000,mex,41.85
2001,mex,41.111000000000004
2002,mex,43.466
2003,mex,44.747
2004,mex,40.845
2005,mex,39.019
2006,mex,37.751999999999995
2007,mex,37.534
2008,mex,42.827
2009,mex,43.924
2010,mex,42.229
2011,mex,43.199
2012,mex,43.169
2013,mex,46.342
2014,mex,50.083999999999996
2015,mex,51.4
2016,mex,51.666000000000004
2017,mex,51.643
2018,mex,50.919
2019,mex,50.163999999999994
2020,mex,49.449
1995,fsm,53.975
1996,fsm,43.903999999999996
1997,fsm,47.268
1998,fsm,42.105
1999,fsm,35.851
2000,fsm,27.104
2001,fsm,23.811999999999998
2002,fsm,24.165
2003,fsm,24.728
2004,fsm,25.418000000000003
2005,fsm,24.737
2006,fsm,25.063000000000002
2007,fsm,25.77
2008,fsm,28.369
2009,fsm,30.500999999999998
2010,fsm,28.719
2011,fsm,28.174
2012,fsm,26.805999999999997
2013,fsm,27.584
2014,fsm,26.539
2015,fsm,25.436
2016,fsm,24.155
2017,fsm,22.436999999999998
2018,fsm,20.871
2019,fsm,19.134
2020,fsm,17.467
1995,mda,79.48
1996,mda,87.492
1997,mda,89.04899999999999
1998,mda,159.41
1999,mda,150.739
2000,mda,83.40799999999999
2001,mda,74.615
2002,mda,69.16
2003,mda,57.948
2004,mda,43.647
2005,mda,35.928000000000004
2006,mda,30.904
2007,mda,24.609
2008,mda,19.257
2009,mda,29.125
2010,mda,26.851999999999997
2011,mda,24.149
2012,mda,24.538
2013,mda,23.793000000000003
2014,mda,31.491999999999997
2015,mda,47.972
2016,mda,50.763999999999996
2017,mda,52.203
2018,mda,54.431999999999995
2019,mda,56.559
2020,mda,58.438
2002,mne,75.73
2003,mne,40.260999999999996
2004,mne,45.305
2005,mne,38.59
2006,mne,32.623000000000005
2007,mne,27.503
2008,mne,28.996
2009,mne,38.249
2010,mne,40.939
2011,mne,45.983000000000004
2012,mne,53.972
2013,mne,58.172
2014,mne,58.37
2015,mne,60.357
2016,mne,64.317
2017,mne,67.258
2018,mne,66.14699999999999
2019,mne,62.52
2020,mne,58.736000000000004
1990,mar,79.816
1991,mar,66.623
1992,mar,76.322
1993,mar,84.915
1994,mar,78.328
1995,mar,82.039
1996,mar,73.743
1997,mar,77.26100000000001
1998,mar,72.937
1999,mar,71.848
2000,mar,73.67399999999999
2001,mar,68.411
2002,mar,67.148
2003,mar,64.381
2004,mar,61.676
2005,mar,64.561
2006,mar,59.378
2007,mar,54.626000000000005
2008,mar,47.298
2009,mar,47.136
2010,mar,50.318000000000005
2011,mar,53.69
2012,mar,59.659
2013,mar,63.407
2014,mar,63.888999999999996
2015,mar,65.535
2016,mar,64.85300000000001
2017,mar,63.535
2018,mar,62.065
2019,mar,60.425
2020,mar,58.735
1999,moz,117.584
2000,moz,118.209
2001,moz,123.44200000000001
2002,moz,75.763
2003,moz,74.91199999999999
2004,moz,59.678000000000004
2005,moz,70.124
2006,moz,46.582
2007,moz,36.645
2008,moz,37.803000000000004
2009,moz,41.125
2010,moz,41.794
2011,moz,37.496
2012,moz,41.06100000000001
2013,moz,46.872
2014,moz,55.403999999999996
2015,moz,61.332
2016,moz,61.913000000000004
2017,moz,61.217
2018,moz,59.36
2019,moz,57.756
2020,moz,51.143
1998,mmr,169.282
1999,mmr,125.133
2000,mmr,146.251
2001,mmr,215.761
2002,mmr,161.702
2003,mmr,123.992
2004,mmr,119.012
2005,mmr,110.315
2006,mmr,90.447
2007,mmr,62.42
2008,mmr,53.055
2009,mmr,55.085
2010,mmr,49.629
2011,mmr,49.387
2012,mmr,48.036
2013,mmr,40.813
2014,mmr,39.722
2015,mmr,41.271
2016,mmr,42.387
2017,mmr,44.13
2018,mmr,45.81100000000001
2019,mmr,47.66
2020,mmr,49.551
1993,nam,17.367
1994,nam,17.028
1995,nam,18.977999999999998
1996,nam,20.15
1997,nam,19.018
1998,nam,21.072
1999,nam,22.36
2000,nam,19.937
2001,nam,22.215999999999998
2002,nam,21.784000000000002
2003,nam,24.945
2004,nam,27.49
2005,nam,26.049
2006,nam,23.897
2007,nam,19.389
2008,nam,18.243
2009,nam,15.947000000000001
2010,nam,15.502
2011,nam,23.234
2012,nam,23.984
2013,nam,23.709
2014,nam,25.19
2015,nam,26.311999999999998
2016,nam,26.447
2017,nam,29.156999999999996
2018,nam,31.033
2019,nam,31.881
2020,nam,32.801
2000,npl,57.888999999999996
2001,npl,57.907
2002,npl,59.103
2003,npl,60.332
2004,npl,58.402
2005,npl,51.926
2006,npl,49.547
2007,npl,42.785
2008,npl,41.247
2009,npl,39.338
2010,npl,35.437
2011,npl,33.187
2012,npl,34.305
2013,npl,31.195
2014,npl,26.256999999999998
2015,npl,23.648000000000003
2016,npl,22.278000000000002
2017,npl,21.587
2018,npl,21.325
2019,npl,21.47
2020,npl,21.945
1995,nld,71.684
1996,nld,69.97800000000001
1997,nld,64.33
1998,nld,61.353
1999,nld,57.144
2000,nld,50.114
2001,nld,47.673
2002,nld,47.6
2003,nld,49.03
2004,nld,49.466
2005,nld,49.211000000000006
2006,nld,44.628
2007,nld,42.545
2008,nld,54.66
2009,nld,56.388999999999996
2010,nld,59.006
2011,nld,61.262
2012,nld,66.518
2013,nld,68.607
2014,nld,68.305
2015,nld,67.517
2016,nld,65.564
2017,nld,64.006
2018,nld,62.402
2019,nld,60.795
2020,nld,59.211999999999996
1985,nzl,66.668
1986,nzl,71.192
1987,nzl,65.374
1988,nzl,56.867
1989,nzl,57.085
1990,nzl,57.563
1991,nzl,60.208
1992,nzl,60.901
1993,nzl,56.674
1994,nzl,50.835
1995,nzl,45.177
1996,nzl,38.679
1997,nzl,35.95
1998,nzl,35.818000000000005
1999,nzl,33.233000000000004
2000,nzl,31.17
2001,nzl,29.249000000000002
2002,nzl,27.388
2003,nzl,25.608
2004,nzl,23.344
2005,nzl,21.514
2006,nzl,19.104
2007,nzl,16.979
2008,nzl,19.88
2009,nzl,25.462
2010,nzl,31.517
2011,nzl,36.464
2012,nzl,36.876
2013,nzl,35.516999999999996
2014,nzl,33.984
2015,nzl,33.071999999999996
2016,nzl,33.655
2017,nzl,32.641
2018,nzl,29.49
2019,nzl,26.802
2020,nzl,24.362
1997,nic,92.62100000000001
1998,nic,92.691
1999,nic,107.008
2000,nic,102.07
2001,nic,93.76899999999999
2002,nic,118.32700000000001
2003,nic,117.421
2004,nic,90.094
2005,nic,71.4
2006,nic,54.923
2007,nic,32.385
2008,nic,28.662
2009,nic,32.909
2010,nic,34.418
2011,nic,33.144
2012,nic,32.101
2013,nic,32.41
2014,nic,32.225
2015,nic,31.587
2016,nic,30.604
2017,nic,29.971999999999998
2018,nic,29.353
2019,nic,28.831
2020,nic,28.484
1995,ner,116.43
1996,ner,104.01700000000001
1997,ner,117.13600000000001
1998,ner,105.016
1999,ner,107.50399999999999
2000,ner,114.01799999999999
2001,ner,109.289
2002,ner,114.12200000000001
2003,ner,89.743
2004,ner,75.579
2005,ner,66.321
2006,ner,27.143
2007,ner,25.148000000000003
2008,ner,21.057
2009,ner,27.737
2010,ner,23.923000000000002
2011,ner,27.122
2012,ner,27.401999999999997
2013,ner,26.694000000000003
2014,ner,36.426
2015,ner,46.782
2016,ner,46.964
2017,ner,45.083999999999996
2018,ner,43.07
2019,ner,40.830999999999996
2020,ner,41.022
2000,nga,63.721000000000004
2001,nga,65.117
2002,nga,49.835
2003,nga,45.31
2004,nga,36.6
2005,nga,19.486
2006,nga,7.8870000000000005
2007,nga,8.378
2008,nga,7.445
2009,nga,9.574
2010,nga,9.579
2011,nga,10.177999999999999
2012,nga,10.402000000000001
2013,nga,10.478
2014,nga,10.501
2015,nga,11.481
2016,nga,11.232000000000001
2017,nga,11.113
2018,nga,11.013
2019,nga,10.897
2020,nga,11.042
1980,nor,46.762
1981,nor,42.556000000000004
1982,nor,37.745
1983,nor,34.721
1984,nor,34.532
1985,nor,36.208
1986,nor,45.107
1987,nor,37.775
1988,nor,31.803
1989,nor,31.713
1990,nor,28.385
1991,nor,38.483000000000004
1992,nor,44.126000000000005
1993,nor,52.615
1994,nor,49.665
1995,nor,32.106
1996,nor,28.447
1997,nor,25.323
1998,nor,22.991
1999,nor,24.616
2000,nor,27.980999999999998
2001,nor,27.055
2002,nor,33.806999999999995
2003,nor,42.64
2004,nor,43.785
2005,nor,42.443999999999996
2006,nor,52.868
2007,nor,49.558
2008,nor,47.757
2009,nor,42.419
2010,nor,42.501000000000005
2011,nor,28.643
2012,nor,29.531
2013,nor,30.124000000000002
2014,nor,30.124000000000002
2015,nor,30.124000000000002
2016,nor,30.124000000000002
2017,nor,30.124000000000002
2018,nor,30.124000000000002
2019,nor,30.124000000000002
2020,nor,30.124000000000002
1990,omn,21.088
1991,omn,27.59
1992,omn,29.554000000000002
1993,omn,29.266
1994,omn,31.97
1995,omn,29.698
1996,omn,28.639
1997,omn,28.212
1998,omn,40.121
1999,omn,34.93
2000,omn,26.101
2001,omn,25.14
2002,omn,18.695
2003,omn,17.173
2004,omn,15.953
2005,omn,9.871
2006,omn,8.91
2007,omn,7.105
2008,omn,4.842
2009,omn,6.89
2010,omn,5.853
2011,omn,5.181
2012,omn,4.933
2013,omn,5.148
2014,omn,5.136
2015,omn,8.564
2016,omn,9.566
2017,omn,10.610999999999999
2018,omn,14.675999999999998
2019,omn,19.250999999999998
2020,omn,24.305
1994,pak,72.96
1995,pak,68.039
1996,pak,68.021
1997,pak,68.804
1998,pak,69.362
1999,pak,75.212
2000,pak,76.96300000000001
2001,pak,78.953
2002,pak,73.568
2003,pak,68.164
2004,pak,61.535
2005,pak,58.92100000000001
2006,pak,54.395
2007,pak,52.586000000000006
2008,pak,57.925
2009,pak,59.129
2010,pak,61.464
2011,pak,59.526
2012,pak,63.961000000000006
2013,pak,64.26899999999999
2014,pak,64.219
2015,pak,64.095
2016,pak,64.058
2017,pak,62.963
2018,pak,61.431999999999995
2019,pak,60.28
2020,pak,58.82
1991,pan,115.751
1992,pan,101.839
1993,pan,93.26899999999999
1994,pan,87.479
1995,pan,85.586
1996,pan,72.597
1997,pan,67.12100000000001
1998,pan,64.828
1999,pan,61.496
2000,pan,59.753
2001,pan,64.477
2002,pan,63.538999999999994
2003,pan,62.976000000000006
2004,pan,65.545
2005,pan,66.158
2006,pan,61.04
2007,pan,52.9
2008,pan,45.376999999999995
2009,pan,45.44
2010,pan,44.092
2011,pan,43.786
2012,pan,42.615
2013,pan,41.68
2014,pan,45.581
2015,pan,47.273
2016,pan,47.195
2017,pan,45.227
2018,pan,42.521
2019,pan,40.523
2020,pan,38.732
1994,png,59.735
1995,png,54.516000000000005
1996,png,56.351000000000006
1997,png,65.479
1998,png,68.18
1999,png,62.257
2000,png,63.115
2001,png,71.063
2002,png,70.362
2003,png,60.263000000000005
2004,png,56.416000000000004
2005,png,48.053000000000004
2006,png,39.639
2007,png,33.668
2008,png,31.741999999999997
2009,png,31.541999999999998
2010,png,25.592
2011,png,22.956999999999997
2012,png,26.709
2013,png,34.01
2014,png,35.599000000000004
2015,png,32.173
2016,png,33.36
2017,png,33.702
2018,png,34.183
2019,png,35.141999999999996
2020,png,33.739000000000004
1990,pry,67.003
1991,pry,49.391999999999996
1992,pry,34.39
1993,pry,26.586
1994,pry,18.691
1995,pry,17.557000000000002
1996,pry,16.791
1997,pry,17.963
1998,pry,22.717
1999,pry,32.059
2000,pry,34.659
2001,pry,42.74100000000001
2002,pry,59.387
2003,pry,45.101000000000006
2004,pry,34.461999999999996
2005,pry,28.01
2006,pry,21.459
2007,pry,18.142
2008,pry,18.148
2009,pry,18.245
2010,pry,15.437999999999999
2011,pry,12.795
2012,pry,15.963
2013,pry,16.79
2014,pry,21.421999999999997
2015,pry,22.767
2016,pry,23.326
2017,pry,23.938000000000002
2018,pry,24.508000000000003
2019,pry,24.929000000000002
2020,pry,25.279
2000,per,44.39
2001,per,43.353
2002,per,45.048
2003,per,48.951
2004,per,46.32899999999999
2005,per,39.961999999999996
2006,per,34.77
2007,per,31.87
2008,per,27.963
2009,per,28.413
2010,per,25.24
2011,per,23.214000000000002
2012,per,21.224
2013,per,20.298
2014,per,20.708000000000002
2015,per,21.48
2016,per,22.305
2017,per,22.194000000000003
2018,per,21.728
2019,per,21.396
2020,per,22.086
1994,phl,65.53399999999999
1995,phl,62.718
1996,phl,54.727
1997,phl,58.681999999999995
1998,phl,51.058
1999,phl,53.583
2000,phl,58.773999999999994
2001,phl,58.831
2002,phl,63.256
2003,phl,68.036
2004,phl,65.804
2005,phl,59.169
2006,phl,51.582
2007,phl,44.64
2008,phl,44.167
2009,phl,44.343
2010,phl,43.461999999999996
2011,phl,41.412
2012,phl,40.585
2013,phl,39.094
2014,phl,37.228
2015,phl,35.455
2016,phl,33.794000000000004
2017,phl,31.956
2018,phl,30.273000000000003
2019,phl,28.74
2020,phl,27.366999999999997
1995,pol,48.989
1996,pol,43.39
1997,pol,42.926
1998,pol,38.889
1999,pol,39.567
2000,pol,36.787
2001,pol,37.562
2002,pol,42.053999999999995
2003,pol,46.898999999999994
2004,pol,45.55
2005,pol,47.011
2006,pol,47.506
2007,pol,44.606
2008,pol,47.038999999999994
2009,pol,50.25899999999999
2010,pol,53.602
2011,pol,54.803999999999995
2012,pol,54.36
2013,pol,55.72
2014,pol,48.81399999999999
2015,pol,49.441
2016,pol,49.195
2017,pol,48.88399999999999
2018,pol,48.14
2019,pol,46.896
2020,pol,45.778999999999996
1990,prt,56.507
1991,prt,59.982
1992,prt,54.52
1993,prt,53.708999999999996
1994,prt,56.703
1995,prt,58.386
1996,prt,57.507
1997,prt,53.698
1998,prt,49.817
1999,prt,49.028
2000,prt,47.926
2001,prt,50.558
2002,prt,52.903
2003,prt,54.676
2004,prt,56.306000000000004
2005,prt,60.805
2006,prt,61.619
2007,prt,68.439
2008,prt,71.666
2009,prt,83.609
2010,prt,96.18299999999999
2011,prt,111.08200000000001
2012,prt,125.764
2013,prt,129.664
2014,prt,130.183
2015,prt,126.34700000000001
2016,prt,124.321
2017,prt,122.695
2018,prt,122.166
2019,prt,121.66
2020,prt,120.89299999999999
1990,qat,10.895
1991,qat,17.17
1992,qat,16.893
1993,qat,37.25
1994,qat,43.052
1995,qat,41.159
1996,qat,46.663999999999994
1997,qat,49.156000000000006
1998,qat,60.228
1999,qat,67.131
2000,qat,52.707
2001,qat,57.589
2002,qat,45.161
2003,qat,35.955999999999996
2004,qat,26.375999999999998
2005,qat,17.559
2006,qat,12.467
2007,qat,8.032
2008,qat,11.533
2009,qat,33.624
2010,qat,38.413000000000004
2011,qat,34.527
2012,qat,35.952
2013,qat,32.115
2014,qat,31.488000000000003
2015,qat,28.881
2016,qat,26.061
2017,qat,22.503
2018,qat,17.974
2019,qat,14.965
2020,qat,12.710999999999999
2000,rou,29.412
2001,rou,27.191999999999997
2002,rou,27.318
2003,rou,24.024
2004,rou,20.980999999999998
2005,rou,17.545
2006,rou,12.536
2007,rou,12.652000000000001
2008,rou,13.387
2009,rou,23.348000000000003
2010,rou,30.535
2011,rou,33.874
2012,rou,37.548
2013,rou,38.818000000000005
2014,rou,40.379
2015,rou,40.548
2016,rou,39.953
2017,rou,39.186
2018,rou,38.336999999999996
2019,rou,37.453
2020,rou,36.579
1999,rus,98.98
2000,rus,59.858999999999995
2001,rus,47.613
2002,rus,40.305
2003,rus,30.359
2004,rus,22.316
2005,rus,15.912
2006,rus,10.504000000000001
2007,rus,8.607000000000001
2008,rus,7.978
2009,rus,10.627
2010,rus,11.345999999999998
2011,rus,11.640999999999998
2012,rus,12.665999999999999
2013,rus,14.027999999999999
2014,rus,17.92
2015,rus,18.79
2016,rus,17.079
2017,rus,17.174
2018,rus,17.519000000000002
2019,rus,17.863
2020,rus,18.207
1995,rwa,119.479
1996,rwa,98.956
1997,rwa,85.65
1998,rwa,83.12700000000001
1999,rwa,92.931
2000,rwa,102.484
2001,rwa,98.618
2002,rwa,107.87100000000001
2003,rwa,100.589
2004,rwa,90.78
2005,rwa,70.646
2006,rwa,26.57
2007,rwa,26.7
2008,rwa,20.895
2009,rwa,22.618000000000002
2010,rwa,22.766
2011,rwa,23.724
2012,rwa,23.705
2013,rwa,29.037
2014,rwa,27.997
2015,rwa,29.086
2016,rwa,31.173000000000002
2017,rwa,33.144
2018,rwa,34.732
2019,rwa,35.565
2020,rwa,36.52
1998,wsm,58.868
1999,wsm,59.364
2000,wsm,55.68899999999999
2001,wsm,53.778999999999996
2002,wsm,50.287
2003,wsm,42.81399999999999
2004,wsm,39.903
2005,wsm,34.101
2006,wsm,33.507
2007,wsm,31.666
2008,wsm,28.906
2009,wsm,33.580999999999996
2010,wsm,45.158
2011,wsm,49.106
2012,wsm,51.968
2013,wsm,53.648999999999994
2014,wsm,54.978
2015,wsm,55.086000000000006
2016,wsm,55.143
2017,wsm,55.641000000000005
2018,wsm,54.185
2019,wsm,52.13399999999999
2020,wsm,50.0
2004,smr,15.498
2005,smr,13.552999999999999
2006,smr,13.277000000000001
2007,smr,11.439
2008,smr,13.533
2009,smr,17.524
2010,smr,17.608
2011,smr,14.655
2012,smr,15.363
2013,smr,21.561
2014,smr,22.89
2015,smr,23.683000000000003
2016,smr,24.426
2017,smr,25.232
2018,smr,25.988000000000003
2019,smr,26.745
2020,smr,27.418000000000003
2001,stp,572.638
2002,stp,530.326
2003,stp,317.113
2004,stp,336.54900000000004
2005,stp,284.253
2006,stp,256.764
2007,stp,101.36399999999999
2008,stp,56.855
2009,stp,68.027
2010,stp,75.26
2011,stp,71.73899999999999
2012,stp,78.294
2013,stp,71.404
2014,stp,68.23100000000001
2015,stp,72.862
2016,stp,73.97800000000001
2017,stp,73.426
2018,stp,71.27199999999999
2019,stp,67.368
2020,stp,63.122
1999,sau,102.992
2000,sau,86.70200000000001
2001,sau,93.148
2002,sau,96.352
2003,sau,81.564
2004,sau,62.928000000000004
2005,sau,37.342
2006,sau,25.831
2007,sau,17.115
2008,sau,12.056
2009,sau,13.989
2010,sau,8.448
2011,sau,5.397
2012,sau,3.59
2013,sau,2.154
2014,sau,1.57
2015,sau,1.82
2016,sau,1.6740000000000002
2017,sau,1.554
2018,sau,1.456
2019,sau,1.38
2020,sau,9.246
2000,sen,73.721
2001,sen,70.931
2002,sen,67.975
2003,sen,54.701
2004,sen,47.591
2005,sen,45.663999999999994
2006,sen,21.838
2007,sen,23.485
2008,sen,23.918000000000003
2009,sen,34.049
2010,sen,35.545
2011,sen,40.74
2012,sen,43.405
2013,sen,47.132
2014,sen,50.708
2015,sen,52.028999999999996
2016,sen,52.592
2017,sen,52.673
2018,sen,52.166000000000004
2019,sen,50.611000000000004
2020,sen,48.957
2000,srb,224.38299999999998
2001,srb,106.305
2002,srb,76.12
2003,srb,71.759
2004,srb,62.178000000000004
2005,srb,54.108999999999995
2006,srb,40.297
2007,srb,33.436
2008,srb,32.376999999999995
2009,srb,35.952
2010,srb,43.678999999999995
2011,srb,46.608999999999995
2012,srb,58.316
2013,srb,61.418
2014,srb,72.414
2015,srb,76.389
2016,srb,78.372
2017,srb,78.01
2018,srb,76.229
2019,srb,74.64399999999999
2020,srb,72.158
1990,syc,80.35300000000001
1991,syc,89.223
1992,syc,79.905
1993,syc,82.18
1994,syc,123.45299999999999
1995,syc,133.52200000000002
1996,syc,146.661
1997,syc,143.013
1998,syc,161.24
1999,syc,159.787
2000,syc,172.56099999999998
2001,syc,201.27
2002,syc,202.05200000000002
2003,syc,175.715
2004,syc,163.226
2005,syc,144.064
2006,syc,132.509
2007,syc,130.749
2008,syc,130.009
2009,syc,123.51
2010,syc,81.89399999999999
2011,syc,73.852
2012,syc,77.09899999999999
2013,syc,64.11399999999999
2014,syc,64.569
2015,syc,63.718999999999994
2016,syc,58.91
2017,syc,54.232
2018,syc,49.106
2019,syc,44.236999999999995
2020,syc,40.083
2000,sle,183.69299999999998
2001,sle,180.69799999999998
2002,sle,158.849
2003,sle,160.373
2004,sle,151.61700000000002
2005,sle,130.912
2006,sle,103.11
2007,sle,42.178999999999995
2008,sle,42.373999999999995
2009,sle,48.05
2010,sle,46.847
2011,sle,44.907
2012,sle,36.885
2013,sle,34.405
2014,sle,38.838
2015,sle,46.293
2016,sle,43.047
2017,sle,40.325
2018,sle,39.566
2019,sle,39.44
2020,sle,39.848
1990,sgp,71.006
1991,sgp,73.706
1992,sgp,76.26100000000001
1993,sgp,68.679
1994,sgp,68.195
1995,sgp,67.358
1996,sgp,68.755
1997,sgp,68.28699999999999
1998,sgp,81.48100000000001
1999,sgp,83.569
2000,sgp,79.866
2001,sgp,93.689
2002,sgp,94.324
2003,sgp,97.64399999999999
2004,sgp,94.68700000000001
2005,sgp,92.068
2006,sgp,85.117
2007,sgp,84.71700000000001
2008,sgp,95.34299999999999
2009,sgp,99.684
2010,sgp,97.035
2011,sgp,100.979
2012,sgp,105.49799999999999
2013,sgp,102.117
2014,sgp,98.751
2015,sgp,97.766
2016,sgp,95.17299999999999
2017,sgp,92.26100000000001
2018,sgp,89.546
2019,sgp,90.78299999999999
2020,sgp,92.03299999999999
1997,svk,32.983000000000004
1998,svk,33.869
1999,svk,47.089
2000,svk,49.632
2001,svk,48.251999999999995
2002,svk,42.788000000000004
2003,svk,41.485
2004,svk,40.556999999999995
2005,svk,33.805
2006,svk,30.688000000000002
2007,svk,29.844
2008,svk,28.204
2009,svk,35.985
2010,svk,41.102
2011,svk,43.45
2012,svk,52.113
2013,svk,54.595
2014,svk,54.023999999999994
2015,svk,53.924
2016,svk,54.012
2017,svk,53.433
2018,svk,52.623999999999995
2019,svk,51.681999999999995
2020,svk,50.646
1995,svn,16.776
1996,svn,20.122
1997,svn,20.703000000000003
1998,svn,21.249000000000002
1999,svn,22.016
2000,svn,29.011
2001,svn,28.541
2002,svn,28.396
2003,svn,27.044
2004,svn,26.833000000000002
2005,svn,26.302
2006,svn,26.0
2007,svn,22.704
2008,svn,21.554000000000002
2009,svn,34.423
2010,svn,37.926
2011,svn,46.153999999999996
2012,svn,53.336000000000006
2013,svn,70.017
2014,svn,82.87299999999999
2015,svn,79.793
2016,svn,82.06299999999999
2017,svn,83.613
2018,svn,85.23200000000001
2019,svn,86.822
2020,svn,88.367
2003,slb,73.467
2004,slb,60.465
2005,slb,55.36
2006,slb,50.27
2007,slb,43.906000000000006
2008,slb,35.491
2009,slb,33.854
2010,slb,28.930999999999997
2011,slb,21.724
2012,slb,17.624000000000002
2013,slb,15.672
2014,slb,13.395
2015,slb,13.622
2016,slb,14.225999999999999
2017,slb,15.517000000000001
2018,slb,16.748
2019,slb,18.041
2020,slb,19.299
2000,zaf,42.21
2001,zaf,42.402
2002,zaf,35.547
2003,zaf,35.428000000000004
2004,zaf,34.393
2005,zaf,31.82
2006,zaf,29.756999999999998
2007,zaf,27.076999999999998
2008,zaf,25.938000000000002
2009,zaf,30.324
2010,zaf,34.358000000000004
2011,zaf,37.635999999999996
2012,zaf,40.496
2013,zaf,43.288999999999994
2014,zaf,45.86600000000001
2015,zaf,47.505
2016,zaf,48.213
2017,zaf,48.833
2018,zaf,49.975
2019,zaf,50.653999999999996
2020,zaf,50.618
2011,ssd,0.0
2012,ssd,6.316
2013,ssd,13.470999999999998
2014,ssd,23.732
2015,ssd,17.976
2016,ssd,23.255
2017,ssd,21.265
2018,ssd,23.583000000000002
2019,ssd,26.211
2020,ssd,26.706999999999997
1980,esp,16.168
1981,esp,19.523
1982,esp,24.521
1983,esp,29.628
1984,esp,36.16
1985,esp,41.021
1986,esp,42.233000000000004
1987,esp,42.074
1988,esp,38.648
1989,esp,40.021
1990,esp,41.461000000000006
1991,esp,42.022
1992,esp,44.3
1993,esp,54.773999999999994
1994,esp,57.235
1995,esp,61.82
1996,esp,65.87
1997,esp,64.57600000000001
1998,esp,62.63
1999,esp,60.923
2000,esp,57.958999999999996
2001,esp,54.163000000000004
2002,esp,51.268
2003,esp,47.64
2004,esp,45.261
2005,esp,42.284
2006,esp,38.907
2007,esp,35.51
2008,esp,39.399
2009,esp,52.705
2010,esp,60.066
2011,esp,69.156
2012,esp,84.44
2013,esp,92.088
2014,esp,97.675
2015,esp,99.43799999999999
2016,esp,100.056
2017,esp,100.15
2018,esp,99.416
2019,esp,98.03399999999999
2020,esp,96.367
1990,lka,93.383
1991,lka,95.22399999999999
1992,lka,92.205
1993,lka,93.66
1994,lka,92.152
1995,lka,92.046
1996,lka,90.177
1997,lka,82.984
1998,lka,87.829
1999,lka,91.914
2000,lka,93.696
2001,lka,99.803
2002,lka,102.09700000000001
2003,lka,102.271
2004,lka,102.32799999999999
2005,lka,90.605
2006,lka,87.885
2007,lka,84.99700000000001
2008,lka,81.37
2009,lka,86.064
2010,lka,81.90899999999999
2011,lka,78.452
2012,lka,79.172
2013,lka,78.319
2014,lka,75.876
2015,lka,76.97
2016,lka,78.058
2017,lka,78.218
2018,lka,78.003
2019,lka,77.865
2020,lka,77.727
1996,kna,48.858000000000004
1997,kna,66.523
1998,kna,77.416
1999,kna,89.185
2000,kna,96.795
2001,kna,104.757
2002,kna,119.78200000000001
2003,kna,142.64
2004,kna,154.889
2005,kna,157.942
2006,kna,143.781
2007,kna,135.002
2008,kna,131.93200000000002
2009,kna,144.254
2010,kna,159.306
2011,kna,151.64700000000002
2012,kna,137.263
2013,kna,104.682
2014,kna,80.953
2015,kna,74.498
2016,kna,68.267
2017,kna,62.985
2018,kna,60.423
2019,kna,56.31399999999999
2020,kna,54.39
1990,lca,20.639
1991,lca,23.019000000000002
1992,lca,26.368000000000002
1993,lca,27.289
1994,lca,28.133000000000003
1995,lca,27.409000000000002
1996,lca,29.026
1997,lca,32.271
1998,lca,34.938
1999,lca,34.42
2000,lca,39.016
2001,lca,45.645
2002,lca,57.568000000000005
2003,lca,54.175
2004,lca,58.544
2005,lca,60.516999999999996
2006,lca,56.512
2007,lca,56.496
2008,lca,56.516000000000005
2009,lca,59.498999999999995
2010,lca,62.283
2011,lca,66.667
2012,lca,73.73
2013,lca,78.955
2014,lca,83.875
2015,lca,87.994
2016,lca,92.501
2017,lca,96.845
2018,lca,100.999
2019,lca,104.95700000000001
2020,lca,108.98
1990,vct,60.332
1991,vct,57.576
1992,vct,54.506
1993,vct,53.178000000000004
1994,vct,57.833999999999996
1995,vct,51.181999999999995
1996,vct,44.18
1997,vct,42.123000000000005
1998,vct,42.803000000000004
1999,vct,57.643
2000,vct,58.5
2001,vct,56.103
2002,vct,57.098
2003,vct,58.73
2004,vct,63.831
2005,vct,66.358
2006,vct,63.559
2007,vct,55.468
2008,vct,57.123999999999995
2009,vct,63.442
2010,vct,65.44800000000001
2011,vct,67.809
2012,vct,72.332
2013,vct,73.375
2014,vct,75.069
2015,vct,77.14699999999999
2016,vct,78.80199999999999
2017,vct,79.055
2018,vct,78.059
2019,vct,76.45100000000001
2020,vct,74.983
1992,sdn,454.86400000000003
1993,sdn,262.608
1994,sdn,354.994
1995,sdn,219.55200000000002
1996,sdn,202.847
1997,sdn,146.221
1998,sdn,173.545
1999,sdn,164.25900000000001
2000,sdn,153.627
2001,sdn,151.254
2002,sdn,148.236
2003,sdn,141.584
2004,sdn,118.126
2005,sdn,94.948
2006,sdn,74.976
2007,sdn,70.709
2008,sdn,68.848
2009,sdn,72.10600000000001
2010,sdn,73.102
2011,sdn,70.46300000000001
2012,sdn,94.721
2013,sdn,90.48200000000001
2014,sdn,74.238
2015,sdn,78.468
2016,sdn,74.84899999999999
2017,sdn,71.822
2018,sdn,69.37100000000001
2019,sdn,66.74600000000001
2020,sdn,63.45399999999999
1990,sur,79.132
1991,sur,81.084
1992,sur,77.635
1993,sur,85.92299999999999
1994,sur,57.256
1995,sur,15.854000000000001
1996,sur,12.602
1997,sur,19.162
1998,sur,24.272
1999,sur,38.645
2000,sur,51.86600000000001
2001,sur,39.826
2002,sur,38.118
2003,sur,33.506
2004,sur,31.57
2005,sur,28.840999999999998
2006,sur,23.965
2007,sur,17.377
2008,sur,15.639000000000001
2009,sur,15.552999999999999
2010,sur,18.474
2011,sur,20.366
2012,sur,22.241999999999997
2013,sur,30.721999999999998
2014,sur,34.099000000000004
2015,sur,38.251
2016,sur,41.815
2017,sur,43.335
2018,sur,44.23
2019,sur,45.535
2020,sur,46.251999999999995
1993,swz,17.410999999999998
1994,swz,15.125
1995,swz,14.222999999999999
1996,swz,14.993
1997,swz,12.565999999999999
1998,swz,18.282
1999,swz,19.093
2000,swz,21.428
2001,swz,23.250999999999998
2002,swz,21.234
2003,swz,21.855
2004,swz,17.564
2005,swz,15.765999999999998
2006,swz,15.978
2007,swz,17.611
2008,swz,15.633
2009,swz,11.770999999999999
2010,swz,15.850999999999999
2011,swz,16.634
2012,swz,17.375
2013,swz,17.765
2014,swz,16.235
2015,swz,18.087
2016,swz,20.855
2017,swz,25.039
2018,swz,27.864
2019,swz,30.761999999999997
2020,swz,33.732
1993,swe,67.277
1994,swe,69.69
1995,swe,69.818
1996,swe,70.20100000000001
1997,swe,69.008
1998,swe,66.73100000000001
1999,swe,61.354
2000,swe,51.294
2001,swe,51.871
2002,swe,49.943000000000005
2003,swe,49.135
2004,swe,47.681999999999995
2005,swe,47.97
2006,swe,42.98
2007,swe,38.109
2008,swe,36.684
2009,swe,40.195
2010,swe,36.727
2011,swe,36.079
2012,swe,36.378
2013,swe,38.586
2014,swe,41.501000000000005
2015,swe,41.053999999999995
2016,swe,39.584
2017,swe,38.169000000000004
2018,swe,36.379
2019,swe,34.385999999999996
2020,swe,32.26
1983,che,35.424
1984,che,35.104
1985,che,34.493
1986,che,33.122
1987,che,32.154
1988,che,30.826999999999998
1989,che,28.674
1990,che,35.379
1991,che,36.878
1992,che,42.032
1993,che,47.088
1994,che,50.653999999999996
1995,che,53.611999999999995
1996,che,55.49
1997,che,58.169
1998,che,61.425
1999,che,58.585
2000,che,57.625
2001,che,56.515
2002,che,63.086999999999996
2003,che,62.505
2004,che,67.044
2005,che,66.967
2006,che,59.733000000000004
2007,che,53.266999999999996
2008,che,48.656000000000006
2009,che,47.872
2010,che,47.117
2011,che,47.398
2012,che,48.176
2013,che,47.035
2014,che,46.093
2015,che,45.93899999999999
2016,che,45.553000000000004
2017,che,44.698
2018,che,43.672
2019,che,42.625
2020,che,41.595
1990,syr,189.757
1991,syr,182.425
1992,syr,173.62099999999998
1993,syr,171.93900000000002
1994,syr,162.981
1995,syr,152.642
1996,syr,141.47899999999998
1997,syr,147.623
1998,syr,151.225
1999,syr,147.69799999999998
2000,syr,152.094
2001,syr,144.49
2002,syr,132.42700000000002
2003,syr,133.37
2004,syr,113.04700000000001
2005,syr,50.71
2006,syr,44.977
2007,syr,42.672
2008,syr,37.319
2009,syr,31.212
2010,syr,30.024
1997,twn,24.938000000000002
1998,twn,23.642
1999,twn,23.656999999999996
2000,twn,26.166
2001,twn,30.008000000000003
2002,twn,29.638
2003,twn,32.027
2004,twn,33.292
2005,twn,33.914
2006,twn,33.12
2007,twn,32.055
2008,twn,33.266999999999996
2009,twn,36.599000000000004
2010,twn,36.745
2011,twn,38.302
2012,twn,39.28
2013,twn,39.143
2014,twn,37.641999999999996
2015,twn,37.052
2016,twn,35.847
2017,twn,34.211
2018,twn,32.327
2019,twn,30.269000000000002
2020,twn,28.104
1998,tjk,96.56700000000001
1999,tjk,107.807
2000,tjk,111.429
2001,tjk,103.249
2002,tjk,90.663
2003,tjk,64.333
2004,tjk,43.912
2005,tjk,41.79600000000001
2006,tjk,35.291
2007,tjk,34.603
2008,tjk,29.955
2009,tjk,36.22
2010,tjk,36.342
2011,tjk,35.43
2012,tjk,32.366
2013,tjk,29.182
2014,tjk,28.182
2015,tjk,29.689
2016,tjk,31.053
2017,tjk,32.546
2018,tjk,32.683
2019,tjk,32.603
2020,tjk,32.41
2001,tza,50.239
2002,tza,47.035
2003,tza,44.315
2004,tza,44.603
2005,tza,46.776
2006,tza,32.821
2007,tza,21.598000000000003
2008,tza,21.599
2009,tza,24.34
2010,tza,27.509
2011,tza,28.046999999999997
2012,tza,29.206999999999997
2013,tza,31.358
2014,tza,33.227
2015,tza,34.741
2016,tza,34.775
2017,tza,34.816
2018,tza,34.899
2019,tza,34.924
2020,tza,34.959
1996,tha,15.193
1997,tha,40.455
1998,tha,49.881
1999,tha,56.585
2000,tha,57.826
2001,tha,57.522
2002,tha,55.052
2003,tha,50.68899999999999
2004,tha,49.461999999999996
2005,tha,47.361000000000004
2006,tha,41.992
2007,tha,38.347
2008,tha,37.266999999999996
2009,tha,45.217
2010,tha,42.644
2011,tha,41.693000000000005
2012,tha,45.44
2013,tha,45.853
2014,tha,47.168
2015,tha,47.533
2016,tha,47.163000000000004
2017,tha,46.957
2018,tha,46.965
2019,tha,47.336999999999996
2020,tha,47.63
2001,tgo,108.693
2002,tgo,106.34
2003,tgo,107.98299999999999
2004,tgo,98.95100000000001
2005,tgo,81.73
2006,tgo,90.741
2007,tgo,107.18
2008,tgo,88.48
2009,tgo,73.404
2010,tgo,47.333
2011,tgo,44.62
2012,tgo,46.61
2013,tgo,49.18
2014,tgo,54.653
2015,tgo,54.69
2016,tgo,54.053999999999995
2017,tgo,54.0
2018,tgo,53.522
2019,tgo,52.467
2020,tgo,51.29
1999,tto,56.123000000000005
2000,tto,54.855
2001,tto,56.521
2002,tto,59.07899999999999
2003,tto,53.208
2004,tto,45.177
2005,tto,36.839
2006,tto,32.575
2007,tto,26.093000000000004
2008,tto,21.523000000000003
2009,tto,30.590999999999998
2010,tto,35.172
2011,tto,32.27
2012,tto,40.305
2013,tto,37.422
2014,tto,37.645
2015,tto,39.454
2016,tto,43.69
2017,tto,47.876999999999995
2018,tto,52.08
2019,tto,56.174
2020,tto,60.341
1991,tun,66.434
1992,tun,65.146
1993,tun,66.904
1994,tun,67.036
1995,tun,68.85
1996,tun,70.074
1997,tun,69.904
1998,tun,61.051
1999,tun,64.964
2000,tun,65.945
2001,tun,67.602
2002,tun,67.376
2003,tun,66.376
2004,tun,53.718
2005,tun,52.482
2006,tun,48.791000000000004
2007,tun,45.941
2008,tun,43.292
2009,tun,42.773999999999994
2010,tun,40.661
2011,tun,44.488
2012,tun,44.504
2013,tun,44.843
2014,tun,47.465
2015,tun,53.777
2016,tun,55.475
2017,tun,55.925
2018,tun,54.733999999999995
2019,tun,53.652
2020,tun,53.648999999999994
2001,tur,77.936
2002,tur,74.0
2003,tur,67.69800000000001
2004,tur,59.611999999999995
2005,tur,52.71
2006,tur,46.523999999999994
2007,tur,39.907
2008,tur,39.984
2009,tur,46.026
2010,tur,42.283
2011,tur,39.137
2012,tur,36.150999999999996
2013,tur,36.181999999999995
2014,tur,33.489000000000004
2015,tur,33.428000000000004
2016,tur,32.51
2017,tur,32.619
2018,tur,31.941999999999997
2019,tur,31.916999999999998
2020,tur,32.765
1997,tkm,50.652
1998,tkm,64.41
1999,tkm,52.614
2000,tkm,43.508
2001,tkm,26.899
2002,tkm,19.078
2003,tkm,13.35
2004,tkm,9.008
2005,tkm,5.379
2006,tkm,3.3339999999999996
2007,tkm,2.416
2008,tkm,2.8089999999999997
2009,tkm,2.436
2010,tkm,4.114
2011,tkm,10.048
2012,tkm,18.066
2013,tkm,21.074
2014,tkm,16.785999999999998
2015,tkm,18.596
2016,tkm,16.383
2017,tkm,15.758
2018,tkm,11.497
2019,tkm,9.283
2020,tkm,7.4079999999999995
2006,tuv,39.787
2007,tuv,34.464
2008,tuv,76.941
2009,tuv,63.178000000000004
2010,tuv,55.635
2011,tuv,45.318000000000005
2012,tuv,43.049
2013,tuv,41.104
2014,tuv,56.92
2015,tuv,48.644
2016,tuv,41.211000000000006
2017,tuv,33.373000000000005
2018,tuv,26.729
2019,tuv,21.514
2020,tuv,16.547
1997,uga,48.309
1998,uga,47.411
1999,uga,52.114
2000,uga,55.696999999999996
2001,uga,56.821999999999996
2002,uga,61.79600000000001
2003,uga,60.85
2004,uga,55.951
2005,uga,47.608999999999995
2006,uga,31.7
2007,uga,19.985
2008,uga,19.587
2009,uga,18.847
2010,uga,23.55
2011,uga,23.261
2012,uga,24.579
2013,uga,27.381999999999998
2014,uga,30.381
2015,uga,35.304
2016,uga,40.048
2017,uga,43.278999999999996
2018,uga,45.64
2019,uga,49.04
2020,uga,51.113
1997,ukr,28.892
1998,ukr,46.537
1999,ukr,58.958999999999996
2000,ukr,43.79
2001,ukr,35.34
2002,ukr,32.344
2003,ukr,28.299
2004,ukr,23.885
2005,ukr,17.088
2006,ukr,14.255999999999998
2007,ukr,11.815
2008,ukr,19.662
2009,ukr,34.121
2010,ukr,40.626
2011,ukr,36.843
2012,ukr,37.542
2013,ukr,40.652
2014,ukr,71.21300000000001
2015,ukr,94.14200000000001
2016,ukr,92.603
2017,ukr,88.89
2018,ukr,83.29799999999999
2019,ukr,77.306
2020,ukr,71.009
1999,are,4.815
2000,are,3.093
2001,are,2.69
2002,are,3.595
2003,are,4.404
2004,are,5.64
2005,are,6.632000000000001
2006,are,6.8420000000000005
2007,are,7.853
2008,are,12.530999999999999
2009,are,24.084
2010,are,22.236
2011,are,17.605999999999998
2012,are,17.086
2013,are,11.655999999999999
2014,are,12.071
2015,are,14.745
2016,are,15.091
2017,are,15.619000000000002
2018,are,16.074
2019,are,16.394000000000002
2020,are,16.482
1980,gbr,45.468
1981,gbr,48.232
1982,gbr,46.611999999999995
1983,gbr,45.486000000000004
1984,gbr,45.98
1985,gbr,44.9
1986,gbr,44.927
1987,gbr,42.801
1988,gbr,40.264
1989,gbr,35.296
1990,gbr,31.029
1991,gbr,31.026
1992,gbr,36.129
1993,gbr,41.292
1994,gbr,44.309
1995,gbr,47.492
1996,gbr,47.573
1997,gbr,46.86600000000001
1998,gbr,44.213
1999,gbr,41.935
2000,gbr,39.052
2001,gbr,36.187
2002,gbr,35.935
2003,gbr,37.315
2004,gbr,40.191
2005,gbr,41.606
2006,gbr,42.534
2007,gbr,43.633
2008,gbr,51.776
2009,gbr,65.806
2010,gbr,76.387
2011,gbr,81.82600000000001
2012,gbr,85.82
2013,gbr,87.31
2014,gbr,89.54
2015,gbr,91.147
2016,gbr,91.655
2017,gbr,90.749
2018,gbr,88.947
2019,gbr,86.059
2020,gbr,83.24700000000001
2001,usa,53.022
2002,usa,55.379
2003,usa,58.516000000000005
2004,usa,65.493
2005,usa,64.89
2006,usa,63.638999999999996
2007,usa,64.01100000000001
2008,usa,72.835
2009,usa,86.04299999999999
2010,usa,94.758
2011,usa,99.105
2012,usa,102.387
2013,usa,103.416
2014,usa,104.77
2015,usa,105.061
2016,usa,104.906
2017,usa,104.25299999999999
2018,usa,103.617
2019,usa,103.88600000000001
2020,usa,104.331
2001,ury,54.89
2002,ury,109.579
2003,ury,111.546
2004,ury,93.54700000000001
2005,ury,83.919
2006,ury,75.697
2007,ury,67.985
2008,ury,67.751
2009,ury,65.584
2010,ury,61.556999999999995
2011,ury,58.988
2012,ury,59.482
2013,ury,62.148
2014,ury,62.78
2015,ury,64.376
2016,ury,65.319
2017,ury,65.809
2018,ury,66.583
2019,ury,67.358
2020,ury,68.26
1992,uzb,0.0
1993,uzb,0.0
1994,uzb,0.0
1995,uzb,0.0
1996,uzb,0.0
1997,uzb,0.0
1998,uzb,29.38
1999,uzb,29.355
2000,uzb,42.126000000000005
2001,uzb,59.375
2002,uzb,54.598
2003,uzb,41.636
2004,uzb,35.121
2005,uzb,28.193
2006,uzb,21.34
2007,uzb,15.786
2008,uzb,12.732999999999999
2009,uzb,10.981
2010,uzb,9.961
2011,uzb,9.088
2012,uzb,8.554
2013,uzb,8.276
2014,uzb,8.46
2015,uzb,8.318
2016,uzb,8.27
2017,uzb,8.367
2018,uzb,8.512
2019,uzb,8.68
2020,uzb,8.859
1996,vut,23.058000000000003
1997,vut,22.943
1998,vut,28.046
1999,vut,30.619
2000,vut,36.108000000000004
2001,vut,37.036
2002,vut,38.806
2003,vut,38.264
2004,vut,30.413
2005,vut,26.276
2006,vut,22.162
2007,vut,19.11
2008,vut,20.612
2009,vut,20.521
2010,vut,19.355
2011,vut,20.706999999999997
2012,vut,21.164
2013,vut,20.410999999999998
2014,vut,18.477999999999998
2015,vut,24.509
2016,vut,28.98
2017,vut,32.348
2018,vut,34.985
2019,vut,36.635
2020,vut,37.436
1998,ven,34.588
1999,ven,32.69
2000,ven,28.241999999999997
2001,ven,31.725
2002,ven,55.394
2003,ven,61.443000000000005
2004,ven,45.496
2005,ven,45.534
2006,ven,34.479
2007,ven,30.837
2008,ven,23.32
2009,ven,28.555
2010,ven,36.298
2011,ven,43.306999999999995
2012,ven,45.972
2013,ven,55.382
2014,ven,45.623999999999995
2015,ven,39.644
2016,ven,30.573
2017,ven,26.320999999999998
2018,ven,24.006999999999998
2019,ven,22.546999999999997
2020,ven,21.824
2001,vnm,32.277
2002,vnm,35.186
2003,vnm,37.882
2004,vnm,38.951
2005,vnm,37.842
2006,vnm,38.407
2007,vnm,40.897
2008,vnm,39.419000000000004
2009,vnm,46.898
2010,vnm,48.353
2011,vnm,46.717
2012,vnm,48.527
2013,vnm,52.141000000000005
2014,vnm,58.733999999999995
2015,vnm,62.214
2016,vnm,64.39
2017,vnm,65.001
2018,vnm,64.78
2019,vnm,64.055
2020,vnm,63.157
1999,yem,96.52600000000001
2000,yem,61.217
2001,yem,60.678999999999995
2002,yem,57.827
2003,yem,56.823
2004,yem,52.068000000000005
2005,yem,43.801
2006,yem,40.842
2007,yem,40.408
2008,yem,36.421
2009,yem,49.842
2010,yem,42.38
2011,yem,45.726000000000006
2012,yem,47.312
2013,yem,48.2
2014,yem,48.906000000000006
2015,yem,53.68899999999999
2016,yem,54.042
2017,yem,54.111999999999995
2018,yem,53.518
2019,yem,52.674
2020,yem,51.347
2000,zmb,28.889
2001,zmb,21.893
2002,zmb,21.737
2003,zmb,23.921
2004,zmb,19.262
2005,zmb,16.718
2006,zmb,24.999000000000002
2007,zmb,21.932
2008,zmb,19.195999999999998
2009,zmb,20.522
2010,zmb,18.892
2011,zmb,20.565
2012,zmb,25.474
2013,zmb,28.823
2014,zmb,31.058000000000003
2015,zmb,32.422
2016,zmb,33.754
2017,zmb,34.522
2018,zmb,34.635999999999996
2019,zmb,34.614000000000004
2020,zmb,34.292
2005,zwe,38.576
2006,zwe,44.742
2007,zwe,50.111999999999995
2008,zwe,68.913
2009,zwe,68.294
2010,zwe,63.192
2011,zwe,51.761
2012,zwe,56.73
2013,zwe,54.23
2014,zwe,54.021
2015,zwe,55.243
2016,zwe,54.657
2017,zwe,56.57
2018,zwe,57.876999999999995
2019,zwe,58.178999999999995
2020,zwe,53.832
