year,country,ggxwdg
1997,alb,242.298
1998,alb,277.501
1999,alb,306.376
2000,alb,323.752
2001,alb,341.522
2002,alb,391.308
2003,alb,408.300
2004,alb,423.962
2005,alb,468.050
2006,alb,494.737
2007,alb,516.994
2008,alb,595.816
2009,alb,682.552
2010,alb,715.518
2011,alb,772.735
2012,alb,828.268
2013,alb,956.582
2014,alb,"1,015.045"
2015,alb,"1,067.176"
2016,alb,"1,085.390"
2017,alb,"1,087.860"
2018,alb,"1,089.029"
2019,alb,"1,080.109"
2020,alb,"1,053.886"
1990,dza,0.000
1991,dza,671.029
1992,dza,676.259
1993,dza,880.727
1994,dza,"1,463.245"
1995,dza,"2,329.700"
1996,dza,"2,522.400"
1997,dza,"1,942.110"
1998,dza,"2,062.386"
1999,dza,"2,664.142"
2000,dza,"2,590.105"
2001,dza,"2,462.859"
2002,dza,"2,473.208"
2003,dza,"2,339.115"
2004,dza,"2,265.697"
2005,dza,"2,058.222"
2006,dza,"2,283.979"
2007,dza,"1,303.321"
2008,dza,974.312
2009,dza,"1,077.986"
2010,dza,"1,398.578"
2011,dza,"1,444.308"
2012,dza,"1,611.774"
2013,dza,"1,377.702"
2014,dza,"1,511.756"
2015,dza,"2,304.370"
2016,dza,"2,890.593"
2017,dza,"3,426.601"
2018,dza,"4,033.127"
2019,dza,"4,472.704"
2020,dza,"4,798.491"
2000,ago,86.958
2001,ago,182.536
2002,ago,350.236
2003,ago,614.454
2004,ago,763.842
2005,ago,948.869
2006,ago,628.743
2007,ago,761.641
2008,ago,"1,049.524"
2009,ago,"2,986.976"
2010,ago,"3,016.877"
2011,ago,"3,149.317"
2012,ago,"3,259.975"
2013,ago,"4,214.250"
2014,ago,"4,801.390"
2015,ago,"5,671.850"
2016,ago,"5,996.164"
2017,ago,"6,405.307"
2018,ago,"6,896.687"
2019,ago,"7,532.917"
2020,ago,"8,358.363"
1990,atg,1.217
1991,atg,1.289
1992,atg,1.287
1993,atg,1.303
1994,atg,1.427
1995,atg,1.533
1996,atg,1.569
1997,atg,1.599
1998,atg,2.016
1999,atg,2.164
2000,atg,2.346
2001,atg,2.549
2002,atg,2.777
2003,atg,2.892
2004,atg,2.983
2005,atg,2.558
2006,atg,2.785
2007,atg,2.757
2008,atg,2.811
2009,atg,3.337
2010,atg,2.783
2011,atg,2.820
2012,atg,2.835
2013,atg,3.056
2014,atg,3.311
2015,atg,3.699
2016,atg,3.673
2017,atg,3.647
2018,atg,3.623
2019,atg,3.590
2020,atg,3.552
1993,arg,71.112
1994,arg,81.820
1995,arg,88.711
1996,arg,99.046
1997,arg,103.718
1998,arg,114.134
1999,arg,123.366
2000,arg,129.750
2001,arg,144.222
2002,arg,513.993
2003,arg,523.790
2004,arg,568.149
2005,arg,461.122
2006,arg,499.801
2007,arg,546.795
2008,arg,603.610
2009,arg,672.324
2010,arg,709.032
2011,arg,826.855
2012,arg,"1,032.341"
2013,arg,"1,369.913"
2014,arg,"2,131.376"
2015,arg,"2,490.447"
2016,arg,"3,117.776"
2017,arg,"3,886.685"
2018,arg,"4,830.036"
2019,arg,"5,993.453"
2020,arg,"7,444.928"
1996,arm,214.050
1997,arm,296.280
1998,arm,341.732
1999,arm,386.987
2000,arm,405.952
2001,arm,444.761
2002,arm,519.170
2003,arm,534.176
2004,arm,504.307
2005,arm,459.054
2006,arm,429.848
2007,arm,448.757
2008,arm,522.066
2009,arm,"1,072.427"
2010,arm,"1,167.512"
2011,arm,"1,348.391"
2012,arm,"1,556.270"
2013,arm,"1,729.259"
2014,arm,"2,001.450"
2015,arm,"2,479.493"
2016,arm,"2,726.596"
2017,arm,"2,965.045"
2018,arm,"3,321.503"
2019,arm,"3,571.224"
2020,arm,"3,908.764"
1989,aus,66.235
1990,aus,68.077
1991,aus,89.980
1992,aus,119.507
1993,aus,139.397
1994,aus,153.146
1995,aus,159.276
1996,aus,159.168
1997,aus,148.468
1998,aus,143.643
1999,aus,143.917
2000,aus,134.017
2001,aus,124.955
2002,aus,117.437
2003,aus,109.471
2004,aus,106.498
2005,aus,104.703
2006,aus,103.348
2007,aus,109.510
2008,aus,145.053
2009,aus,210.941
2010,aus,278.203
2011,aus,352.539
2012,aus,418.469
2013,aus,476.386
2014,aus,548.052
2015,aus,615.059
2016,aus,678.180
2017,aus,731.923
2018,aus,770.497
2019,aus,803.799
2020,aus,834.969
1988,aut,68.622
1989,aut,72.082
1990,aut,76.920
1991,aut,82.763
1992,aut,87.270
1993,aut,97.552
1994,aut,107.640
1995,aut,119.834
1996,aut,123.776
1997,aut,119.001
1998,aut,124.559
1999,aut,135.123
2000,aut,140.420
2001,aut,146.328
2002,aut,150.019
2003,aut,151.286
2004,aut,156.501
2005,aut,172.842
2006,aut,178.658
2007,aut,182.984
2008,aut,200.024
2009,aut,228.166
2010,aut,242.442
2011,aut,253.293
2012,aut,259.263
2013,aut,261.978
2014,aut,285.544
2015,aut,298.464
2016,aut,302.897
2017,aut,307.809
2018,aut,313.245
2019,aut,318.226
2020,aut,323.217
2000,aze,1.077
2001,aze,1.287
2002,aze,1.385
2003,aze,1.550
2004,aze,1.720
2005,aze,1.670
2006,aze,1.920
2007,aze,2.441
2008,aze,2.773
2009,aze,4.198
2010,aze,4.734
2011,aze,5.171
2012,aze,6.260
2013,aze,7.937
2014,aze,9.502
2015,aze,13.632
2016,aze,15.402
2017,aze,17.161
2018,aze,19.330
2019,aze,21.691
2020,aze,24.203
1991,bhs,0.809
1992,bhs,0.899
1993,bhs,0.996
1994,bhs,1.089
1995,bhs,1.144
1996,bhs,1.195
1997,bhs,1.302
1998,bhs,1.405
1999,bhs,1.473
2000,bhs,1.511
2001,bhs,1.515
2002,bhs,1.671
2003,bhs,1.850
2004,bhs,1.938
2005,bhs,2.168
2006,bhs,2.316
2007,bhs,2.441
2008,bhs,2.679
2009,bhs,3.085
2010,bhs,3.401
2011,bhs,3.555
2012,bhs,3.906
2013,bhs,4.689
2014,bhs,5.158
2015,bhs,5.493
2016,bhs,5.757
2017,bhs,5.939
2018,bhs,6.087
2019,bhs,6.224
2020,bhs,6.350
1990,bhr,0.141
1991,bhr,0.137
1992,bhr,0.138
1993,bhr,0.140
1994,bhr,0.141
1995,bhr,0.362
1996,bhr,0.363
1997,bhr,0.423
1998,bhr,0.548
1999,bhr,0.733
2000,bhr,0.877
2001,bhr,0.901
2002,bhr,1.024
2003,bhr,1.351
2004,bhr,1.454
2005,bhr,1.453
2006,bhr,1.409
2007,bhr,1.335
2008,bhr,1.214
2009,bhr,1.842
2010,bhr,2.872
2011,bhr,3.549
2012,bhr,4.186
2013,bhr,5.376
2014,bhr,5.573
2015,bhr,6.361
2016,bhr,7.134
2017,bhr,7.924
2018,bhr,8.838
2019,bhr,9.862
2020,bhr,10.988
2003,bgd,"1,545.674"
2004,bgd,"1,679.803"
2005,bgd,"1,819.143"
2006,bgd,"2,041.466"
2007,bgd,"2,304.399"
2008,bgd,"2,550.767"
2009,bgd,"2,788.046"
2010,bgd,"2,920.429"
2011,bgd,"3,233.073"
2012,bgd,"3,568.902"
2013,bgd,"4,155.313"
2014,bgd,"4,574.235"
2015,bgd,"5,058.834"
2016,bgd,"5,588.942"
2017,bgd,"6,171.838"
2018,bgd,"6,720.171"
2019,bgd,"7,327.675"
2020,bgd,"7,915.191"
1994,brb,1.927
1995,brb,2.041
1996,brb,2.103
1997,brb,2.088
1998,brb,2.023
1999,brb,2.094
2000,brb,2.488
2001,brb,2.891
2002,brb,3.025
2003,brb,3.146
2004,brb,3.440
2005,brb,3.684
2006,brb,4.227
2007,brb,4.687
2008,brb,4.954
2009,brb,5.754
2010,brb,6.214
2011,brb,6.628
2012,brb,7.285
2013,brb,8.246
2014,brb,8.774
2015,brb,9.172
2016,brb,9.577
2017,brb,10.004
2018,brb,10.463
2019,brb,10.950
2020,brb,11.466
2004,blr,"4,767.449"
2005,blr,"5,459.825"
2006,blr,"8,793.700"
2007,blr,"17,826.582"
2008,blr,"27,957.873"
2009,blr,"47,682.359"
2010,blr,"64,970.884"
2011,blr,"136,382.309"
2012,blr,"203,986.039"
2013,blr,"243,842.786"
2014,blr,"294,935.142"
2015,blr,"384,778.522"
2016,blr,"532,326.699"
2017,blr,"635,745.163"
2018,blr,"746,345.639"
2019,blr,"893,179.596"
2020,blr,"1,067,022.939"
1980,bel,68.800
1981,bel,84.241
1982,bel,101.269
1983,bel,118.758
1984,bel,133.337
1985,bel,147.719
1986,bel,161.460
1987,bel,174.107
1988,bel,186.946
1989,bel,197.587
1990,bel,215.980
1991,bel,228.854
1992,bel,245.578
1993,bel,260.892
1994,bel,271.305
1995,bel,277.002
1996,bel,276.894
1997,bel,278.914
1998,bel,277.665
1999,bel,279.443
2000,bel,280.966
2001,bel,285.971
2002,bel,288.032
2003,bel,285.794
2004,bel,288.338
2005,bel,294.828
2006,bel,297.166
2007,bel,299.874
2008,bel,327.543
2009,bel,347.168
2010,bel,364.148
2011,bel,388.128
2012,bel,403.726
2013,bel,413.246
2014,bel,424.796
2015,bel,436.610
2016,bel,445.433
2017,bel,451.191
2018,bel,455.051
2019,bel,457.105
2020,bel,457.623
2001,blz,1.461
2002,blz,1.660
2003,blz,2.022
2004,blz,2.095
2005,blz,2.186
2006,blz,2.240
2007,blz,2.253
2008,blz,2.172
2009,blz,2.265
2010,blz,2.365
2011,blz,2.398
2012,blz,2.379
2013,blz,2.471
2014,blz,2.609
2015,blz,2.698
2016,blz,3.576
2017,blz,3.606
2018,blz,3.712
2019,blz,3.838
2020,blz,3.963
2000,ben,989.769
2001,ben,"1,019.988"
2002,ben,895.249
2003,ben,725.279
2004,ben,702.150
2005,ben,934.213
2006,ben,307.438
2007,ben,558.576
2008,ben,799.146
2009,ben,848.721
2010,ben,981.683
2011,ben,"1,097.053"
2012,ben,"1,123.390"
2013,ben,"1,223.753"
2014,ben,"1,325.528"
2015,ben,"1,472.116"
2016,ben,"1,680.957"
2017,ben,"1,903.681"
2018,ben,"2,131.631"
2019,ben,"2,267.836"
2020,ben,"2,348.742"
1993,btn,4.322
1994,btn,4.377
1995,btn,3.729
1996,btn,4.070
1997,btn,4.253
1998,btn,5.535
1999,btn,6.942
2000,btn,8.684
2001,btn,11.448
2002,btn,14.523
2003,btn,20.550
2004,btn,23.907
2005,btn,28.725
2006,btn,31.661
2007,btn,34.240
2008,btn,30.520
2009,btn,41.002
2010,btn,38.440
2011,btn,54.301
2012,btn,66.932
2013,btn,94.655
2014,btn,131.044
2015,btn,163.301
2016,btn,199.093
2017,btn,229.666
2018,btn,258.725
2019,btn,294.654
2020,btn,340.761
2000,bol,34.736
2001,bol,32.251
2002,bol,39.192
2003,bol,45.850
2004,bol,62.362
2005,bol,61.908
2006,bol,50.673
2007,bol,41.725
2008,bol,44.843
2009,bol,48.681
2010,bol,53.110
2011,bol,57.626
2012,bol,62.390
2013,bol,68.854
2014,bol,76.536
2015,bol,87.226
2016,bol,101.193
2017,bol,115.046
2018,bol,129.309
2019,bol,143.482
2020,bol,157.981
1998,bih,5.013
1999,bih,5.922
2000,bih,4.088
2001,bih,4.452
2002,bih,4.350
2003,bih,4.058
2004,bih,4.076
2005,bih,4.387
2006,bih,4.126
2007,bih,4.096
2008,bih,7.717
2009,bih,8.690
2010,bih,9.717
2011,bih,10.237
2012,bih,11.210
2013,bih,10.918
2014,bih,11.900
2015,bih,12.645
2016,bih,13.194
2017,bih,13.633
2018,bih,13.823
2019,bih,13.623
2020,bih,13.324
1998,bwa,2.423
1999,bwa,2.425
2000,bwa,2.426
2001,bwa,2.917
2002,bwa,2.917
2003,bwa,4.489
2004,bwa,4.689
2005,bwa,3.893
2006,bwa,3.657
2007,bwa,5.694
2008,bwa,5.694
2009,bwa,13.938
2010,bwa,18.790
2011,bwa,21.296
2012,bwa,21.902
2013,bwa,22.671
2014,bwa,20.938
2015,bwa,20.028
2016,bwa,19.337
2017,bwa,18.452
2018,bwa,17.588
2019,bwa,16.747
2020,bwa,15.907
2000,bra,786.135
2001,bra,921.736
2002,bra,"1,173.131"
2003,bra,"1,268.243"
2004,bra,"1,371.930"
2005,bra,"1,488.699"
2006,bra,"1,586.507"
2007,bra,"1,733.983"
2008,bra,"1,923.972"
2009,bra,"2,164.607"
2010,bra,"2,449.830"
2011,bra,"2,678.502"
2012,bra,"2,994.571"
2013,bra,"3,209.247"
2014,bra,"3,600.867"
2015,bra,"3,941.618"
2016,bra,"4,207.750"
2017,bra,"4,477.854"
2018,bra,"4,809.607"
2019,bra,"5,173.483"
2020,bra,"5,492.344"
1980,brn,0.000
1981,brn,0.000
1982,brn,0.000
1983,brn,0.000
1984,brn,0.000
1985,brn,0.000
1986,brn,0.000
1987,brn,0.000
1988,brn,0.000
1989,brn,0.000
1990,brn,0.000
1991,brn,0.000
1992,brn,0.000
1993,brn,0.000
1994,brn,0.000
1995,brn,0.000
1996,brn,0.000
1997,brn,0.000
1998,brn,0.000
1999,brn,0.000
2000,brn,0.000
2001,brn,0.000
2002,brn,0.000
2003,brn,0.000
2004,brn,0.000
2005,brn,0.000
2006,brn,0.120
2007,brn,0.140
2008,brn,0.213
2009,brn,0.192
2010,brn,0.208
2011,brn,0.496
2012,brn,0.500
2013,brn,0.500
2014,brn,0.500
2015,brn,0.500
2016,brn,0.500
2017,brn,0.500
2018,brn,0.500
2019,brn,0.500
2020,brn,0.500
2000,bgr,20.627
2001,bgr,20.780
2002,bgr,18.194
2003,bgr,16.644
2004,bgr,15.559
2005,bgr,13.387
2006,bgr,12.120
2007,bgr,11.167
2008,bgr,10.710
2009,bgr,10.641
2010,bgr,10.532
2011,bgr,11.629
2012,bgr,13.674
2013,bgr,14.119
2014,bgr,22.102
2015,bgr,23.749
2016,bgr,25.846
2017,bgr,27.598
2018,bgr,28.984
2019,bgr,29.946
2020,bgr,30.437
2002,bfa,"1,087.741"
2003,bfa,"1,090.266"
2004,bfa,"1,171.241"
2005,bfa,"1,270.815"
2006,bfa,687.147
2007,bfa,822.041
2008,bfa,943.113
2009,bfa,"1,126.036"
2010,bfa,"1,304.827"
2011,bfa,"1,508.156"
2012,bfa,"1,616.335"
2013,bfa,"1,733.666"
2014,bfa,"1,747.562"
2015,bfa,"2,005.765"
2016,bfa,"2,116.732"
2017,bfa,"2,423.735"
2018,bfa,"2,737.737"
2019,bfa,"3,107.372"
2020,bfa,"3,521.927"
2000,bdi,855.743
2001,bdi,927.328
2002,bdi,"1,222.029"
2003,bdi,"1,460.676"
2004,bdi,"1,740.324"
2005,bdi,"1,655.054"
2006,bdi,"1,706.208"
2007,bdi,"1,901.726"
2008,bdi,"1,959.209"
2009,bdi,561.119
2010,bdi,"1,007.519"
2011,bdi,"1,102.623"
2012,bdi,"1,315.121"
2013,bdi,"1,386.016"
2014,bdi,"1,461.431"
2015,bdi,"1,428.522"
2016,bdi,"1,447.991"
2017,bdi,"1,466.176"
2018,bdi,"1,486.512"
2019,bdi,"1,510.351"
2020,bdi,"1,566.413"
2002,cpv,65.709
2003,cpv,70.856
2004,cpv,76.050
2005,cpv,82.514
2006,cpv,84.507
2007,cpv,79.260
2008,cpv,77.347
2009,cpv,88.559
2010,cpv,100.364
2011,cpv,116.585
2012,cpv,136.987
2013,cpv,153.693
2014,cpv,176.778
2015,cpv,200.520
2016,cpv,217.419
2017,cpv,231.253
2018,cpv,239.713
2019,cpv,241.328
2020,cpv,243.930
1996,khm,"2,774.458"
1997,khm,"3,203.510"
1998,khm,"4,358.002"
1999,khm,"4,646.441"
2000,khm,"4,961.955"
2001,khm,"5,451.117"
2002,khm,"6,669.983"
2003,khm,"7,988.548"
2004,khm,"8,930.733"
2005,khm,"9,290.056"
2006,khm,"9,759.815"
2007,khm,"10,742.539"
2008,khm,"11,536.436"
2009,khm,"12,478.451"
2010,khm,"13,699.541"
2011,khm,"14,938.162"
2012,khm,"16,368.232"
2013,khm,"17,732.075"
2014,khm,"19,742.154"
2015,khm,"21,684.459"
2016,khm,"23,633.534"
2017,khm,"25,610.869"
2018,khm,"27,857.490"
2019,khm,"30,380.899"
2020,khm,"33,215.031"
2000,cmr,"5,487.661"
2001,cmr,"4,999.993"
2002,cmr,"4,875.535"
2003,cmr,"4,771.401"
2004,cmr,"5,135.483"
2005,cmr,"4,510.040"
2006,cmr,"1,489.116"
2007,cmr,"1,170.810"
2008,cmr,"1,014.619"
2009,cmr,"1,114.198"
2010,cmr,"1,348.651"
2011,cmr,"1,661.634"
2012,cmr,"2,085.140"
2013,cmr,"2,720.508"
2014,cmr,"3,740.395"
2015,cmr,"5,021.791"
2016,cmr,"6,013.602"
2017,cmr,"7,007.810"
2018,cmr,"7,958.968"
2019,cmr,"8,770.737"
2020,cmr,"9,577.453"
1980,can,146.664
1981,can,172.956
1982,can,204.532
1983,can,245.623
1984,can,283.464
1985,can,332.044
1986,can,372.020
1987,can,408.279
1988,can,445.537
1989,can,485.797
1990,can,522.644
1991,can,576.925
1992,can,646.163
1993,can,716.087
1994,can,772.018
1995,can,832.321
1996,can,861.931
1997,can,864.051
1998,can,877.439
1999,can,896.709
2000,can,889.686
2001,can,932.368
2002,can,950.229
2003,can,952.501
2004,can,960.249
2005,can,"1,004.217"
2006,can,"1,046.423"
2007,can,"1,044.615"
2008,can,"1,166.028"
2009,can,"1,300.628"
2010,can,"1,406.060"
2011,can,"1,510.409"
2012,can,"1,610.448"
2013,can,"1,660.009"
2014,can,"1,709.740"
2015,can,"1,753.438"
2016,can,"1,792.510"
2017,can,"1,831.714"
2018,can,"1,872.595"
2019,can,"1,915.998"
2020,can,"1,960.012"
2000,caf,583.239
2001,caf,679.772
2002,caf,674.810
2003,caf,662.253
2004,caf,690.055
2005,caf,767.286
2006,caf,723.576
2007,caf,643.329
2008,caf,712.702
2009,caf,344.345
2010,caf,317.819
2011,caf,337.921
2012,caf,337.809
2013,caf,385.870
2014,caf,368.732
2015,caf,415.881
2016,caf,470.000
2017,caf,539.061
2018,caf,621.138
2019,caf,714.073
2020,caf,818.371
1999,tcd,635.153
2000,tcd,737.382
2001,tcd,797.863
2002,tcd,788.723
2003,tcd,737.926
2004,tcd,797.694
2005,tcd,898.930
2006,tcd,"1,018.468"
2007,tcd,917.068
2008,tcd,925.000
2009,tcd,"1,383.704"
2010,tcd,"1,090.596"
2011,tcd,"1,188.016"
2012,tcd,"1,130.859"
2013,tcd,"1,193.493"
2014,tcd,"1,719.687"
2015,tcd,"1,648.482"
2016,tcd,"1,686.219"
2017,tcd,"1,685.393"
2018,tcd,"1,754.595"
2019,tcd,"1,814.960"
2020,tcd,"1,706.743"
1990,chl,"4,370.721"
1991,chl,"4,937.066"
1992,chl,"5,117.626"
1993,chl,"5,635.739"
1994,chl,"5,454.233"
1995,chl,"5,062.569"
1996,chl,"4,724.475"
1997,chl,"4,593.961"
1998,chl,"4,572.509"
1999,chl,"5,106.574"
2000,chl,"5,549.436"
2001,chl,"6,515.329"
2002,chl,"7,286.297"
2003,chl,"6,650.792"
2004,chl,"6,228.846"
2005,chl,"4,819.883"
2006,chl,"4,097.148"
2007,chl,"3,517.356"
2008,chl,"4,614.497"
2009,chl,"5,619.223"
2010,chl,"9,535.014"
2011,chl,"13,520.452"
2012,chl,"15,517.619"
2013,chl,"17,553.517"
2014,chl,"20,439.375"
2015,chl,"25,362.505"
2016,chl,"29,604.344"
2017,chl,"33,445.062"
2018,chl,"36,591.927"
2019,chl,"39,872.124"
2020,chl,"43,391.905"
1995,chn,"1,319.843"
1996,chn,"1,532.806"
1997,chn,"1,632.461"
1998,chn,"3,150.973"
1999,chn,"3,371.617"
2000,chn,"3,697.353"
2001,chn,"4,115.714"
2002,chn,"4,547.209"
2003,chn,"5,076.735"
2004,chn,"5,659.487"
2005,chn,"6,337.524"
2006,chn,"7,014.154"
2007,chn,"9,284.678"
2008,chn,"10,005.205"
2009,chn,"12,483.924"
2010,chn,"14,725.503"
2011,chn,"17,235.772"
2012,chn,"19,744.149"
2013,chn,"23,100.960"
2014,chn,"26,180.996"
2015,chn,"29,983.757"
2016,chn,"33,989.377"
2017,chn,"38,037.614"
2018,chn,"42,183.731"
2019,chn,"46,437.868"
2020,chn,"50,650.714"
1996,col,"28,020.799"
1997,col,"36,736.802"
1998,col,"46,083.445"
1999,col,"61,540.305"
2000,col,"78,704.172"
2001,col,"78,704.172"
2002,col,"92,214.273"
2003,col,"121,934.539"
2004,col,"127,417.474"
2005,col,"130,223.651"
2006,col,"136,909.820"
2007,col,"139,189.821"
2008,col,"152,982.445"
2009,col,"177,490.809"
2010,col,"201,683.405"
2011,col,"222,145.417"
2012,col,"212,777.289"
2013,col,"252,836.233"
2014,col,"292,802.658"
2015,col,"323,334.548"
2016,col,"343,245.038"
2017,col,"366,154.057"
2018,col,"387,306.227"
2019,col,"407,532.376"
2020,col,"426,455.947"
2000,com,109.901
2001,com,108.556
2002,com,107.221
2003,com,105.829
2004,com,104.534
2005,com,103.391
2006,com,103.804
2007,com,103.274
2008,com,102.356
2009,com,101.456
2010,com,101.579
2011,com,99.663
2012,com,97.074
2013,com,44.204
2014,com,51.903
2015,com,54.852
2016,com,57.093
2017,com,59.135
2018,com,61.391
2019,com,57.998
2020,com,56.214
2000,cod,"1,777.818"
2001,cod,"4,052.704"
2002,cod,"4,116.446"
2003,cod,"4,147.315"
2004,cod,"5,097.857"
2005,cod,"5,041.249"
2006,cod,"6,693.752"
2007,cod,"7,053.000"
2008,cod,"9,340.322"
2009,cod,"13,280.040"
2010,cod,"5,050.791"
2011,cod,"5,038.506"
2012,cod,"5,032.622"
2013,cod,"5,490.108"
2014,cod,"6,316.089"
2015,cod,"7,404.265"
2016,cod,"8,454.573"
2017,cod,"10,201.866"
2018,cod,"12,040.549"
2019,cod,"13,684.189"
2020,cod,"15,013.513"
1990,cog,"1,058.700"
1991,cog,"1,059.100"
1992,cog,"1,005.400"
1993,cog,"1,295.700"
1994,cog,"2,654.166"
1995,cog,"2,775.784"
1996,cog,"2,758.072"
1997,cog,"2,982.389"
1998,cog,"3,041.364"
1999,cog,"3,357.044"
2000,cog,"3,741.897"
2001,cog,"4,010.252"
2002,cog,"3,794.909"
2003,cog,"4,152.430"
2004,cog,"4,879.168"
2005,cog,"3,476.272"
2006,cog,"3,994.717"
2007,cog,"3,941.085"
2008,cog,"3,614.503"
2009,cog,"2,791.604"
2010,cog,"1,361.079"
2011,cog,"2,251.393"
2012,cog,"2,382.787"
2013,cog,"2,541.758"
2014,cog,"2,818.336"
2015,cog,"3,040.282"
2016,cog,"3,089.345"
2017,cog,"3,112.799"
2018,cog,"3,073.405"
2019,cog,"2,991.472"
2020,cog,"2,911.955"
2000,cri,"1,797.617"
2001,cri,"2,082.923"
2002,cri,"2,471.929"
2003,cri,"2,793.181"
2004,cri,"3,341.689"
2005,cri,"3,574.222"
2006,cri,"3,836.673"
2007,cri,"3,746.608"
2008,cri,"3,891.320"
2009,cri,"4,587.315"
2010,cri,"5,562.340"
2011,cri,"6,381.773"
2012,cri,"8,014.506"
2013,cri,"8,931.944"
2014,cri,"10,617.006"
2015,cri,"12,411.190"
2016,cri,"14,097.250"
2017,cri,"15,911.153"
2018,cri,"17,967.415"
2019,cri,"20,285.154"
2020,cri,"22,681.289"
1997,civ,"7,961.374"
1998,civ,"7,730.103"
1999,civ,"8,217.929"
2000,civ,"7,803.500"
2001,civ,"8,071.600"
2002,civ,"7,491.942"
2003,civ,"6,933.186"
2004,civ,"6,856.420"
2005,civ,"7,245.360"
2006,civ,"7,394.259"
2007,civ,"7,214.742"
2008,civ,"7,683.448"
2009,civ,"7,364.420"
2010,civ,"7,770.541"
2011,civ,"8,376.343"
2012,civ,"6,194.524"
2013,civ,"6,126.631"
2014,civ,"6,102.196"
2015,civ,"6,393.234"
2016,civ,"6,750.821"
2017,civ,"7,097.215"
2018,civ,"7,448.773"
2019,civ,"7,837.693"
2020,civ,"7,869.273"
2002,hrv,74.245
2003,hrv,84.474
2004,hrv,96.144
2005,hrv,104.337
2006,hrv,106.153
2007,hrv,110.961
2008,hrv,125.252
2009,hrv,147.154
2010,hrv,173.088
2011,hrv,199.311
2012,hrv,212.964
2013,hrv,249.836
2014,hrv,266.188
2015,hrv,282.139
2016,hrv,295.047
2017,hrv,306.422
2018,hrv,316.956
2019,hrv,327.933
2020,hrv,339.380
1995,cyp,3.577
1996,cyp,3.931
1997,cyp,4.497
1998,cyp,5.325
1999,cyp,5.781
2000,cyp,5.931
2001,cyp,6.568
2002,cyp,7.246
2003,cyp,8.093
2004,cyp,8.963
2005,cyp,9.491
2006,cyp,9.445
2007,cyp,9.307
2008,cyp,8.388
2009,cyp,9.865
2010,cyp,10.770
2011,cyp,12.869
2012,cyp,15.431
2013,cyp,18.519
2014,cyp,18.751
2015,cyp,18.493
2016,cyp,19.837
2017,cyp,19.384
2018,cyp,19.158
2019,cyp,18.978
2020,cyp,18.770
1995,cze,214.597
1996,cze,210.110
1997,cze,237.199
1998,cze,298.516
1999,cze,340.124
2000,cze,403.945
2001,cze,584.891
2002,cze,694.891
2003,cze,768.223
2004,cze,847.786
2005,cze,885.401
2006,cze,948.111
2007,cze,"1,023.430"
2008,cze,"1,104.338"
2009,cze,"1,299.262"
2010,cze,"1,454.385"
2011,cze,"1,583.262"
2012,cze,"1,775.065"
2013,cze,"1,788.209"
2014,cze,"1,774.591"
2015,cze,"1,855.138"
2016,cze,"1,931.872"
2017,cze,"1,990.830"
2018,cze,"2,050.796"
2019,cze,"2,110.405"
2020,cze,"2,166.299"
1992,dnk,616.300
1993,dnk,730.025
1994,dnk,747.318
1995,dnk,739.973
1996,dnk,742.696
1997,dnk,736.712
1998,dnk,714.907
1999,dnk,704.738
2000,dnk,694.695
2001,dnk,665.304
2002,dnk,692.175
2003,dnk,663.062
2004,dnk,664.989
2005,dnk,593.352
2006,dnk,530.743
2007,dnk,475.504
2008,dnk,600.127
2009,dnk,691.988
2010,dnk,771.235
2011,dnk,850.862
2012,dnk,850.553
2013,dnk,851.095
2014,dnk,816.299
2015,dnk,860.483
2016,dnk,902.935
2017,dnk,943.431
2018,dnk,975.705
2019,dnk,998.613
2020,dnk,"1,011.190"
1999,dji,56.217
2000,dji,57.474
2001,dji,59.637
2002,dji,67.528
2003,dji,73.971
2004,dji,77.374
2005,dji,76.018
2006,dji,79.767
2007,dji,85.400
2008,dji,103.673
2009,dji,107.395
2010,dji,101.398
2011,dji,99.488
2012,dji,104.171
2013,dji,109.391
2014,dji,125.849
2015,dji,178.092
2016,dji,215.487
2017,dji,237.687
2018,dji,250.767
2019,dji,258.902
2020,dji,262.127
1990,dma,0.308
1991,dma,0.348
1992,dma,0.349
1993,dma,0.367
1994,dma,0.407
1995,dma,0.439
1996,dma,0.431
1997,dma,0.403
1998,dma,0.497
1999,dma,0.555
2000,dma,0.626
2001,dma,0.896
2002,dma,0.894
2003,dma,0.910
2004,dma,0.851
2005,dma,0.835
2006,dma,0.848
2007,dma,0.852
2008,dma,0.823
2009,dma,0.829
2010,dma,0.898
2011,dma,0.928
2012,dma,0.971
2013,dma,1.040
2014,dma,1.096
2015,dma,1.155
2016,dma,1.221
2017,dma,1.293
2018,dma,1.372
2019,dma,1.459
2020,dma,1.552
1997,dom,38.824
1998,dom,42.218
1999,dom,56.003
2000,dom,65.711
2001,dom,69.146
2002,dom,81.831
2003,dom,224.365
2004,dom,218.641
2005,dom,231.644
2006,dom,246.665
2007,dom,254.944
2008,dom,324.821
2009,dom,393.095
2010,dom,470.040
2011,dom,571.498
2012,dom,724.919
2013,dom,886.047
2014,dom,979.330
2015,dom,913.511
2016,dom,"1,163.747"
2017,dom,"1,265.178"
2018,dom,"1,378.257"
2019,dom,"1,519.470"
2020,dom,"1,673.367"
2001,ecu,15.244
2002,ecu,14.994
2003,ecu,14.553
2004,ecu,14.547
2005,ecu,14.537
2006,ecu,13.492
2007,ecu,13.873
2008,ecu,13.734
2009,ecu,10.235
2010,ecu,13.337
2011,ecu,14.562
2012,ecu,18.652
2013,ecu,22.840
2014,ecu,30.014
2015,ecu,35.220
2016,ecu,40.190
2017,ecu,44.612
2018,ecu,47.722
2019,ecu,49.236
2020,ecu,50.771
2002,egy,341.735
2003,egy,426.238
2004,egy,492.482
2005,egy,556.382
2006,egy,558.075
2007,egy,597.281
2008,egy,628.616
2009,egy,761.067
2010,egy,882.890
2011,egy,"1,050.718"
2012,egy,"1,243.068"
2013,egy,"1,561.010"
2014,egy,"1,807.295"
2015,egy,"2,079.219"
2016,egy,"2,343.803"
2017,egy,"2,606.958"
2018,egy,"2,903.974"
2019,egy,"3,228.946"
2020,egy,"3,566.276"
1992,slv,2.637
1993,slv,2.407
1994,slv,2.633
1995,slv,2.674
1996,slv,2.956
1997,slv,3.048
1998,slv,2.938
1999,slv,3.159
2000,slv,3.483
2001,slv,4.479
2002,slv,5.359
2003,slv,5.890
2004,slv,6.225
2005,slv,6.590
2006,slv,7.253
2007,slv,7.646
2008,slv,8.412
2009,slv,9.961
2010,slv,10.637
2011,slv,11.561
2012,slv,13.146
2013,slv,13.455
2014,slv,14.302
2015,slv,15.458
2016,slv,16.699
2017,slv,18.008
2018,slv,19.412
2019,slv,20.968
2020,slv,22.685
1980,gnq,7.969
1981,gnq,14.583
1982,gnq,24.677
1983,gnq,32.155
1984,gnq,40.594
1985,gnq,49.884
1986,gnq,39.243
1987,gnq,38.564
1988,gnq,45.003
1989,gnq,51.226
1990,gnq,46.621
1991,gnq,51.575
1992,gnq,47.472
1993,gnq,57.175
1994,gnq,117.581
1995,gnq,94.273
1996,gnq,105.478
1997,gnq,116.181
1998,gnq,126.004
1999,gnq,224.974
2000,gnq,246.737
2001,gnq,249.349
2002,gnq,252.364
2003,gnq,144.925
2004,gnq,138.421
2005,gnq,104.995
2006,gnq,66.302
2007,gnq,49.507
2008,gnq,39.863
2009,gnq,317.874
2010,gnq,640.820
2011,gnq,570.935
2012,gnq,856.041
2013,gnq,691.706
2014,gnq,535.079
2015,gnq,"1,098.519"
2016,gnq,"1,447.882"
2017,gnq,"1,428.997"
2018,gnq,"1,293.211"
2019,gnq,"1,090.040"
2020,gnq,898.267
2000,eri,10.836
2001,eri,14.766
2002,eri,18.027
2003,eri,23.192
2004,eri,21.524
2005,eri,26.370
2006,eri,28.239
2007,eri,31.744
2008,eri,37.118
2009,eri,41.279
2010,eri,46.795
2011,eri,53.333
2012,eri,59.789
2013,eri,66.720
2014,eri,74.338
2015,eri,84.506
2016,eri,94.291
2017,eri,108.161
2018,eri,123.576
2019,eri,139.699
2020,eri,157.082
1995,est,0.248
1996,est,0.269
1997,est,0.276
1998,est,0.275
1999,est,0.321
2000,est,0.316
2001,est,0.334
2002,est,0.446
2003,est,0.490
2004,est,0.487
2005,est,0.511
2006,est,0.591
2007,est,0.592
2008,est,0.737
2009,est,0.991
2010,est,0.962
2011,est,0.996
2012,est,1.712
2013,est,1.888
2014,est,1.887
2015,est,2.068
2016,est,2.161
2017,est,2.232
2018,est,2.306
2019,est,2.384
2020,est,2.453
1992,eth,26.842
1993,eth,55.195
1994,eth,64.531
1995,eth,72.917
1996,eth,74.448
1997,eth,46.305
1998,eth,49.462
1999,eth,58.242
2000,eth,64.946
2001,eth,67.684
2002,eth,77.068
2003,eth,84.690
2004,eth,91.602
2005,eth,80.955
2006,eth,51.320
2007,eth,63.354
2008,eth,75.616
2009,eth,84.047
2010,eth,105.877
2011,eth,132.555
2012,eth,156.466
2013,eth,186.371
2014,eth,228.982
2015,eth,267.542
2016,eth,312.512
2017,eth,377.882
2018,eth,456.797
2019,eth,547.175
2020,eth,650.318
1992,fji,0.844
1993,fji,0.924
1994,fji,0.982
1995,fji,1.002
1996,fji,1.580
1997,fji,1.773
1998,fji,1.306
1999,fji,1.355
2000,fji,1.434
2001,fji,1.680
2002,fji,1.894
2003,fji,2.133
2004,fji,2.280
2005,fji,2.423
2006,fji,3.122
2007,fji,2.735
2008,fji,2.888
2009,fji,3.133
2010,fji,3.383
2011,fji,3.562
2012,fji,3.670
2013,fji,3.819
2014,fji,3.937
2015,fji,4.175
2016,fji,4.389
2017,fji,4.616
2018,fji,4.852
2019,fji,5.099
2020,fji,5.364
1980,fin,3.600
1981,fin,4.315
1982,fin,5.821
1983,fin,7.212
1984,fin,7.969
1985,fin,9.058
1986,fin,10.123
1987,fin,11.733
1988,fin,12.453
1989,fin,12.032
1990,fin,12.367
1991,fin,18.669
1992,fin,32.685
1993,fin,45.527
1994,fin,49.983
1995,fin,53.332
1996,fin,55.246
1997,fin,56.765
1998,fin,55.543
1999,fin,55.857
2000,fin,57.892
2001,fin,59.142
2002,fin,59.567
2003,fin,64.778
2004,fin,67.587
2005,fin,65.652
2006,fin,65.696
2007,fin,63.225
2008,fin,63.015
2009,fin,75.214
2010,fin,87.141
2011,fin,95.534
2012,fin,105.591
2013,fin,112.579
2014,fin,121.647
2015,fin,128.271
2016,fin,134.253
2017,fin,139.371
2018,fin,144.243
2019,fin,148.480
2020,fin,152.377
1980,fra,94.100
1981,fra,110.100
1982,fra,148.600
1983,fra,173.500
1984,fra,205.500
1985,fra,232.300
1986,fra,254.600
1987,fra,287.700
1988,fra,310.300
1989,fra,342.200
1990,fra,373.500
1991,fra,396.500
1992,fra,452.600
1993,fra,529.200
1994,fra,585.200
1995,fra,679.300
1996,fra,747.400
1997,fra,790.000
1998,fra,826.700
1999,fra,845.100
2000,fra,867.900
2001,fra,895.000
2002,fra,954.000
2003,fra,"1,047.100"
2004,fra,"1,120.800"
2005,fra,"1,187.300"
2006,fra,"1,190.600"
2007,fra,"1,248.900"
2008,fra,"1,354.200"
2009,fra,"1,527.200"
2010,fra,"1,627.900"
2011,fra,"1,749.400"
2012,fra,"1,865.800"
2013,fra,"1,953.400"
2014,fra,"2,037.800"
2015,fra,"2,116.259"
2016,fra,"2,186.187"
2017,fra,"2,244.880"
2018,fra,"2,289.931"
2019,fra,"2,316.678"
2020,fra,"2,325.922"
1990,gab,"1,553.085"
1991,gab,"1,450.238"
1992,gab,"1,385.130"
1993,gab,"1,469.384"
1994,gab,"1,765.843"
1995,gab,"1,933.655"
1996,gab,"2,002.217"
1997,gab,"1,888.526"
1998,gab,"2,466.986"
1999,gab,"2,234.485"
2000,gab,"2,785.532"
2001,gab,"2,979.256"
2002,gab,"3,000.624"
2003,gab,"2,652.467"
2004,gab,"2,470.864"
2005,gab,"2,461.019"
2006,gab,"2,102.425"
2007,gab,"2,366.310"
2008,gab,"1,175.777"
2009,gab,"1,324.946"
2010,gab,"1,458.494"
2011,gab,"1,532.090"
2012,gab,"1,742.184"
2013,gab,"2,283.205"
2014,gab,"2,356.116"
2015,gab,"2,770.281"
2016,gab,"3,111.037"
2017,gab,"3,162.788"
2018,gab,"3,313.494"
2019,gab,"3,474.529"
2020,gab,"3,580.616"
2000,gmb,9.457
2001,gmb,11.830
2002,gmb,16.583
2003,gmb,22.050
2004,gmb,23.485
2005,gmb,24.256
2006,gmb,25.840
2007,gmb,12.103
2008,gmb,13.700
2009,gmb,15.018
2010,gmb,18.567
2011,gmb,20.450
2012,gmb,22.464
2013,gmb,26.930
2014,gmb,34.455
2015,gmb,38.258
2016,gmb,39.500
2017,gmb,40.902
2018,gmb,41.881
2019,gmb,43.000
2020,gmb,44.038
2003,geo,4.131
2004,geo,3.800
2005,geo,3.548
2006,geo,3.337
2007,geo,3.265
2008,geo,4.494
2009,geo,5.560
2010,geo,6.990
2011,geo,7.247
2012,geo,7.852
2013,geo,8.640
2014,geo,10.241
2015,geo,13.012
2016,geo,14.173
2017,geo,15.079
2018,geo,15.885
2019,geo,16.664
2020,geo,16.890
1991,deu,606.730
1992,deu,692.637
1993,deu,776.617
1994,deu,854.885
1995,deu,"1,027.705"
1996,deu,"1,096.251"
1997,deu,"1,142.847"
1998,deu,"1,185.449"
1999,deu,"1,235.077"
2000,deu,"1,241.398"
2001,deu,"1,252.287"
2002,deu,"1,305.428"
2003,deu,"1,394.972"
2004,deu,"1,464.845"
2005,deu,"1,534.966"
2006,deu,"1,583.743"
2007,deu,"1,592.903"
2008,deu,"1,660.237"
2009,deu,"1,778.453"
2010,deu,"2,067.441"
2011,deu,"2,095.625"
2012,deu,"2,173.639"
2013,deu,"2,159.468"
2014,deu,"2,123.026"
2015,deu,"2,095.538"
2016,deu,"2,065.780"
2017,deu,"2,040.883"
2018,deu,"2,012.780"
2019,deu,"1,984.682"
2020,deu,"1,956.081"
1990,gha,0.092
1991,gha,0.113
1992,gha,0.165
1993,gha,0.322
1994,gha,0.649
1995,gha,0.959
1996,gha,1.177
1997,gha,1.637
1998,gha,1.830
1999,gha,2.927
2000,gha,4.948
2001,gha,5.406
2002,gha,6.511
2003,gha,8.029
2004,gha,7.507
2005,gha,7.578
2006,gha,4.899
2007,gha,7.179
2008,gha,10.078
2009,gha,13.258
2010,gha,21.395
2011,gha,25.453
2012,gha,36.962
2013,gha,52.301
2014,gha,76.632
2015,gha,92.779
2016,gha,105.020
2017,gha,115.774
2018,gha,125.114
2019,gha,134.515
2020,gha,144.428
1980,grc,1.510
1981,grc,2.142
1982,grc,2.959
1983,grc,4.046
1984,grc,6.001
1985,grc,8.521
1986,grc,10.296
1987,grc,12.896
1988,grc,17.086
1989,grc,21.285
1990,grc,31.416
1991,grc,39.610
1992,grc,49.030
1993,grc,69.236
1994,grc,76.957
1995,grc,86.876
1996,grc,97.793
1997,grc,105.186
1998,grc,111.924
1999,grc,118.583
2000,grc,140.971
2001,grc,151.869
2002,grc,159.214
2003,grc,168.025
2004,grc,183.157
2005,grc,195.421
2006,grc,224.204
2007,grc,239.300
2008,grc,263.284
2009,grc,299.685
2010,grc,329.515
2011,grc,355.172
2012,grc,303.918
2013,grc,319.172
2014,grc,317.309
2015,grc,316.063
2016,grc,311.221
2017,grc,305.265
2018,grc,299.456
2019,grc,293.264
2020,grc,286.497
1991,grd,0.341
1992,grd,0.336
1993,grd,0.379
1994,grd,0.401
1995,grd,0.398
1996,grd,0.435
1997,grd,0.439
1998,grd,0.485
1999,grd,0.449
2000,grd,0.584
2001,grd,0.627
2002,grd,1.154
2003,grd,1.270
2004,grd,1.532
2005,grd,1.654
2006,grd,1.769
2007,grd,1.842
2008,grd,1.891
2009,grd,1.919
2010,grd,2.042
2011,grd,2.127
2012,grd,2.257
2013,grd,2.436
2014,grd,2.494
2015,grd,2.551
2016,grd,2.565
2017,grd,2.578
2018,grd,2.589
2019,grd,2.600
2020,grd,2.606
2000,gtm,25.371
2001,gtm,29.671
2002,gtm,29.820
2003,gtm,36.361
2004,gtm,40.802
2005,gtm,43.119
2006,gtm,49.761
2007,gtm,55.859
2008,gtm,59.548
2009,gtm,70.579
2010,gtm,80.271
2011,gtm,87.852
2012,gtm,96.060
2013,gtm,104.072
2014,gtm,110.265
2015,gtm,123.022
2016,gtm,135.222
2017,gtm,148.087
2018,gtm,162.144
2019,gtm,177.411
2020,gtm,194.062
1990,gin,"1,753.925"
1991,gin,"2,240.786"
1992,gin,"2,555.792"
1993,gin,"3,004.066"
1994,gin,"3,276.793"
1995,gin,"3,389.946"
1996,gin,"3,612.066"
1997,gin,"3,874.310"
1998,gin,"4,698.525"
1999,gin,"6,140.732"
2000,gin,"6,455.026"
2001,gin,"6,714.087"
2002,gin,"6,565.415"
2003,gin,"7,705.619"
2004,gin,"9,769.279"
2005,gin,"16,080.217"
2006,gin,"20,896.005"
2007,gin,"15,667.830"
2008,gin,"18,735.187"
2009,gin,"19,769.983"
2010,gin,"27,020.334"
2011,gin,"26,239.216"
2012,gin,"14,029.016"
2013,gin,"16,984.449"
2014,gin,"17,397.634"
2015,gin,"17,728.087"
2016,gin,"17,777.987"
2017,gin,"17,713.828"
2018,gin,"17,510.802"
2019,gin,"17,091.778"
2020,gin,"16,614.215"
2000,gnb,603.249
2001,gnb,617.777
2002,gnb,639.276
2003,gnb,588.635
2004,gnb,618.845
2005,gnb,686.938
2006,gnb,631.438
2007,gnb,591.095
2008,gnb,632.300
2009,gnb,620.668
2010,gnb,222.072
2011,gnb,258.061
2012,gnb,265.019
2013,gnb,269.841
2014,gnb,308.374
2015,gnb,363.121
2016,gnb,338.838
2017,gnb,353.608
2018,gnb,364.110
2019,gnb,376.836
2020,gnb,343.612
1997,guy,220.602
1998,guy,231.489
1999,guy,237.946
2000,guy,246.543
2001,guy,273.552
2002,guy,295.734
2003,guy,280.192
2004,guy,294.404
2005,guy,304.406
2006,guy,274.905
2007,guy,210.885
2008,guy,241.354
2009,guy,267.754
2010,guy,299.899
2011,guy,342.537
2012,guy,364.017
2013,guy,351.079
2014,guy,420.711
2015,guy,481.396
2016,guy,523.332
2017,guy,567.536
2018,guy,608.146
2019,guy,642.773
2020,guy,670.778
1997,hti,23.730
1998,hti,25.533
1999,hti,27.643
2000,hti,43.044
2001,hti,42.505
2002,hti,51.161
2003,hti,74.450
2004,hti,76.693
2005,hti,80.313
2006,hti,78.091
2007,hti,77.070
2008,hti,95.931
2009,hti,75.067
2010,hti,46.792
2011,hti,36.274
2012,hti,54.566
2013,hti,78.549
2014,hti,103.838
2015,hti,117.846
2016,hti,134.359
2017,hti,150.945
2018,hti,170.029
2019,hti,189.552
2020,hti,208.283
1990,hnd,41.727
1991,hnd,31.084
1992,hnd,32.589
1993,hnd,35.672
1994,hnd,34.721
1995,hnd,34.503
1996,hnd,41.076
1997,hnd,55.000
1998,hnd,59.809
1999,hnd,71.764
2000,hnd,72.175
2001,hnd,77.282
2002,hnd,85.403
2003,hnd,99.586
2004,hnd,101.231
2005,hnd,105.149
2006,hnd,83.223
2007,hnd,57.740
2008,hnd,60.286
2009,hnd,75.827
2010,hnd,91.771
2011,hnd,107.233
2012,hnd,125.249
2013,hnd,170.484
2014,hnd,189.016
2015,hnd,212.819
2016,hnd,236.088
2017,hnd,257.686
2018,hnd,276.886
2019,hnd,296.629
2020,hnd,315.374
2001,hkg,42.920
2002,hkg,45.531
2003,hkg,46.399
2004,hkg,72.423
2005,hkg,70.212
2006,hkg,69.375
2007,hkg,69.467
2008,hkg,67.356
2009,hkg,81.594
2010,hkg,97.959
2011,hkg,117.135
2012,hkg,138.403
2013,hkg,143.939
2014,hkg,149.697
2015,hkg,155.685
2016,hkg,161.912
2017,hkg,168.388
2018,hkg,175.124
2019,hkg,182.129
2020,hkg,189.414
1997,hun,"5,363.743"
1998,hun,"6,152.765"
1999,hun,"6,967.923"
2000,hun,"7,290.004"
2001,hun,"7,942.953"
2002,hun,"9,539.987"
2003,hun,"10,963.718"
2004,hun,"12,283.128"
2005,hun,"13,582.511"
2006,hun,"15,603.956"
2007,hun,"16,755.471"
2008,hun,"19,370.391"
2009,hun,"20,448.176"
2010,hun,"21,798.751"
2011,hun,"22,720.746"
2012,hun,"22,414.051"
2013,hun,"23,085.005"
2014,hun,"24,521.395"
2015,hun,"25,387.139"
2016,hun,"26,392.429"
2017,hun,"27,402.148"
2018,hun,"28,462.222"
2019,hun,"29,538.535"
2020,hun,"30,705.916"
1980,isl,0.000
1981,isl,0.000
1982,isl,11.625
1983,isl,21.336
1984,isl,29.721
1985,isl,39.989
1986,isl,49.272
1987,isl,58.775
1988,isl,80.845
1989,isl,114.734
1990,isl,134.542
1991,isl,154.183
1992,isl,185.639
1993,isl,220.078
1994,isl,245.071
1995,isl,267.611
1996,isl,274.447
1997,isl,279.351
1998,isl,262.077
1999,isl,252.549
2000,isl,263.513
2001,isl,338.891
2002,isl,332.945
2003,isl,333.206
2004,isl,317.861
2005,isl,259.184
2006,isl,350.418
2007,isl,372.838
2008,isl,"1,041.612"
2009,isl,"1,317.114"
2010,isl,"1,428.225"
2011,isl,"1,617.630"
2012,isl,"1,645.939"
2013,isl,"1,605.196"
2014,isl,"1,609.814"
2015,isl,"1,565.489"
2016,isl,"1,536.369"
2017,isl,"1,517.171"
2018,isl,"1,510.453"
2019,isl,"1,500.402"
2020,isl,"1,486.912"
1991,ind,"5,076.448"
1992,ind,"5,765.658"
1993,ind,"6,861.487"
1994,ind,"7,681.368"
1995,ind,"8,544.610"
1996,ind,"9,363.912"
1997,ind,"10,663.665"
1998,ind,"12,279.180"
1999,ind,"14,169.846"
2000,ind,"16,036.426"
2001,ind,"18,547.209"
2002,ind,"21,013.458"
2003,ind,"23,937.681"
2004,ind,"27,003.917"
2005,ind,"29,877.018"
2006,ind,"33,115.753"
2007,ind,"36,917.688"
2008,ind,"41,964.292"
2009,ind,"46,981.503"
2010,ind,"52,509.832"
2011,ind,"60,142.828"
2012,ind,"67,373.897"
2013,ind,"74,344.229"
2014,ind,"82,197.644"
2015,ind,"90,864.199"
2016,ind,"101,083.794"
2017,ind,"112,291.156"
2018,ind,"124,709.929"
2019,ind,"138,361.076"
2020,ind,"153,676.010"
2000,idn,"1,321,664.260"
2001,idn,"1,319,703.216"
2002,idn,"1,235,243.739"
2003,idn,"1,218,649.897"
2004,idn,"1,281,670.370"
2005,idn,"1,285,763.615"
2006,idn,"1,301,930.661"
2007,idn,"1,389,400.000"
2008,idn,"1,638,100.000"
2009,idn,"1,592,000.000"
2010,idn,"1,683,400.000"
2011,idn,"1,809,600.000"
2012,idn,"1,978,200.000"
2013,idn,"2,371,900.000"
2014,idn,"2,638,541.155"
2015,idn,"3,069,407.584"
2016,idn,"3,402,466.586"
2017,idn,"3,751,131.141"
2018,idn,"4,095,610.722"
2019,idn,"4,466,422.194"
2020,idn,"4,856,551.412"
1996,irn,"43,979.578"
1997,irn,"48,267.142"
1998,irn,"62,004.183"
1999,irn,"62,356.901"
2000,irn,"76,379.464"
2001,irn,"86,281.119"
2002,irn,"222,889.548"
2003,irn,"246,594.672"
2004,irn,"264,446.921"
2005,irn,"267,196.090"
2006,irn,"295,591.642"
2007,irn,"376,881.647"
2008,irn,"347,612.207"
2009,irn,"410,275.360"
2010,irn,"583,914.469"
2011,irn,"561,103.625"
2012,irn,"800,197.040"
2013,irn,"1,049,706.360"
2014,irn,"1,302,568.008"
2015,irn,"1,435,285.300"
2016,irn,"1,716,106.583"
2017,irn,"2,020,176.343"
2018,irn,"2,327,081.345"
2019,irn,"2,634,817.698"
2020,irn,"2,946,774.493"
2004,irq,"183,298.612"
2005,irq,"167,174.791"
2006,irq,"136,848.475"
2007,irq,"130,497.848"
2008,irq,"116,462.322"
2009,irq,"114,148.741"
2010,irq,"86,272.919"
2011,irq,"88,175.005"
2012,irq,"87,920.640"
2013,irq,"87,027.634"
2014,irq,"95,456.618"
2015,irq,"112,591.147"
2016,irq,"130,675.888"
2017,irq,"129,133.897"
2018,irq,"123,978.479"
2019,irq,"118,831.986"
2020,irq,"107,864.007"
1980,irl,8.540
1981,irl,11.033
1982,irl,13.976
1983,irl,18.068
1984,irl,20.959
1985,irl,23.455
1986,irl,28.820
1987,irl,31.097
1988,irl,32.681
1989,irl,33.330
1990,irl,34.194
1991,irl,36.004
1992,irl,37.041
1993,irl,41.128
1994,irl,41.673
1995,irl,43.061
1996,irl,42.064
1997,irl,42.735
1998,irl,42.556
1999,irl,43.213
2000,irl,39.094
2001,irl,40.525
2002,irl,41.540
2003,irl,43.556
2004,irl,44.056
2005,irl,44.329
2006,irl,43.690
2007,irl,47.150
2008,irl,79.603
2009,irl,104.544
2010,irl,144.163
2011,irl,190.111
2012,irl,210.226
2013,irl,215.550
2014,irl,202.958
2015,irl,209.402
2016,irl,213.376
2017,irl,215.271
2018,irl,214.364
2019,irl,214.728
2020,irl,214.647
2000,isr,429.412
2001,isr,460.121
2002,isr,517.391
2003,isr,536.418
2004,isr,553.965
2005,isr,563.579
2006,isr,549.157
2007,isr,536.375
2008,isr,557.658
2009,isr,609.103
2010,isr,618.932
2011,isr,644.015
2012,isr,677.493
2013,isr,709.448
2014,isr,748.001
2015,isr,788.344
2016,isr,827.174
2017,isr,863.532
2018,isr,893.417
2019,isr,917.757
2020,isr,939.499
1988,ita,485.999
1989,ita,548.535
1990,ita,617.182
1991,ita,698.038
1992,ita,788.034
1993,ita,891.712
1994,ita,994.265
1995,ita,"1,070.572"
1996,ita,"1,227.835"
1997,ita,"1,236.201"
1998,ita,"1,258.223"
1999,ita,"1,285.093"
2000,ita,"1,302.587"
2001,ita,"1,360.325"
2002,ita,"1,371.673"
2003,ita,"1,397.454"
2004,ita,"1,449.654"
2005,ita,"1,518.634"
2006,ita,"1,588.070"
2007,ita,"1,605.944"
2008,ita,"1,671.165"
2009,ita,"1,769.794"
2010,ita,"1,851.256"
2011,ita,"1,907.625"
2012,ita,"1,989.934"
2013,ita,"2,069.841"
2014,ita,"2,134.947"
2015,ita,"2,177.447"
2016,ita,"2,205.282"
2017,ita,"2,224.204"
2018,ita,"2,234.044"
2019,ita,"2,234.861"
2020,ita,"2,228.636"
1999,jam,297.092
2000,jam,362.653
2001,jam,467.972
2002,jam,575.202
2003,jam,700.487
2004,jam,767.220
2005,jam,855.575
2006,jam,949.595
2007,jam,"1,047.252"
2008,jam,"1,285.642"
2009,jam,"1,546.993"
2010,jam,"1,682.394"
2011,jam,"1,787.769"
2012,jam,"1,963.694"
2013,jam,"2,066.815"
2014,jam,"2,210.752"
2015,jam,"2,244.972"
2016,jam,"2,357.441"
2017,jam,"2,435.403"
2018,jam,"2,484.559"
2019,jam,"2,515.373"
2020,jam,"2,530.511"
1980,jpn,"129,076.367"
1981,jpn,"151,558.685"
1982,jpn,"170,522.942"
1983,jpn,"194,032.779"
1984,jpn,"211,033.651"
1985,jpn,"227,761.738"
1986,jpn,"250,029.097"
1987,jpn,"269,420.789"
1988,jpn,"281,224.378"
1989,jpn,"289,778.864"
1990,jpn,"311,667.304"
1991,jpn,"327,694.449"
1992,jpn,"359,503.676"
1993,jpn,"392,398.661"
1994,jpn,"427,418.200"
1995,jpn,"476,974.200"
1996,jpn,"523,679.200"
1997,jpn,"570,832.200"
1998,jpn,"623,290.400"
1999,jpn,"684,696.300"
2000,jpn,"733,069.000"
2001,jpn,"776,689.100"
2002,jpn,"818,560.700"
2003,jpn,"845,917.000"
2004,jpn,"910,014.600"
2005,jpn,"939,458.400"
2006,jpn,"942,424.000"
2007,jpn,"938,808.000"
2008,jpn,"961,380.300"
2009,jpn,"990,554.000"
2010,jpn,"1,041,719.100"
2011,jpn,"1,083,243.100"
2012,jpn,"1,124,865.900"
2013,jpn,"1,164,763.100"
2014,jpn,"1,202,241.886"
2015,jpn,"1,232,499.111"
2016,jpn,"1,257,767.531"
2017,jpn,"1,279,953.388"
2018,jpn,"1,299,873.640"
2019,jpn,"1,321,113.278"
2020,jpn,"1,344,488.731"
1988,jor,4.171
1989,jor,5.132
1990,jor,6.067
1991,jor,5.935
1992,jor,5.465
1993,jor,5.320
1994,jor,5.504
1995,jor,5.419
1996,jor,5.591
1997,jor,5.479
1998,jor,6.154
1999,jor,6.241
2000,jor,6.027
2001,jor,6.139
2002,jor,6.775
2003,jor,7.203
2004,jor,7.429
2005,jor,7.525
2006,jor,8.149
2007,jor,8.949
2008,jor,9.394
2009,jor,10.955
2010,jor,12.592
2011,jor,14.483
2012,jor,17.610
2013,jor,20.674
2014,jor,22.652
2015,jor,24.525
2016,jor,25.634
2017,jor,26.499
2018,jor,26.994
2019,jor,27.575
2020,jor,28.317
2002,kaz,664.318
2003,kaz,690.066
2004,kaz,668.700
2005,kaz,614.800
2006,kaz,680.981
2007,kaz,754.749
2008,kaz,"1,086.120"
2009,kaz,"1,739.377"
2010,kaz,"2,330.494"
2011,kaz,"2,869.779"
2012,kaz,"3,760.674"
2013,kaz,"4,536.780"
2014,kaz,"5,751.545"
2015,kaz,"6,504.308"
2016,kaz,"8,020.031"
2017,kaz,"9,969.117"
2018,kaz,"12,773.103"
2019,kaz,"15,696.803"
2020,kaz,"18,937.512"
1998,ken,513.567
1999,ken,538.004
2000,ken,562.441
2001,ken,642.027
2002,ken,719.015
2003,ken,766.953
2004,ken,769.375
2005,ken,767.077
2006,ken,818.833
2007,ken,825.524
2008,ken,"1,029.700"
2009,ken,"1,176.826"
2010,ken,"1,407.270"
2011,ken,"1,603.986"
2012,ken,"1,736.463"
2013,ken,"2,009.773"
2014,ken,"2,596.942"
2015,ken,"3,040.342"
2016,ken,"3,517.343"
2017,ken,"3,964.966"
2018,ken,"4,421.754"
2019,ken,"4,881.862"
2020,ken,"5,362.440"
1988,kir,0.001
1989,kir,0.002
1990,kir,0.004
1991,kir,0.004
1992,kir,0.006
1993,kir,0.009
1994,kir,0.011
1995,kir,0.011
1996,kir,0.011
1997,kir,0.012
1998,kir,0.012
1999,kir,0.014
2000,kir,0.014
2001,kir,0.019
2002,kir,0.016
2003,kir,0.016
2004,kir,0.017
2005,kir,0.015
2006,kir,0.017
2007,kir,0.016
2008,kir,0.021
2009,kir,0.016
2010,kir,0.019
2011,kir,0.014
2012,kir,0.013
2013,kir,0.015
2014,kir,0.016
2015,kir,0.019
2016,kir,0.025
2017,kir,0.027
2018,kir,0.029
2019,kir,0.032
2020,kir,0.034
1990,kor,"26,432.992"
1991,kor,"29,810.113"
1992,kor,"33,356.406"
1993,kor,"35,372.264"
1994,kor,"37,079.170"
1995,kor,"38,366.081"
1996,kor,"39,659.452"
1997,kor,"54,334.560"
1998,kor,"76,932.250"
1999,kor,"96,614.459"
2000,kor,"108,705.566"
2001,kor,"121,815.723"
2002,kor,"133,730.000"
2003,kor,"165,825.000"
2004,kor,"203,687.000"
2005,kor,"247,972.000"
2006,kor,"282,783.000"
2007,kor,"298,902.000"
2008,kor,"309,046.000"
2009,kor,"359,609.000"
2010,kor,"392,237.500"
2011,kor,"422,839.000"
2012,kor,"445,133.000"
2013,kor,"484,234.000"
2014,kor,"532,734.706"
2015,kor,"582,251.164"
2016,kor,"629,398.185"
2017,kor,"673,852.414"
2018,kor,"714,974.623"
2019,kor,"751,937.741"
2020,kor,"784,242.923"
2007,uvk,0.859
2008,uvk,0.823
2009,uvk,0.708
2010,uvk,0.702
2011,uvk,0.696
2012,uvk,0.851
2013,uvk,0.915
2014,uvk,1.049
2015,uvk,1.177
2016,uvk,1.345
2017,uvk,1.539
2018,uvk,1.772
2019,uvk,2.027
2020,uvk,2.287
1990,kwt,0.058
1991,kwt,6.367
1992,kwt,7.100
1993,kwt,8.171
1994,kwt,8.438
1995,kwt,7.406
1996,kwt,5.573
1997,kwt,5.450
1998,kwt,4.704
1999,kwt,4.660
2000,kwt,4.099
2001,kwt,3.897
2002,kwt,3.747
2003,kwt,3.509
2004,kwt,3.261
2005,kwt,3.336
2006,kwt,3.115
2007,kwt,3.855
2008,kwt,3.792
2009,kwt,3.369
2010,kwt,3.751
2011,kwt,3.633
2012,kwt,3.307
2013,kwt,3.261
2014,kwt,3.472
2015,kwt,3.590
2016,kwt,3.704
2017,kwt,3.814
2018,kwt,3.921
2019,kwt,4.025
2020,kwt,4.126
2000,kgz,79.915
2001,kgz,79.288
2002,kgz,80.542
2003,kgz,89.655
2004,kgz,87.660
2005,kgz,86.713
2006,kgz,82.504
2007,kgz,80.605
2008,kgz,91.098
2009,kgz,116.843
2010,kgz,131.619
2011,kgz,141.223
2012,kgz,152.053
2013,kgz,163.800
2014,kgz,210.694
2015,kgz,261.581
2016,kgz,303.640
2017,kgz,340.948
2018,kgz,359.569
2019,kgz,376.598
2020,kgz,401.379
2001,lao,"15,799.877"
2002,lao,"18,779.078"
2003,lao,"21,331.286"
2004,lao,"22,641.669"
2005,lao,"23,790.160"
2006,lao,"24,601.820"
2007,lao,"25,272.076"
2008,lao,"27,020.797"
2009,lao,"29,848.344"
2010,lao,"33,182.005"
2011,lao,"35,294.278"
2012,lao,"43,747.130"
2013,lao,"48,221.606"
2014,lao,"57,284.288"
2015,lao,"64,548.371"
2016,lao,"75,137.143"
2017,lao,"87,539.662"
2018,lao,"101,996.738"
2019,lao,"119,353.908"
2020,lao,"137,652.981"
1999,lva,0.742
2000,lva,0.829
2001,lva,1.039
2002,lva,1.103
2003,lva,1.329
2004,lva,1.525
2005,lva,1.517
2006,lva,1.568
2007,lva,1.632
2008,lva,3.936
2009,lva,6.111
2010,lva,7.229
2011,lva,7.611
2012,lva,8.042
2013,lva,8.166
2014,lva,9.090
2015,lva,9.439
2016,lva,9.723
2017,lva,10.213
2018,lva,10.379
2019,lva,10.506
2020,lva,10.630
2000,lbn,"37,989.088"
2001,lbn,"42,680.580"
2002,lbn,"46,320.625"
2003,lbn,"50,321.886"
2004,lbn,"54,082.000"
2005,lbn,"57,984.500"
2006,lbn,"60,850.923"
2007,lbn,"63,364.149"
2008,lbn,"70,888.000"
2009,lbn,"77,112.000"
2010,lbn,"79,298.000"
2011,lbn,"80,887.000"
2012,lbn,"86,959.000"
2013,lbn,"95,692.000"
2014,lbn,"101,147.925"
2015,lbn,"108,637.464"
2016,lbn,"116,020.884"
2017,lbn,"124,263.904"
2018,lbn,"133,515.857"
2019,lbn,"143,868.142"
2020,lbn,"155,121.164"
1988,lso,0.282
1989,lso,0.370
1990,lso,0.311
1991,lso,0.249
1992,lso,1.613
1993,lso,2.041
1994,lso,2.200
1995,lso,2.369
1996,lso,3.031
1997,lso,3.140
1998,lso,4.197
1999,lso,4.755
2000,lso,5.600
2001,lso,7.933
2002,lso,6.558
2003,lso,4.693
2004,lso,4.544
2005,lso,5.391
2006,lso,6.303
2007,lso,6.868
2008,lso,6.919
2009,lso,5.528
2010,lso,5.747
2011,lso,6.886
2012,lso,7.867
2013,lso,9.284
2014,lso,10.744
2015,lso,12.400
2016,lso,13.786
2017,lso,15.651
2018,lso,18.048
2019,lso,21.350
2020,lso,24.950
2000,lbr,3.606
2001,lbr,3.742
2002,lbr,3.879
2003,lbr,4.017
2004,lbr,4.169
2005,lbr,4.322
2006,lbr,4.475
2007,lbr,4.529
2008,lbr,3.338
2009,lbr,1.968
2010,lbr,0.414
2011,lbr,0.439
2012,lbr,0.454
2013,lbr,0.521
2014,lbr,0.674
2015,lbr,0.827
2016,lbr,0.948
2017,lbr,1.084
2018,lbr,1.208
2019,lbr,1.322
2020,lbr,1.413
1990,lby,6.372
1991,lby,6.372
1992,lby,6.546
1993,lby,6.561
1994,lby,6.691
1995,lby,6.968
1996,lby,8.947
1997,lby,9.147
1998,lby,9.784
1999,lby,9.515
2000,lby,8.573
2001,lby,8.902
2002,lby,9.123
2003,lby,9.125
2004,lby,1.574
2005,lby,1.574
2006,lby,1.574
2007,lby,3.491
2008,lby,1.079
2009,lby,1.477
2010,lby,1.523
2011,lby,4.617
2012,lby,2.388
2013,lby,2.743
2014,lby,20.563
2015,lby,20.563
2016,lby,37.563
2017,lby,50.563
2018,lby,63.563
2019,lby,72.563
2020,lby,85.563
1998,ltu,2.836
1999,ltu,3.574
2000,ltu,3.132
2001,ltu,3.242
2002,ltu,3.357
2003,ltu,3.478
2004,ltu,3.513
2005,ltu,3.845
2006,ltu,4.327
2007,ltu,4.836
2008,ltu,5.032
2009,ltu,7.815
2010,ltu,10.168
2011,ltu,11.654
2012,ltu,13.302
2013,ltu,13.637
2014,ltu,13.682
2015,ltu,14.361
2016,ltu,15.200
2017,ltu,15.947
2018,ltu,16.665
2019,ltu,17.403
2020,ltu,18.081
1995,lux,1.225
1996,lux,1.260
1997,lux,1.303
1998,lux,1.323
1999,lux,1.337
2000,lux,1.410
2001,lux,1.548
2002,lux,1.616
2003,lux,1.652
2004,lux,1.790
2005,lux,1.884
2006,lux,2.338
2007,lux,2.574
2008,lux,5.420
2009,lux,5.586
2010,lux,7.732
2011,lux,7.864
2012,lux,9.380
2013,lux,10.669
2014,lux,11.552
2015,lux,12.785
2016,lux,13.823
2017,lux,14.917
2018,lux,15.985
2019,lux,17.104
2020,lux,18.223
1999,mkd,66.955
2000,mkd,113.285
2001,mkd,114.118
2002,mkd,104.633
2003,mkd,97.969
2004,mkd,97.096
2005,mkd,113.339
2006,mkd,102.405
2007,mkd,87.722
2008,mkd,85.436
2009,mkd,98.551
2010,mkd,106.158
2011,mkd,128.772
2012,mkd,157.178
2013,mkd,170.689
2014,mkd,199.864
2015,mkd,206.014
2016,mkd,235.611
2017,mkd,266.062
2018,mkd,293.797
2019,mkd,318.874
2020,mkd,345.937
2000,mdg,"5,651.366"
2001,mdg,"5,831.035"
2002,mdg,"6,390.854"
2003,mdg,"6,830.512"
2004,mdg,"7,806.996"
2005,mdg,"8,717.434"
2006,mdg,"4,408.002"
2007,mdg,"4,515.579"
2008,mdg,"5,113.320"
2009,mdg,"5,593.283"
2010,mdg,"5,813.912"
2011,mdg,"6,496.230"
2012,mdg,"7,328.352"
2013,mdg,"7,957.039"
2014,mdg,"8,931.182"
2015,mdg,"10,156.964"
2016,mdg,"12,561.795"
2017,mdg,"13,896.945"
2018,mdg,"15,054.633"
2019,mdg,"16,336.937"
2020,mdg,"17,674.997"
2002,mwi,277.927
2003,mwi,358.864
2004,mwi,374.480
2005,mwi,432.077
2006,mwi,136.533
2007,mwi,165.294
2008,mwi,247.654
2009,mwi,284.708
2010,mwi,284.797
2011,mwi,353.934
2012,mwi,517.797
2013,mwi,880.436
2014,mwi,978.668
2015,mwi,"1,084.421"
2016,mwi,"1,132.116"
2017,mwi,"1,156.002"
2018,mwi,"1,166.791"
2019,mwi,"1,182.423"
2020,mwi,"1,216.973"
1990,mys,94.713
1991,mys,99.073
1992,mys,97.005
1993,mys,95.898
1994,mys,93.079
1995,mys,92.476
1996,mys,90.557
1997,mys,90.909
1998,mys,103.765
1999,mys,112.562
2000,mys,125.845
2001,mys,145.791
2002,mys,164.994
2003,mys,188.792
2004,mys,216.641
2005,mys,232.177
2006,mys,247.925
2007,mys,274.223
2008,mys,317.437
2009,mys,376.387
2010,mys,426.651
2011,mys,479.896
2012,mys,529.833
2013,mys,569.415
2014,mys,609.367
2015,mys,646.010
2016,mys,680.477
2017,mys,717.671
2018,mys,753.743
2019,mys,790.631
2020,mys,823.917
1990,mdv,0.000
1991,mdv,0.000
1992,mdv,0.000
1993,mdv,0.000
1994,mdv,0.000
1995,mdv,0.000
1996,mdv,0.000
1997,mdv,2.927
1998,mdv,3.316
1999,mdv,3.479
2000,mdv,3.595
2001,mdv,4.001
2002,mdv,4.718
2003,mdv,5.046
2004,mdv,5.485
2005,mdv,6.232
2006,mdv,7.375
2007,mdv,8.946
2008,mdv,10.872
2009,mdv,14.536
2010,mdv,17.803
2011,mdv,21.518
2012,mdv,24.455
2013,mdv,27.707
2014,mdv,32.887
2015,mdv,36.696
2016,mdv,40.280
2017,mdv,44.509
2018,mdv,49.017
2019,mdv,53.897
2020,mdv,59.050
2000,mli,"1,960.545"
2001,mli,"2,027.149"
2002,mli,"1,204.799"
2003,mli,"1,206.909"
2004,mli,"1,220.513"
2005,mli,"1,535.899"
2006,mli,651.785
2007,mli,723.581
2008,mli,884.883
2009,mli,"1,054.600"
2010,mli,"1,337.506"
2011,mli,"1,467.585"
2012,mli,"1,612.856"
2013,mli,"1,725.521"
2014,mli,"1,851.599"
2015,mli,"2,388.435"
2016,mli,"2,582.873"
2017,mli,"2,763.715"
2018,mli,"2,957.663"
2019,mli,"3,172.256"
2020,mli,"3,442.902"
1995,mlt,1.249
1996,mlt,1.477
1997,mlt,1.891
1998,mlt,2.201
1999,mlt,2.480
2000,mlt,2.654
2001,mlt,3.000
2002,mlt,2.926
2003,mlt,3.270
2004,mlt,3.452
2005,mlt,3.610
2006,mlt,3.480
2007,mlt,3.592
2008,mlt,3.846
2009,mlt,4.162
2010,mlt,4.462
2011,mlt,4.809
2012,mlt,4.872
2013,mlt,5.241
2014,mlt,5.424
2015,mlt,5.672
2016,mlt,5.750
2017,mlt,5.883
2018,mlt,6.006
2019,mlt,6.112
2020,mlt,6.171
1995,mhl,0.006
1996,mhl,0.009
1997,mhl,0.020
1998,mhl,0.028
1999,mhl,0.033
2000,mhl,0.040
2001,mhl,0.049
2002,mhl,0.058
2003,mhl,0.062
2004,mhl,0.064
2005,mhl,0.064
2006,mhl,0.063
2007,mhl,0.062
2008,mhl,0.064
2009,mhl,0.061
2010,mhl,0.060
2011,mhl,0.060
2012,mhl,0.056
2013,mhl,0.061
2014,mhl,0.059
2015,mhl,0.056
2016,mhl,0.052
2017,mhl,0.052
2018,mhl,0.054
2019,mhl,0.056
2020,mhl,0.059
2000,mrt,724.475
2001,mrt,767.406
2002,mrt,735.619
2003,mrt,731.586
2004,mrt,807.324
2005,mrt,663.221
2006,mrt,687.592
2007,mrt,652.600
2008,mrt,690.026
2009,mrt,763.128
2010,mrt,872.327
2011,mrt,945.561
2012,mrt,"1,051.101"
2013,mrt,"1,097.445"
2014,mrt,909.693
2015,mrt,988.160
2016,mrt,"1,028.591"
2017,mrt,"1,059.761"
2018,mrt,"1,088.003"
2019,mrt,"1,112.634"
2020,mrt,"1,142.764"
2000,mus,55.449
2001,mus,60.209
2002,mus,76.200
2003,mus,95.919
2004,mus,93.524
2005,mus,102.453
2006,mus,108.887
2007,mus,115.370
2008,mus,120.781
2009,mus,147.157
2010,mus,155.328
2011,mus,168.328
2012,mus,177.009
2013,mus,197.289
2014,mus,204.696
2015,mus,221.854
2016,mus,238.443
2017,mus,256.242
2018,mus,275.810
2019,mus,297.495
2020,mus,319.753
1996,mex,"1,396.995"
1997,mex,"1,621.474"
1998,mex,"2,022.308"
1999,mex,"2,565.968"
2000,mex,"2,705.307"
2001,mex,"2,783.363"
2002,mex,"3,112.389"
2003,mex,"3,443.573"
2004,mex,"3,550.719"
2005,mex,"3,683.903"
2006,mex,"3,978.400"
2007,mex,"4,280.094"
2008,mex,"5,249.288"
2009,mex,"5,312.143"
2010,mex,"5,608.941"
2011,mex,"6,285.524"
2012,mex,"6,746.288"
2013,mex,"7,471.033"
2014,mex,"8,539.526"
2015,mex,"9,290.940"
2016,mex,"9,971.207"
2017,mex,"10,606.887"
2018,mex,"11,179.300"
2019,mex,"11,791.038"
2020,mex,"12,461.603"
1995,fsm,0.120
1996,fsm,0.096
1997,fsm,0.098
1998,fsm,0.092
1999,fsm,0.079
2000,fsm,0.063
2001,fsm,0.057
2002,fsm,0.058
2003,fsm,0.061
2004,fsm,0.061
2005,fsm,0.062
2006,fsm,0.063
2007,fsm,0.066
2008,fsm,0.074
2009,fsm,0.085
2010,fsm,0.084
2011,fsm,0.087
2012,fsm,0.087
2013,fsm,0.087
2014,fsm,0.084
2015,fsm,0.080
2016,fsm,0.077
2017,fsm,0.073
2018,fsm,0.070
2019,fsm,0.066
2020,fsm,0.062
1995,mda,5.150
1996,mda,6.822
1997,mda,7.940
1998,mda,14.542
1999,mda,18.573
2000,mda,13.633
2001,mda,14.215
2002,mda,15.600
2003,mda,16.005
2004,mda,13.981
2005,mda,13.528
2006,mda,13.831
2007,mda,13.148
2008,mda,12.117
2009,mda,17.600
2010,mda,19.303
2011,mda,19.886
2012,mda,21.649
2013,mda,23.915
2014,mda,35.114
2015,mda,56.873
2016,mda,65.521
2017,mda,73.503
2018,mda,83.612
2019,mda,94.872
2020,mda,107.042
2002,mne,1.030
2003,mne,0.608
2004,mne,0.757
2005,mne,0.700
2006,mne,0.701
2007,mne,0.737
2008,mne,0.895
2009,mne,1.140
2010,mne,1.271
2011,mne,1.487
2012,mne,1.700
2013,mne,1.935
2014,mne,1.960
2015,mne,2.132
2016,mne,2.375
2017,mne,2.581
2018,mne,2.613
2019,mne,2.572
2020,mne,2.532
1990,mar,189.726
1991,mar,179.901
1992,mar,208.798
1993,mar,237.970
1994,mar,245.705
1995,mar,260.514
1996,mar,265.989
1997,mar,274.285
1998,mar,280.360
1999,mar,279.896
2000,mar,289.821
2001,mar,291.708
2002,mar,299.093
2003,mar,307.112
2004,mar,311.475
2005,mar,340.676
2006,mar,342.817
2007,mar,336.637
2008,mar,325.806
2009,mar,345.246
2010,mar,384.448
2011,mar,430.923
2012,mar,493.677
2013,mar,553.415
2014,mar,586.080
2015,mar,638.752
2016,mar,675.563
2017,mar,709.522
2018,mar,743.963
2019,mar,778.238
2020,mar,812.753
1999,moz,76.019
2000,moz,86.550
2001,moz,116.749
2002,moz,89.234
2003,moz,98.856
2004,moz,90.948
2005,moz,122.822
2006,moz,96.632
2007,moz,87.051
2008,moz,101.294
2009,moz,121.392
2010,moz,144.280
2011,moz,144.359
2012,moz,174.209
2013,moz,220.520
2014,moz,291.356
2015,moz,361.347
2016,moz,416.364
2017,moz,468.559
2018,moz,517.961
2019,moz,572.579
2020,moz,629.915
1998,mmr,"3,144.761"
1999,mmr,"3,162.947"
2000,mmr,"4,308.406"
2001,mmr,"8,835.379"
2002,mmr,"10,497.103"
2003,mmr,"11,041.587"
2004,mmr,"12,469.126"
2005,mmr,"15,641.719"
2006,mmr,"17,590.429"
2007,mmr,"16,809.885"
2008,mmr,"16,818.210"
2009,mmr,"19,256.388"
2010,mmr,"19,775.512"
2011,mmr,"21,418.321"
2012,mmr,"22,985.451"
2013,mmr,"22,347.557"
2014,mmr,"24,813.923"
2015,mmr,"30,273.275"
2016,mmr,"36,300.227"
2017,mmr,"43,313.191"
2018,mmr,"51,247.604"
2019,mmr,"60,466.063"
2020,mmr,"71,039.828"
1993,nam,1.732
1994,nam,2.016
1995,nam,2.521
1996,nam,3.112
1997,nam,3.283
1998,nam,4.059
1999,nam,4.985
2000,nam,5.578
2001,nam,7.056
2002,nam,7.820
2003,nam,9.641
2004,nam,11.973
2005,nam,12.540
2006,nam,13.362
2007,nam,12.353
2008,nam,13.023
2009,nam,12.289
2010,nam,13.096
2011,nam,21.922
2012,nam,26.846
2013,nam,30.974
2014,nam,36.948
2015,nam,43.016
2016,nam,48.617
2017,nam,59.939
2018,nam,71.307
2019,nam,81.765
2020,nam,93.898
2000,npl,235.837
2001,npl,255.669
2002,npl,271.546
2003,npl,296.971
2004,npl,313.473
2005,npl,306.057
2006,npl,324.076
2007,npl,311.399
2008,npl,336.432
2009,npl,388.765
2010,npl,422.683
2011,npl,453.655
2012,npl,523.952
2013,npl,528.012
2014,npl,506.370
2015,npl,513.058
2016,npl,539.788
2017,npl,579.861
2018,npl,634.168
2019,npl,703.587
2020,npl,788.964
1995,nld,232.304
1996,nld,236.938
1997,nld,233.406
1998,nld,238.139
1999,nld,235.964
2000,nld,224.862
2001,nld,227.000
2002,nld,234.933
2003,nld,248.011
2004,nld,257.380
2005,nld,266.060
2006,nld,255.916
2007,nld,258.982
2008,nld,347.525
2009,nld,348.284
2010,nld,372.628
2011,nld,393.872
2012,nld,426.145
2013,nld,441.039
2014,nld,445.224
2015,nld,446.936
2016,nld,444.850
2017,nld,446.286
2018,nld,448.413
2019,nld,450.383
2020,nld,452.206
1985,nzl,30.118
1986,nzl,37.231
1987,nzl,40.767
1988,nzl,39.392
1989,nzl,42.030
1990,nzl,44.139
1991,nzl,45.305
1992,nzl,47.076
1993,nzl,46.954
1994,nzl,45.265
1995,nzl,42.800
1996,nzl,38.868
1997,nzl,37.356
1998,nzl,37.891
1999,nzl,36.944
2000,nzl,36.887
2001,nzl,36.922
2002,nzl,36.634
2003,nzl,36.317
2004,nzl,35.748
2005,nzl,34.690
2006,nzl,32.275
2007,nzl,31.019
2008,nzl,37.373
2009,nzl,48.474
2010,nzl,63.006
2011,nzl,76.028
2012,nzl,78.810
2013,nzl,79.970
2014,nzl,81.030
2015,nzl,82.065
2016,nzl,87.860
2017,nzl,89.198
2018,nzl,84.697
2019,nzl,80.747
2020,nzl,76.766
1997,nic,38.416
1998,nic,45.466
1999,nic,61.365
2000,nic,66.153
2001,nic,67.104
2002,nic,88.089
2003,nic,94.395
2004,nic,83.178
2005,nic,75.524
2006,nic,65.487
2007,nic,44.558
2008,nic,47.147
2009,nic,56.097
2010,nic,64.244
2011,nic,72.501
2012,nic,79.020
2013,nic,86.850
2014,nic,97.933
2015,nic,105.868
2016,nic,114.473
2017,nic,124.756
2018,nic,135.958
2019,nic,148.604
2020,nic,163.380
1995,ner,"1,020.493"
1996,ner,"1,000.239"
1997,ner,"1,183.447"
1998,ner,"1,225.313"
1999,ner,"1,266.236"
2000,ner,"1,352.567"
2001,ner,"1,452.937"
2002,ner,"1,642.824"
2003,ner,"1,376.932"
2004,ner,"1,156.692"
2005,ner,"1,178.491"
2006,ner,517.565
2007,ner,516.271
2008,ner,509.514
2009,ner,706.851
2010,ner,677.558
2011,ner,820.583
2012,ner,935.464
2013,ner,988.466
2014,ner,"1,442.630"
2015,ner,"1,970.826"
2016,ner,"2,126.090"
2017,ner,"2,234.348"
2018,ner,"2,336.641"
2019,ner,"2,491.174"
2020,ner,"2,674.131"
2000,nga,"3,972.977"
2001,nga,"4,318.945"
2002,nga,"4,902.978"
2003,nga,"5,583.222"
2004,nga,"6,146.981"
2005,nga,"4,215.018"
2006,nga,"2,209.221"
2007,nga,"2,669.615"
2008,nga,"2,843.820"
2009,nga,"3,809.160"
2010,nga,"5,313.619"
2011,nga,"6,484.880"
2012,nga,"7,551.909"
2013,nga,"8,488.553"
2014,nga,"9,459.529"
2015,nga,"11,071.241"
2016,nga,"12,608.782"
2017,nga,"14,371.091"
2018,nga,"16,279.234"
2019,nga,"18,127.415"
2020,nga,"20,574.654"
1980,nor,148.833
1981,nor,155.337
1982,nor,152.611
1983,nor,156.126
1984,nor,174.899
1985,nor,203.634
1986,nor,262.482
1987,nor,239.824
1988,nor,211.198
1989,nor,224.731
1990,nor,212.847
1991,nor,304.052
1992,nor,358.782
1993,nor,450.067
1994,nor,445.612
1995,nor,309.216
1996,nor,300.013
1997,nor,289.018
1998,nor,267.427
1999,nor,311.569
2000,nor,421.919
2001,nor,423.306
2002,nor,527.450
2003,nor,690.598
2004,nor,780.240
2005,nor,844.184
2006,nor,"1,171.184"
2007,nor,"1,164.551"
2008,nor,"1,244.251"
2009,nor,"1,030.659"
2010,nor,"1,100.819"
2011,nor,799.703
2012,nor,875.652
2013,nor,924.442
2014,nor,949.349
2015,nor,972.042
2016,nor,"1,008.341"
2017,nor,"1,048.551"
2018,nor,"1,093.075"
2019,nor,"1,141.171"
2020,nor,"1,191.560"
1990,omn,0.916
1991,omn,1.158
1992,omn,1.361
1993,omn,1.350
1994,omn,1.524
1995,omn,1.514
1996,omn,1.620
1997,omn,1.652
1998,omn,2.066
1999,omn,2.015
2000,omn,1.898
2001,omn,1.819
2002,omn,1.399
2003,omn,1.380
2004,omn,1.468
2005,omn,1.145
2006,omn,1.238
2007,omn,1.114
2008,omn,1.103
2009,omn,1.238
2010,omn,1.279
2011,omn,1.349
2012,omn,1.431
2013,omn,1.524
2014,omn,1.535
2015,omn,2.072
2016,omn,2.531
2017,omn,2.983
2018,omn,4.299
2019,omn,5.843
2020,omn,7.611
1994,pak,"1,492.394"
1995,pak,"1,663.492"
1996,pak,"1,889.645"
1997,pak,"2,189.217"
1998,pak,"2,433.586"
1999,pak,"2,895.776"
2000,pak,"3,173.750"
2001,pak,"3,582.370"
2002,pak,"3,530.507"
2003,pak,"3,581.958"
2004,pak,"3,740.887"
2005,pak,"4,127.627"
2006,pak,"4,469.196"
2007,pak,"4,858.861"
2008,pak,"6,161.883"
2009,pak,"7,804.857"
2010,pak,"9,137.780"
2011,pak,"10,879.272"
2012,pak,"12,821.895"
2013,pak,"14,453.600"
2014,pak,"16,312.747"
2015,pak,"17,783.764"
2016,pak,"19,447.015"
2017,pak,"21,037.398"
2018,pak,"22,630.652"
2019,pak,"24,483.171"
2020,pak,"26,339.544"
1991,pan,6.763
1992,pan,6.764
1993,pan,6.765
1994,pan,6.766
1995,pan,6.767
1996,pan,6.768
1997,pan,6.769
1998,pan,7.087
1999,pan,7.045
2000,pan,6.944
2001,pan,7.613
2002,pan,7.798
2003,pan,8.145
2004,pan,9.294
2005,pan,10.231
2006,pan,10.460
2007,pan,10.471
2008,pan,10.437
2009,pan,10.980
2010,pan,11.928
2011,pan,13.714
2012,pan,15.315
2013,pan,16.836
2014,pan,19.957
2015,pan,22.444
2016,pan,24.342
2017,pan,25.389
2018,pan,26.077
2019,pan,26.947
2020,pan,27.848
1994,png,3.304
1995,png,3.377
1996,png,3.829
1997,png,4.636
1998,png,5.321
1999,png,5.496
2000,png,6.145
2001,png,7.388
2002,png,8.353
2003,png,7.980
2004,png,7.593
2005,png,7.253
2006,png,6.698
2007,png,6.330
2008,png,6.857
2009,png,7.044
2010,png,6.762
2011,png,7.007
2012,png,8.566
2013,png,11.766
2014,png,14.167
2015,png,16.661
2016,png,18.461
2017,png,20.032
2018,png,21.812
2019,png,24.090
2020,png,24.789
1990,pry,"4,041.072"
1991,pry,"4,571.588"
1992,pry,"3,692.904"
1993,pry,"3,361.836"
1994,pry,"2,802.266"
1995,pry,"3,123.292"
1996,pry,"3,380.434"
1997,pry,"3,898.582"
1998,pry,"5,589.626"
1999,pry,"8,392.067"
2000,pry,"9,903.439"
2001,pry,"13,447.069"
2002,pry,"21,472.079"
2003,pry,"19,088.470"
2004,pry,"16,541.625"
2005,pry,"15,114.931"
2006,pry,"12,874.625"
2007,pry,"12,595.172"
2008,pry,"14,651.456"
2009,pry,"14,434.946"
2010,pry,"14,656.237"
2011,pry,"13,461.013"
2012,pry,"17,372.662"
2013,pry,"20,963.423"
2014,pry,"29,142.406"
2015,pry,"33,065.589"
2016,pry,"36,683.741"
2017,pry,"40,676.387"
2018,pry,"44,997.241"
2019,pry,"49,438.121"
2020,pry,"54,167.080"
2000,per,78.978
2001,per,78.465
2002,per,86.262
2003,per,100.535
2004,per,105.483
2005,per,98.739
2006,per,100.039
2007,per,101.886
2008,per,99.466
2009,per,103.723
2010,per,105.932
2011,per,109.070
2012,per,107.885
2013,per,111.017
2014,per,119.303
2015,per,130.782
2016,per,144.379
2017,per,153.742
2018,per,160.862
2019,per,168.730
2020,per,185.655
1994,phl,"1,229.223"
1995,phl,"1,324.429"
1996,phl,"1,316.936"
1997,phl,"1,577.789"
1998,phl,"1,507.630"
1999,phl,"1,738.342"
2000,phl,"2,104.534"
2001,phl,"2,287.814"
2002,phl,"2,655.695"
2003,phl,"3,094.332"
2004,phl,"3,369.454"
2005,phl,"3,359.459"
2006,phl,"3,234.788"
2007,phl,"3,076.887"
2008,phl,"3,410.112"
2009,phl,"3,559.039"
2010,phl,"3,913.071"
2011,phl,"4,020.388"
2012,phl,"4,288.804"
2013,phl,"4,514.604"
2014,phl,"4,711.738"
2015,phl,"4,887.311"
2016,phl,"5,092.401"
2017,phl,"5,296.073"
2018,phl,"5,519.915"
2019,phl,"5,760.295"
2020,phl,"6,022.392"
1995,pol,165.200
1996,pol,183.294
1997,pol,221.220
1998,pol,233.687
1999,pol,263.392
2000,pol,273.832
2001,pol,292.818
2002,pol,340.896
2003,pol,396.731
2004,pol,422.386
2005,pol,463.019
2006,pol,506.036
2007,pol,529.370
2008,pol,600.845
2009,pol,684.447
2010,pol,770.451
2011,pol,851.418
2012,pol,878.403
2013,pol,926.103
2014,pol,841.911
2015,pol,884.779
2016,pol,923.309
2017,pol,966.947
2018,pol,"1,004.593"
2019,pol,"1,038.140"
2020,pol,"1,074.578"
1990,prt,31.744
1991,prt,38.638
1992,prt,39.483
1993,prt,40.678
1994,prt,46.562
1995,prt,51.819
1996,prt,54.259
1997,prt,54.964
1998,prt,55.489
1999,prt,58.657
2000,prt,61.569
2001,prt,68.672
2002,prt,75.456
2003,prt,79.914
2004,prt,85.794
2005,prt,96.469
2006,prt,102.440
2007,prt,120.088
2008,prt,128.191
2009,prt,146.691
2010,prt,173.062
2011,prt,195.690
2012,prt,211.784
2013,prt,219.645
2014,prt,225.287
2015,prt,224.375
2016,prt,227.076
2017,prt,230.180
2018,prt,235.294
2019,prt,240.561
2020,prt,245.395
1990,qat,2.872
1991,qat,4.421
1992,qat,4.627
1993,qat,9.777
1994,qat,11.855
1995,qat,12.537
1996,qat,16.338
1997,qat,19.749
1998,qat,23.655
1999,qat,33.562
2000,qat,33.967
2001,qat,37.721
2002,qat,33.545
2003,qat,33.484
2004,qat,33.539
2005,qat,31.075
2006,qat,29.764
2007,qat,25.903
2008,qat,46.556
2009,qat,128.056
2010,qat,190.569
2011,qat,219.847
2012,qat,253.256
2013,qat,239.560
2014,qat,236.960
2015,qat,209.260
2016,qat,199.260
2017,qat,186.960
2018,qat,159.660
2019,qat,141.024
2020,qat,126.884
2000,rou,23.905
2001,rou,32.176
2002,rou,41.696
2003,rou,47.749
2004,rou,52.190
2005,rou,50.966
2006,rou,43.502
2007,rou,52.917
2008,rou,70.200
2009,rou,119.195
2010,rou,163.022
2011,rou,191.423
2012,rou,224.040
2013,rou,247.499
2014,rou,270.338
2015,rou,286.493
2016,rou,297.841
2017,rou,309.479
2018,rou,321.202
2019,rou,332.917
2020,rou,345.013
1999,rus,"4,774.000"
2000,rus,"4,373.080"
2001,rus,"4,258.304"
2002,rus,"4,360.634"
2003,rus,"4,009.893"
2004,rus,"3,799.833"
2005,rus,"3,438.500"
2006,rus,"2,827.500"
2007,rus,"2,861.500"
2008,rus,"3,293.200"
2009,rus,"4,124.000"
2010,rus,"5,254.200"
2011,rus,"6,515.000"
2012,rus,"7,871.300"
2013,rus,"9,285.800"
2014,rus,"12,723.245"
2015,rus,"14,191.819"
2016,rus,"14,797.542"
2017,rus,"15,951.592"
2018,rus,"17,147.486"
2019,rus,"18,472.648"
2020,rus,"19,929.127"
1995,rwa,388.291
1996,rwa,407.564
1997,rwa,468.232
1998,rwa,503.584
1999,rwa,564.242
2000,rwa,693.085
2001,rwa,731.825
2002,rwa,860.453
2003,rwa,998.739
2004,rwa,"1,095.359"
2005,rwa,"1,017.519"
2006,rwa,456.067
2007,rwa,551.281
2008,rwa,548.100
2009,rwa,682.365
2010,rwa,756.417
2011,rwa,912.379
2012,rwa,"1,051.779"
2013,rwa,"1,412.374"
2014,rwa,"1,525.684"
2015,rwa,"1,785.467"
2016,rwa,"2,144.647"
2017,rwa,"2,566.193"
2018,rwa,"3,028.151"
2019,rwa,"3,491.527"
2020,rwa,"4,034.363"
1998,wsm,0.464
1999,wsm,0.467
2000,wsm,0.470
2001,wsm,0.503
2002,wsm,0.505
2003,wsm,0.463
2004,wsm,0.476
2005,wsm,0.453
2006,wsm,0.477
2007,wsm,0.484
2008,wsm,0.490
2009,wsm,0.558
2010,wsm,0.733
2011,wsm,0.868
2012,wsm,0.960
2013,wsm,0.985
2014,wsm,1.015
2015,wsm,1.078
2016,wsm,1.117
2017,wsm,1.137
2018,wsm,1.145
2019,wsm,1.152
2020,wsm,1.160
2004,smr,0.234
2005,smr,0.214
2006,smr,0.222
2007,smr,0.208
2008,smr,0.254
2009,smr,0.298
2010,smr,0.284
2011,smr,0.217
2012,smr,0.215
2013,smr,0.293
2014,smr,0.308
2015,smr,0.323
2016,smr,0.340
2017,smr,0.360
2018,smr,0.381
2019,smr,0.404
2020,smr,0.426
2001,stp,"3,657.253"
2002,stp,"3,917.710"
2003,stp,"2,907.887"
2004,stp,"3,594.167"
2005,stp,"3,907.691"
2006,stp,"4,475.201"
2007,stp,"2,032.196"
2008,stp,"1,617.723"
2009,stp,"2,204.574"
2010,stp,"2,905.244"
2011,stp,"3,206.296"
2012,stp,"3,877.329"
2013,stp,"3,986.086"
2014,stp,"4,257.051"
2015,stp,"5,152.566"
2016,stp,"5,681.331"
2017,stp,"6,101.638"
2018,stp,"6,398.550"
2019,stp,"6,577.408"
2020,stp,"6,706.085"
1999,sau,624.582
2000,sau,616.173
2001,sau,643.200
2002,sau,685.082
2003,sau,660.082
2004,sau,610.582
2005,sau,459.600
2006,sau,364.600
2007,sau,266.800
2008,sau,235.000
2009,sau,225.100
2010,sau,166.900
2011,sau,135.500
2012,sau,98.800
2013,sau,60.138
2014,sau,44.300
2015,sau,44.300
2016,sau,44.300
2017,sau,44.300
2018,sau,44.300
2019,sau,44.300
2020,sau,312.754
2000,sen,"2,456.200"
2001,sen,"2,536.100"
2002,sen,"2,527.079"
2003,sen,"2,180.600"
2004,sen,"2,019.200"
2005,sen,"2,097.200"
2006,sen,"1,068.662"
2007,sen,"1,270.147"
2008,sen,"1,433.732"
2009,sen,"2,059.988"
2010,sen,"2,273.237"
2011,sen,"2,759.980"
2012,sen,"3,109.776"
2013,sen,"3,444.214"
2014,sen,"3,899.887"
2015,sen,"4,281.590"
2016,sen,"4,649.746"
2017,sen,"5,027.510"
2018,sen,"5,406.323"
2019,sen,"5,744.527"
2020,sen,"6,094.337"
2000,srb,928.492
2001,srb,872.595
2002,srb,790.050
2003,srb,875.573
2004,srb,902.487
2005,srb,947.653
2006,srb,828.179
2007,srb,787.439
2008,srb,888.712
2009,srb,"1,035.449"
2010,srb,"1,339.727"
2011,srb,"1,588.225"
2012,srb,"2,090.193"
2013,srb,"2,380.797"
2014,srb,"2,808.248"
2015,srb,"3,030.047"
2016,srb,"3,284.698"
2017,srb,"3,471.657"
2018,srb,"3,651.604"
2019,srb,"3,848.837"
2020,srb,"4,024.249"
1990,syc,1.581
1991,syc,1.767
1992,syc,1.775
1993,syc,2.018
1994,syc,3.036
1995,syc,3.231
1996,syc,3.667
1997,syc,4.047
1998,syc,5.162
1999,syc,5.318
2000,syc,6.063
2001,syc,7.336
2002,syc,7.723
2003,syc,6.697
2004,syc,7.535
2005,syc,7.283
2006,syc,7.434
2007,syc,9.056
2008,syc,11.892
2009,syc,14.245
2010,syc,9.586
2011,syc,9.745
2012,syc,11.984
2013,syc,10.909
2014,syc,11.688
2015,syc,12.242
2016,syc,12.022
2017,syc,11.771
2018,syc,11.350
2019,syc,10.892
2020,syc,10.522
2000,sle,"3,565.505"
2001,sle,"3,913.615"
2002,sle,"4,178.952"
2003,sle,"5,218.139"
2004,sle,"5,932.690"
2005,sle,"6,243.537"
2006,sle,"5,764.276"
2007,sle,"2,717.146"
2008,sle,"3,165.583"
2009,sle,"3,992.167"
2010,sle,"4,804.663"
2011,sle,"5,726.897"
2012,sle,"6,071.562"
2013,sle,"7,323.689"
2014,sle,"9,099.019"
2015,sle,"10,816.231"
2016,sle,"11,962.328"
2017,sle,"13,153.734"
2018,sle,"14,587.168"
2019,sle,"16,231.708"
2020,sle,"18,190.290"
1990,sgp,51.494
1991,sgp,59.082
1992,sgp,67.277
1993,sgp,69.822
1994,sgp,75.344
1995,sgp,86.508
1996,sgp,94.831
1997,sgp,102.372
1998,sgp,115.183
1999,sgp,125.777
2000,sgp,134.370
2001,sgp,149.000
2002,sgp,156.751
2003,sgp,169.332
2004,sgp,186.598
2005,sgp,200.006
2006,sgp,206.439
2007,sgp,234.093
2008,sgp,255.465
2009,sgp,291.502
2010,sgp,321.182
2011,sgp,354.023
2012,sgp,384.998
2013,sgp,390.407
2014,sgp,387.251
2015,sgp,398.201
2016,sgp,409.477
2017,sgp,421.114
2018,sgp,433.118
2019,sgp,445.487
2020,sgp,458.222
1997,svk,8.052
1998,svk,9.029
1999,svk,13.440
2000,svk,15.682
2001,svk,16.554
2002,svk,15.979
2003,svk,17.206
2004,svk,18.726
2005,svk,17.037
2006,svk,17.233
2007,svk,18.758
2008,svk,19.223
2009,svk,22.958
2010,svk,27.622
2011,svk,30.485
2012,svk,37.618
2013,svk,40.178
2014,svk,40.634
2015,svk,41.694
2016,svk,43.559
2017,svk,45.107
2018,svk,46.528
2019,svk,47.923
2020,svk,49.305
1995,svn,1.765
1996,svn,2.441
1997,svn,2.863
1998,svn,3.259
1999,svn,3.789
2000,svn,5.484
2001,svn,6.036
2002,svn,6.708
2003,svn,6.942
2004,svn,7.425
2005,svn,7.687
2006,svn,8.204
2007,svn,7.981
2008,svn,8.180
2009,svn,12.450
2010,svn,13.737
2011,svn,17.016
2012,svn,19.204
2013,svn,25.307
2014,svn,30.867
2015,svn,30.323
2016,svn,31.950
2017,svn,33.609
2018,svn,35.358
2019,svn,37.203
2020,svn,39.153
2003,slb,1.733
2004,slb,1.645
2005,slb,1.790
2006,slb,1.802
2007,slb,1.734
2008,slb,1.672
2009,slb,1.630
2010,slb,1.567
2011,slb,1.472
2012,slb,1.329
2013,slb,1.213
2014,slb,1.144
2015,slb,1.248
2016,slb,1.416
2017,slb,1.661
2018,slb,1.930
2019,slb,2.247
2020,slb,2.618
2000,zaf,399.445
2001,zaf,443.584
2002,zaf,432.705
2003,zaf,469.686
2004,zaf,507.850
2005,zaf,521.618
2006,zaf,547.344
2007,zaf,571.200
2008,zaf,614.491
2009,zaf,760.441
2010,zaf,944.161
2011,zaf,"1,138.486"
2012,zaf,"1,321.214"
2013,zaf,"1,529.991"
2014,zaf,"1,741.282"
2015,zaf,"1,939.041"
2016,zaf,"2,123.765"
2017,zaf,"2,326.124"
2018,zaf,"2,581.759"
2019,zaf,"2,840.703"
2020,zaf,"3,081.709"
2011,ssd,0.000
2012,ssd,1.989
2013,ssd,6.006
2014,ssd,8.984
2015,ssd,8.748
2016,ssd,14.159
2017,ssd,16.234
2018,ssd,18.759
2019,ssd,21.396
2020,ssd,23.893
1980,esp,15.998
1981,esp,22.018
1982,esp,31.770
1983,esp,43.820
1984,esp,59.930
1985,esp,75.774
1986,esp,88.960
1987,esp,98.924
1988,esp,100.802
1989,esp,117.067
1990,esp,135.208
1991,esp,150.417
1992,esp,170.748
1993,esp,220.040
1994,esp,243.759
1995,esp,283.473
1996,esp,320.048
1997,esp,333.666
1998,esp,346.452
1999,esp,362.282
2000,esp,374.557
2001,esp,378.883
2002,esp,384.145
2003,esp,382.775
2004,esp,389.888
2005,esp,393.479
2006,esp,392.168
2007,esp,383.798
2008,esp,439.771
2009,esp,568.700
2010,esp,649.259
2011,esp,743.531
2012,esp,890.978
2013,esp,966.170
2014,esp,"1,033.857"
2015,esp,"1,080.606"
2016,esp,"1,112.333"
2017,esp,"1,140.686"
2018,esp,"1,164.577"
2019,esp,"1,182.975"
2020,esp,"1,201.214"
1990,lka,310.780
1991,lka,366.698
1992,lka,405.558
1993,lka,483.909
1994,lka,551.906
1995,lka,635.696
1996,lka,716.388
1997,lka,764.071
1998,lka,924.699
1999,lka,"1,051.331"
2000,lka,"1,218.700"
2001,lka,"1,452.706"
2002,lka,"1,670.343"
2003,lka,"1,863.851"
2004,lka,"2,139.526"
2005,lka,"2,222.353"
2006,lka,"2,582.649"
2007,lka,"3,041.785"
2008,lka,"3,588.961"
2009,lka,"4,161.424"
2010,lka,"4,590.245"
2011,lka,"5,133.365"
2012,lka,"6,000.114"
2013,lka,"6,793.250"
2014,lka,"7,390.931"
2015,lka,"8,140.909"
2016,lka,"9,094.544"
2017,lka,"10,124.493"
2018,lka,"11,290.601"
2019,lka,"12,603.364"
2020,lka,"14,068.763"
1996,kna,0.412
1997,kna,0.631
1998,kna,0.765
1999,kna,0.936
2000,kna,1.097
2001,kna,1.301
2002,kna,1.553
2003,kna,1.783
2004,kna,2.096
2005,kna,2.316
2006,kna,2.469
2007,kna,2.494
2008,kna,2.617
2009,kna,2.761
2010,kna,2.978
2011,kna,2.981
2012,kna,2.713
2013,kna,2.188
2014,kna,1.839
2015,kna,1.790
2016,kna,1.727
2017,kna,1.669
2018,kna,1.677
2019,kna,1.637
2020,kna,1.655
1990,lca,0.266
1991,lca,0.327
1992,lca,0.404
1993,lca,0.424
1994,lca,0.457
1995,lca,0.471
1996,lca,0.512
1997,lca,0.592
1998,lca,0.697
1999,lca,0.718
2000,lca,0.817
2001,lca,0.917
2002,lca,1.185
2003,lca,1.215
2004,lca,1.427
2005,lca,1.590
2006,lca,1.665
2007,lca,1.763
2008,lca,1.798
2009,lca,1.927
2010,lca,2.121
2011,lca,2.338
2012,lca,2.622
2013,lca,2.868
2014,lca,3.101
2015,lca,3.382
2016,lca,3.689
2017,lca,4.019
2018,lca,4.372
2019,lca,4.752
2020,lca,5.159
1990,vct,0.377
1991,vct,0.386
1992,vct,0.401
1993,vct,0.401
1994,vct,0.445
1995,vct,0.430
1996,vct,0.393
1997,vct,0.393
1998,vct,0.430
1999,vct,0.601
2000,vct,0.626
2001,vct,0.651
2002,vct,0.712
2003,vct,0.764
2004,vct,0.900
2005,vct,0.987
2006,vct,1.048
2007,vct,1.024
2008,vct,1.073
2009,vct,1.156
2010,vct,1.204
2011,vct,1.238
2012,vct,1.354
2013,vct,1.405
2014,vct,1.491
2015,vct,1.580
2016,vct,1.686
2017,vct,1.769
2018,vct,1.830
2019,vct,1.873
2020,vct,1.920
1992,sdn,1.496
1993,sdn,2.390
1994,sdn,6.672
1995,sdn,9.294
1996,sdn,23.144
1997,sdn,27.058
1998,sdn,39.411
1999,sdn,44.290
2000,sdn,48.418
2001,sdn,51.584
2002,sdn,57.780
2003,sdn,65.205
2004,sdn,65.372
2005,sdn,61.352
2006,sdn,58.323
2007,sdn,65.432
2008,sdn,78.467
2009,sdn,88.203
2010,sdn,110.642
2011,sdn,126.506
2012,sdn,212.164
2013,sdn,286.134
2014,sdn,314.379
2015,sdn,405.007
2016,sdn,447.218
2017,sdn,484.778
2018,sdn,521.525
2019,sdn,558.203
2020,sdn,586.542
1990,sur,0.004
1991,sur,0.005
1992,sur,0.006
1993,sur,0.017
1994,sur,0.062
1995,sur,0.065
1996,sur,0.058
1997,sur,0.095
1998,sur,0.145
1999,sur,0.394
2000,sur,0.868
2001,sur,0.946
2002,sur,1.231
2003,sur,1.407
2004,sur,1.612
2005,sur,1.761
2006,sur,1.727
2007,sur,1.401
2008,sur,1.517
2009,sur,1.655
2010,sur,2.215
2011,sur,2.904
2012,sur,3.543
2013,sur,5.108
2014,sur,5.960
2015,sur,7.008
2016,sur,8.196
2017,sur,9.148
2018,sur,10.085
2019,sur,11.156
2020,sur,12.164
1993,swz,0.809
1994,swz,0.815
1995,swz,0.914
1996,swz,1.085
1997,swz,1.030
1998,swz,1.633
1999,swz,1.868
2000,swz,2.325
2001,swz,2.784
2002,swz,2.800
2003,swz,3.153
2004,swz,2.781
2005,swz,2.730
2006,swz,3.252
2007,swz,3.940
2008,swz,3.972
2009,swz,3.203
2010,swz,4.581
2011,swz,5.140
2012,swz,5.924
2013,swz,6.651
2014,swz,6.632
2015,swz,8.032
2016,swz,9.782
2017,swz,12.434
2018,swz,14.627
2019,swz,17.077
2020,swz,19.800
1993,swe,"1,099.400"
1994,swe,"1,215.700"
1995,swe,"1,315.063"
1996,swe,"1,356.299"
1997,swe,"1,393.449"
1998,swe,"1,415.396"
1999,swe,"1,373.020"
2000,swe,"1,220.976"
2001,swe,"1,285.423"
2002,swe,"1,283.481"
2003,swe,"1,315.564"
2004,swe,"1,337.547"
2005,swe,"1,394.663"
2006,swe,"1,331.992"
2007,swe,"1,256.473"
2008,swe,"1,242.703"
2009,swe,"1,321.826"
2010,swe,"1,292.784"
2011,swe,"1,319.271"
2012,swe,"1,340.456"
2013,swe,"1,456.615"
2014,swe,"1,621.642"
2015,swe,"1,663.769"
2016,swe,"1,672.630"
2017,swe,"1,688.611"
2018,swe,"1,686.725"
2019,swe,"1,670.805"
2020,swe,"1,639.175"
1983,che,82.590
1984,che,87.476
1985,che,91.133
1986,che,91.844
1987,che,92.560
1988,che,94.206
1989,che,94.582
1990,che,126.556
1991,che,137.749
1992,che,160.144
1993,che,183.278
1994,che,202.181
1995,che,216.696
1996,che,226.107
1997,che,241.906
1998,che,262.414
1999,che,254.780
2000,che,264.513
2001,che,265.850
2002,che,296.241
2003,che,296.530
2004,che,327.678
2005,che,339.827
2006,che,321.595
2007,che,305.433
2008,che,290.380
2009,che,281.181
2010,che,285.343
2011,che,293.176
2012,che,300.812
2013,che,299.021
2014,che,300.419
2015,che,297.693
2016,che,296.203
2017,che,295.046
2018,che,294.910
2019,che,295.050
2020,che,295.194
1990,syr,509.170
1991,syr,568.369
1992,syr,645.229
1993,syr,711.408
1994,syr,824.850
1995,syr,871.550
1996,syr,977.417
1997,syr,"1,100.634"
1998,syr,"1,195.352"
1999,syr,"1,209.780"
2000,syr,"1,440.532"
2001,syr,"1,459.568"
2002,syr,"1,480.675"
2003,syr,"1,432.615"
2004,syr,"1,432.185"
2005,syr,763.920
2006,syr,776.489
2007,syr,862.330
2008,syr,913.595
2009,syr,786.765
2010,syr,838.214
1997,twn,"2,173.902"
1998,twn,"2,217.843"
1999,twn,"2,322.102"
2000,twn,"2,708.502"
2001,twn,"3,048.270"
2002,twn,"3,165.628"
2003,twn,"3,512.071"
2004,twn,"3,878.450"
2005,twn,"4,100.941"
2006,twn,"4,186.600"
2007,twn,"4,297.684"
2008,twn,"4,374.902"
2009,twn,"4,743.818"
2010,twn,"5,188.102"
2011,twn,"5,481.869"
2012,twn,"5,769.029"
2013,twn,"5,957.997"
2014,twn,"6,053.452"
2015,twn,"6,106.781"
2016,twn,"6,110.797"
2017,twn,"6,056.547"
2018,twn,"5,963.127"
2019,twn,"5,835.605"
2020,twn,"5,670.862"
1998,tjk,0.990
1999,tjk,1.450
2000,tjk,2.013
2001,tjk,2.594
2002,tjk,3.032
2003,tjk,3.061
2004,tjk,2.704
2005,tjk,3.010
2006,tjk,3.272
2007,tjk,4.422
2008,tjk,5.275
2009,tjk,7.470
2010,tjk,8.978
2011,tjk,10.654
2012,tjk,11.704
2013,tjk,11.826
2014,tjk,12.853
2015,tjk,15.716
2016,tjk,18.482
2017,tjk,21.752
2018,tjk,24.312
2019,tjk,26.993
2020,tjk,29.865
2001,tza,"5,610.745"
2002,tza,"6,008.419"
2003,tza,"6,524.405"
2004,tza,"7,553.927"
2005,tza,"8,936.186"
2006,tza,"7,651.508"
2007,tza,"5,781.916"
2008,tza,"7,049.409"
2009,tza,"9,189.915"
2010,tza,"11,985.917"
2011,tza,"14,690.383"
2012,tza,"17,908.596"
2013,tza,"21,905.045"
2014,tza,"26,324.730"
2015,tza,"30,829.804"
2016,tza,"34,595.462"
2017,tza,"38,791.791"
2018,tza,"43,491.837"
2019,tza,"48,562.646"
2020,tza,"54,085.937"
1996,tha,685.230
1997,tha,"1,901.360"
1998,tha,"2,327.840"
1999,tha,"2,607.056"
2000,tha,"2,804.279"
2001,tha,"2,934.431"
2002,tha,"2,943.008"
2003,tha,"2,930.042"
2004,tha,"3,126.554"
2005,tha,"3,277.498"
2006,tha,"3,233.120"
2007,tha,"3,183.420"
2008,tha,"3,408.231"
2009,tha,"4,001.942"
2010,tha,"4,230.745"
2011,tha,"4,448.295"
2012,tha,"4,937.238"
2013,tha,"5,430.560"
2014,tha,"5,690.814"
2015,tha,"5,948.507"
2016,tha,"6,276.439"
2017,tha,"6,639.896"
2018,tha,"7,052.618"
2019,tha,"7,527.758"
2020,tha,"8,008.295"
2001,tgo,"1,060.252"
2002,tgo,"1,091.626"
2003,tgo,"1,049.122"
2004,tgo,"1,011.358"
2005,tgo,910.723
2006,tgo,"1,043.903"
2007,tgo,"1,294.665"
2008,tgo,"1,251.864"
2009,tgo,"1,096.310"
2010,tgo,743.834
2011,tgo,790.816
2012,tgo,931.775
2013,tgo,"1,056.971"
2014,tgo,"1,241.851"
2015,tgo,"1,349.691"
2016,tgo,"1,448.527"
2017,tgo,"1,572.180"
2018,tgo,"1,691.355"
2019,tgo,"1,800.468"
2020,tgo,"1,909.417"
1999,tto,23.394
2000,tto,27.016
2001,tto,30.577
2002,tto,33.066
2003,tto,35.888
2004,tto,36.382
2005,tto,35.522
2006,tto,36.527
2007,tto,34.366
2008,tto,35.664
2009,tto,41.231
2010,tto,46.046
2011,tto,48.686
2012,tto,63.540
2013,tto,64.074
2014,tto,68.892
2015,tto,73.980
2016,tto,85.613
2017,tto,99.480
2018,tto,114.449
2019,tto,130.146
2020,tto,147.748
1991,tun,8.724
1992,tun,9.783
1993,tun,10.707
1994,tun,11.563
1995,tun,12.798
1996,tun,14.517
1997,tun,16.039
1998,tun,15.158
1999,tun,17.681
2000,tun,19.410
2001,tun,21.461
2002,tun,22.168
2003,tun,23.479
2004,tun,20.863
2005,tun,21.975
2006,tun,22.325
2007,tun,22.905
2008,tun,23.927
2009,tun,25.190
2010,tun,25.640
2011,tun,28.779
2012,tun,31.446
2013,tun,34.238
2014,tun,39.188
2015,tun,47.931
2016,tun,53.184
2017,tun,58.265
2018,tun,62.159
2019,tun,66.433
2020,tun,72.331
2001,tur,187.221
2002,tur,259.351
2003,tur,307.877
2004,tur,333.248
2005,tur,342.055
2006,tur,352.835
2007,tur,336.490
2008,tur,380.058
2009,tur,438.423
2010,tur,464.604
2011,tur,507.887
2012,tur,512.188
2013,tur,566.311
2014,tur,590.871
2015,tur,644.389
2016,tur,691.618
2017,tur,761.996
2018,tur,818.998
2019,tur,897.710
2020,tur,"1,010.945"
1997,tkm,1.125
1998,tkm,1.803
1999,tkm,2.111
2000,tkm,2.272
2001,tkm,1.940
2002,tkm,1.726
2003,tkm,1.586
2004,tkm,1.330
2005,tkm,0.961
2006,tkm,0.742
2007,tkm,0.652
2008,tkm,1.390
2009,tkm,1.403
2010,tkm,2.597
2011,tkm,8.372
2012,tkm,18.106
2013,tkm,24.632
2014,tkm,22.931
2015,tkm,29.068
2016,tkm,29.755
2017,tkm,32.435
2018,tkm,26.615
2019,tkm,24.296
2020,tkm,21.976
2006,tuv,0.012
2007,tuv,0.011
2008,tuv,0.028
2009,tuv,0.022
2010,tuv,0.019
2011,tuv,0.017
2012,tuv,0.017
2013,tuv,0.016
2014,tuv,0.024
2015,tuv,0.021
2016,tuv,0.019
2017,tuv,0.016
2018,tuv,0.013
2019,tuv,0.011
2020,tuv,0.009
1997,uga,"3,714.949"
1998,uga,"4,253.356"
1999,uga,"5,059.613"
2000,uga,"6,191.758"
2001,uga,"7,063.742"
2002,uga,"8,285.880"
2003,uga,"9,446.904"
2004,uga,"9,529.021"
2005,uga,"9,443.256"
2006,uga,"7,157.494"
2007,uga,"5,123.541"
2008,uga,"6,037.773"
2009,uga,"7,240.786"
2010,uga,"10,095.920"
2011,uga,"12,725.110"
2012,uga,"15,027.966"
2013,uga,"18,114.412"
2014,uga,"21,812.073"
2015,uga,"27,991.843"
2016,uga,"35,071.432"
2017,uga,"41,704.700"
2018,uga,"48,432.431"
2019,uga,"57,423.015"
2020,uga,"66,112.812"
1997,ukr,27.898
1998,ukr,49.377
1999,ukr,79.538
2000,ukr,77.020
2001,ukr,74.629
2002,ukr,75.729
2003,ukr,78.489
2004,ukr,85.401
2005,ukr,78.147
2006,ukr,80.549
2007,ukr,88.745
2008,ukr,194.812
2009,ukr,323.141
2010,ukr,438.493
2011,ukr,479.380
2012,ukr,527.334
2013,ukr,595.637
2014,ukr,"1,115.714"
2015,ukr,"1,741.555"
2016,ukr,"1,933.052"
2017,ukr,"2,094.295"
2018,ukr,"2,187.731"
2019,ukr,"2,238.626"
2020,ukr,"2,268.019"
1999,are,14.654
2000,are,11.800
2001,are,10.205
2002,are,14.497
2003,are,20.110
2004,are,30.619
2005,are,43.988
2006,are,55.808
2007,are,74.379
2008,are,145.181
2009,are,224.255
2010,are,233.593
2011,are,224.656
2012,are,233.618
2013,are,172.222
2014,are,178.060
2015,are,196.946
2016,are,217.335
2017,are,238.508
2018,are,260.022
2019,are,281.753
2020,are,304.025
1980,gbr,110.533
1981,gbr,129.784
1982,gbr,137.419
1983,gbr,146.921
1984,gbr,159.526
1985,gbr,171.180
1986,gbr,184.342
1987,gbr,195.158
1988,gbr,206.017
1989,gbr,199.959
1990,gbr,191.040
1991,gbr,201.041
1992,gbr,242.850
1993,gbr,292.236
1994,gbr,330.187
1995,gbr,371.852
1996,gbr,397.798
1997,gbr,411.845
1998,gbr,408.217
1999,gbr,403.915
2000,gbr,399.707
2001,gbr,384.406
2002,gbr,401.456
2003,gbr,444.250
2004,gbr,504.479
2005,gbr,551.972
2006,gbr,597.058
2007,gbr,646.191
2008,gbr,786.303
2009,gbr,975.336
2010,gbr,"1,190.395"
2011,gbr,"1,323.681"
2012,gbr,"1,420.649"
2013,gbr,"1,495.731"
2014,gbr,"1,600.862"
2015,gbr,"1,688.652"
2016,gbr,"1,760.641"
2017,gbr,"1,812.874"
2018,gbr,"1,850.717"
2019,gbr,"1,864.537"
2020,gbr,"1,878.802"
2001,usa,"5,631.898"
2002,usa,"6,079.217"
2003,usa,"6,735.555"
2004,usa,"8,039.176"
2005,usa,"8,496.457"
2006,usa,"8,817.734"
2007,usa,"9,267.252"
2008,usa,"10,720.226"
2009,usa,"12,406.372"
2010,usa,"14,179.923"
2011,usa,"15,379.105"
2012,usa,"16,548.908"
2013,usa,"17,340.770"
2014,usa,"18,249.782"
2015,usa,"19,041.972"
2016,usa,"19,889.386"
2017,usa,"20,709.312"
2018,usa,"21,520.552"
2019,usa,"22,455.410"
2020,usa,"23,462.520"
2001,ury,152.788
2002,ury,316.940
2003,ury,379.025
2004,ury,367.499
2005,ury,356.673
2006,ury,356.793
2007,ury,373.559
2008,ury,431.001
2009,ury,450.860
2010,ury,480.099
2011,ury,538.173
2012,ury,604.092
2013,ury,709.097
2014,ury,804.749
2015,ury,913.268
2016,ury,"1,023.914"
2017,ury,"1,136.913"
2018,ury,"1,267.935"
2019,ury,"1,409.662"
2020,ury,"1,568.158"
1992,uzb,0.000
1993,uzb,0.000
1994,uzb,0.000
1995,uzb,0.000
1996,uzb,0.000
1997,uzb,0.000
1998,uzb,416.061
1999,uzb,624.865
2000,uzb,"1,371.428"
2001,uzb,"2,924.437"
2002,uzb,"4,067.681"
2003,uzb,"4,096.055"
2004,uzb,"4,306.202"
2005,uzb,"4,489.286"
2006,uzb,"4,430.096"
2007,uzb,"4,449.387"
2008,uzb,"4,806.247"
2009,uzb,"5,385.553"
2010,uzb,"6,155.061"
2011,uzb,"7,076.249"
2012,uzb,"8,273.930"
2013,uzb,"9,910.492"
2014,uzb,"12,255.526"
2015,uzb,"14,005.834"
2016,uzb,"16,267.968"
2017,uzb,"19,303.832"
2018,uzb,"23,007.023"
2019,uzb,"27,484.482"
2020,uzb,"32,864.479"
1996,vut,6.733
1997,vut,7.252
1998,vut,9.381
1999,vut,10.592
2000,vut,13.519
2001,vut,13.881
2002,vut,14.185
2003,vut,14.703
2004,vut,12.409
2005,vut,11.337
2006,vut,10.773
2007,vut,10.305
2008,vut,12.699
2009,vut,13.363
2010,vut,13.144
2011,vut,14.676
2012,vut,15.326
2013,vut,15.472
2014,vut,14.560
2015,vut,18.913
2016,vut,24.007
2017,vut,28.802
2018,vut,33.273
2019,vut,36.856
2020,vut,39.809
1998,ven,17.299
1999,ven,19.400
2000,ven,22.497
2001,ven,28.218
2002,ven,59.737
2003,ven,82.474
2004,ven,96.762
2005,ven,138.462
2006,ven,135.823
2007,ven,152.519
2008,ven,158.017
2009,ven,201.960
2010,ven,369.095
2011,ven,587.886
2012,ven,751.852
2013,ven,"1,220.833"
2014,ven,"1,435.052"
2015,ven,"1,841.280"
2016,ven,"2,539.275"
2017,ven,"3,724.442"
2018,ven,"5,803.970"
2019,ven,"9,338.577"
2020,ven,"15,348.232"
2001,vnm,"155,345.736"
2002,vnm,"188,511.867"
2003,vnm,"232,387.381"
2004,vnm,"303,563.422"
2005,vnm,"345,878.824"
2006,vnm,"407,714.014"
2007,vnm,"509,893.132"
2008,vnm,"637,028.122"
2009,vnm,"848,447.896"
2010,vnm,"1,043,380.575"
2011,vnm,"1,298,685.159"
2012,vnm,"1,574,889.311"
2013,vnm,"1,868,880.310"
2014,vnm,"2,317,737.251"
2015,vnm,"2,739,000.953"
2016,vnm,"3,100,361.434"
2017,vnm,"3,454,326.105"
2018,vnm,"3,801,893.527"
2019,vnm,"4,175,296.941"
2020,vnm,"4,578,749.842"
1999,yem,"1,148.520"
2000,yem,953.989
2001,yem,"1,008.540"
2002,yem,"1,085.999"
2003,yem,"1,227.723"
2004,yem,"1,334.760"
2005,yem,"1,405.346"
2006,yem,"1,535.689"
2007,yem,"1,741.029"
2008,yem,"1,957.943"
2009,yem,"2,540.761"
2010,yem,"2,876.222"
2011,yem,"3,199.405"
2012,yem,"3,589.377"
2013,yem,"4,186.067"
2014,yem,"4,543.094"
2015,yem,"5,027.313"
2016,yem,"5,631.367"
2017,yem,"6,223.659"
2018,yem,"6,811.694"
2019,yem,"7,407.084"
2020,yem,"8,002.975"
2000,zmb,3.236
2001,zmb,3.237
2002,zmb,4.010
2003,zmb,5.550
2004,zmb,5.727
2005,zmb,6.217
2006,zmb,11.490
2007,zmb,12.339
2008,zmb,12.879
2009,zmb,15.874
2010,zmb,18.366
2011,zmb,23.722
2012,zmb,32.701
2013,zmb,41.729
2014,zmb,51.192
2015,zmb,61.263
2016,zmb,72.574
2017,zmb,83.386
2018,zmb,93.401
2019,zmb,104.109
2020,zmb,115.046
2005,zwe,2.991
2006,zwe,3.211
2007,zwe,3.477
2008,zwe,4.096
2009,zwe,5.571
2010,zwe,5.969
2011,zwe,5.671
2012,zwe,7.076
2013,zwe,7.316
2014,zwe,7.386
2015,zwe,7.715
2016,zwe,7.893
2017,zwe,8.426
2018,zwe,9.027
2019,zwe,9.570
2020,zwe,9.361
