year,country,ggr_ngdp
2002,afg,6.845
2003,afg,9.826
2004,afg,12.676
2005,afg,14.733
2006,afg,18.946
2007,afg,18.986
2008,afg,17.036
2009,afg,19.391
2010,afg,21.722
2011,afg,21.265
2012,afg,25.210
2013,afg,24.394
2014,afg,24.051
2015,afg,27.303
2016,afg,28.872
2017,afg,29.716
2018,afg,31.382
2019,afg,33.298
2020,afg,31.592
1997,alb,17.607
1998,alb,25.229
1999,alb,26.589
2000,alb,24.977
2001,alb,24.965
2002,alb,24.826
2003,alb,24.092
2004,alb,24.547
2005,alb,25.102
2006,alb,25.650
2007,alb,26.072
2008,alb,26.842
2009,alb,26.093
2010,alb,25.867
2011,alb,25.407
2012,alb,24.739
2013,alb,23.719
2014,alb,26.214
2015,alb,28.130
2016,alb,28.447
2017,alb,28.447
2018,alb,28.447
2019,alb,28.447
2020,alb,28.447
1990,dza,28.896
1991,dza,31.596
1992,dza,29.478
1993,dza,26.905
1994,dza,29.189
1995,dza,29.968
1996,dza,32.107
1997,dza,33.331
1998,dza,27.363
1999,dza,29.948
2000,dza,38.272
2001,dza,34.991
2002,dza,35.449
2003,dza,37.078
2004,dza,36.024
2005,dza,40.765
2006,dza,42.814
2007,dza,39.430
2008,dza,47.001
2009,dza,36.879
2010,dza,36.637
2011,dza,39.859
2012,dza,39.685
2013,dza,35.955
2014,dza,33.225
2015,dza,30.017
2016,dza,30.568
2017,dza,31.376
2018,dza,31.958
2019,dza,32.347
2020,dza,32.486
2000,ago,52.420
2001,ago,45.822
2002,ago,35.079
2003,ago,37.304
2004,ago,37.157
2005,ago,44.125
2006,ago,50.172
2007,ago,45.823
2008,ago,50.940
2009,ago,34.561
2010,ago,43.479
2011,ago,48.835
2012,ago,45.896
2013,ago,40.456
2014,ago,34.251
2015,ago,25.606
2016,ago,28.287
2017,ago,28.468
2018,ago,28.170
2019,ago,27.720
2020,ago,27.283
1990,atg,18.907
1991,atg,17.529
1992,atg,18.711
1993,atg,17.863
1994,atg,17.801
1995,atg,18.077
1996,atg,19.104
1997,atg,17.984
1998,atg,20.550
1999,atg,18.710
2000,atg,19.069
2001,atg,17.706
2002,atg,19.585
2003,atg,19.106
2004,atg,20.597
2005,atg,19.780
2006,atg,22.284
2007,atg,21.736
2008,atg,21.379
2009,atg,18.707
2010,atg,22.469
2011,atg,20.429
2012,atg,19.805
2013,atg,18.668
2014,atg,20.260
2015,atg,21.167
2016,atg,21.488
2017,atg,21.355
2018,atg,21.263
2019,atg,21.272
2020,atg,21.280
1993,arg,20.563
1994,arg,20.278
1995,arg,19.437
1996,arg,18.584
1997,arg,19.400
1998,arg,19.918
1999,arg,20.351
2000,arg,20.586
2001,arg,19.787
2002,arg,19.203
2003,arg,21.749
2004,arg,24.230
2005,arg,23.986
2006,arg,24.112
2007,arg,24.918
2008,arg,26.930
2009,arg,27.847
2010,arg,29.590
2011,arg,29.751
2012,arg,31.491
2013,arg,33.417
2014,arg,35.647
2015,arg,35.667
2016,arg,35.147
2017,arg,34.943
2018,arg,34.789
2019,arg,34.764
2020,arg,34.741
1996,arm,15.410
1997,arm,15.751
1998,arm,17.146
1999,arm,19.334
2000,arm,16.494
2001,arm,17.046
2002,arm,16.744
2003,arm,15.217
2004,arm,15.457
2005,arm,17.895
2006,arm,18.050
2007,arm,20.085
2008,arm,20.479
2009,arm,20.867
2010,arm,21.221
2011,arm,22.088
2012,arm,22.310
2013,arm,23.673
2014,arm,23.504
2015,arm,24.026
2016,arm,24.830
2017,arm,25.420
2018,arm,25.520
2019,arm,25.808
2020,arm,25.842
1988,aus,31.174
1989,aus,30.593
1990,aus,30.309
1991,aus,30.299
1992,aus,29.331
1993,aus,29.397
1994,aus,30.000
1995,aus,31.056
1996,aus,32.057
1997,aus,32.325
1998,aus,34.477
1999,aus,36.956
2000,aus,36.583
2001,aus,35.736
2002,aus,35.226
2003,aus,36.018
2004,aus,36.265
2005,aus,36.396
2006,aus,36.391
2007,aus,35.823
2008,aus,33.981
2009,aus,33.398
2010,aus,32.032
2011,aus,32.139
2012,aus,33.384
2013,aus,33.966
2014,aus,34.027
2015,aus,34.863
2016,aus,34.992
2017,aus,35.413
2018,aus,35.748
2019,aus,35.969
2020,aus,36.190
1988,aut,43.420
1989,aut,42.479
1990,aut,43.209
1991,aut,43.846
1992,aut,46.023
1993,aut,48.578
1994,aut,48.124
1995,aut,48.787
1996,aut,50.629
1997,aut,49.739
1998,aut,49.363
1999,aut,49.126
2000,aut,48.287
2001,aut,50.399
2002,aut,49.350
2003,aut,49.281
2004,aut,48.669
2005,aut,48.468
2006,aut,47.704
2007,aut,47.788
2008,aut,48.327
2009,aut,48.776
2010,aut,48.344
2011,aut,48.220
2012,aut,48.688
2013,aut,49.460
2014,aut,49.972
2015,aut,50.248
2016,aut,49.686
2017,aut,49.702
2018,aut,49.717
2019,aut,49.717
2020,aut,49.717
2000,aze,21.219
2001,aze,18.667
2002,aze,27.304
2003,aze,26.753
2004,aze,26.826
2005,aze,25.101
2006,aze,28.019
2007,aze,28.232
2008,aze,51.113
2009,aze,40.357
2010,aze,45.652
2011,aze,45.530
2012,aze,40.453
2013,aze,39.431
2014,aze,38.832
2015,aze,29.501
2016,aze,33.577
2017,aze,34.052
2018,aze,35.564
2019,aze,35.416
2020,aze,35.316
1991,bhs,12.992
1992,bhs,15.049
1993,bhs,15.338
1994,bhs,16.594
1995,bhs,17.120
1996,bhs,16.622
1997,bhs,15.778
1998,bhs,14.602
1999,bhs,13.932
2000,bhs,14.877
2001,bhs,14.910
2002,bhs,12.718
2003,bhs,12.955
2004,bhs,13.440
2005,bhs,14.053
2006,bhs,15.588
2007,bhs,16.433
2008,bhs,17.194
2009,bhs,16.484
2010,bhs,16.561
2011,bhs,18.092
2012,bhs,17.916
2013,bhs,16.282
2014,bhs,16.982
2015,bhs,18.374
2016,bhs,18.794
2017,bhs,19.594
2018,bhs,19.744
2019,bhs,19.794
2020,bhs,19.794
1990,bhr,22.124
1991,bhr,21.635
1992,bhr,20.502
1993,bhr,23.200
1994,bhr,20.502
1995,bhr,21.977
1996,bhr,23.992
1997,bhr,25.647
1998,bhr,23.226
1999,bhr,23.167
2000,bhr,31.755
2001,bhr,28.413
2002,bhr,28.471
2003,bhr,27.509
2004,bhr,26.304
2005,bhr,27.837
2006,bhr,26.453
2007,bhr,24.937
2008,bhr,27.903
2009,bhr,20.052
2010,bhr,22.714
2011,bhr,26.030
2012,bhr,26.478
2013,bhr,24.281
2014,bhr,24.442
2015,bhr,23.841
2016,bhr,25.455
2017,bhr,24.356
2018,bhr,24.056
2019,bhr,23.680
2020,bhr,23.274
1980,bgd,5.955
1981,bgd,6.020
1982,bgd,5.814
1983,bgd,5.699
1984,bgd,5.678
1985,bgd,5.998
1986,bgd,6.149
1987,bgd,5.999
1988,bgd,6.104
1989,bgd,6.238
1990,bgd,10.593
1991,bgd,10.970
1992,bgd,10.791
1993,bgd,11.986
1994,bgd,11.885
1995,bgd,11.891
1996,bgd,9.169
1997,bgd,9.355
1998,bgd,8.924
1999,bgd,8.466
2000,bgd,8.489
2001,bgd,8.649
2002,bgd,9.562
2003,bgd,9.804
2004,bgd,9.124
2005,bgd,9.355
2006,bgd,9.559
2007,bgd,9.299
2008,bgd,9.793
2009,bgd,9.459
2010,bgd,10.024
2011,bgd,10.362
2012,bgd,11.245
2013,bgd,11.229
2014,bgd,10.903
2015,bgd,10.876
2016,bgd,11.580
2017,bgd,12.913
2018,bgd,13.459
2019,bgd,13.760
2020,bgd,13.828
1994,brb,29.560
1995,brb,30.901
1996,brb,30.990
1997,brb,31.176
1998,brb,31.618
1999,brb,33.793
2000,brb,31.255
2001,brb,36.132
2002,brb,34.930
2003,brb,35.678
2004,brb,34.988
2005,brb,33.310
2006,brb,32.836
2007,brb,34.587
2008,brb,34.892
2009,brb,31.704
2010,brb,33.639
2011,brb,37.581
2012,brb,36.992
2013,brb,32.747
2014,brb,34.248
2015,brb,34.219
2016,brb,34.774
2017,brb,35.088
2018,brb,35.426
2019,brb,35.782
2020,brb,36.085
1998,blr,10.864
1999,blr,10.766
2000,blr,11.145
2001,blr,44.945
2002,blr,44.518
2003,blr,45.934
2004,blr,46.016
2005,blr,47.374
2006,blr,49.070
2007,blr,49.451
2008,blr,50.675
2009,blr,45.781
2010,blr,41.593
2011,blr,38.761
2012,blr,40.530
2013,blr,41.952
2014,blr,40.296
2015,blr,41.418
2016,blr,40.820
2017,blr,40.999
2018,blr,41.175
2019,blr,41.353
2020,blr,41.530
1980,bel,46.722
1981,bel,47.335
1982,bel,48.590
1983,bel,48.984
1984,bel,49.577
1985,bel,49.658
1986,bel,48.949
1987,bel,49.206
1988,bel,47.870
1989,bel,45.977
1990,bel,46.781
1991,bel,47.350
1992,bel,46.895
1993,bel,48.729
1994,bel,48.752
1995,bel,47.531
1996,bel,48.329
1997,bel,48.760
1998,bel,49.263
1999,bel,49.117
2000,bel,48.587
2001,bel,48.933
2002,bel,49.077
2003,bel,48.399
2004,bel,48.202
2005,bel,48.273
2006,bel,47.926
2007,bel,47.617
2008,bel,48.349
2009,bel,47.739
2010,bel,48.354
2011,bel,49.317
2012,bel,50.684
2013,bel,51.514
2014,bel,51.349
2015,bel,51.040
2016,bel,50.940
2017,bel,50.940
2018,bel,50.940
2019,bel,50.940
2020,bel,50.940
1996,blz,23.936
1997,blz,23.860
1998,blz,24.204
1999,blz,22.548
2000,blz,22.272
2001,blz,24.606
2002,blz,22.773
2003,blz,22.441
2004,blz,21.895
2005,blz,24.056
2006,blz,25.678
2007,blz,27.904
2008,blz,28.557
2009,blz,27.180
2010,blz,27.364
2011,blz,27.668
2012,blz,26.391
2013,blz,28.858
2014,blz,27.899
2015,blz,27.642
2016,blz,27.360
2017,blz,26.787
2018,blz,26.496
2019,blz,25.921
2020,blz,25.376
1990,ben,14.879
1991,ben,14.149
1992,ben,15.690
1993,ben,15.813
1994,ben,16.391
1995,ben,17.581
1996,ben,18.003
1997,ben,17.989
1998,ben,17.388
1999,ben,18.743
2000,ben,17.784
2001,ben,17.847
2002,ben,17.776
2003,ben,18.922
2004,ben,19.304
2005,ben,19.004
2006,ben,19.208
2007,ben,23.753
2008,ben,21.321
2009,ben,21.737
2010,ben,20.047
2011,ben,20.118
2012,ben,20.709
2013,ben,20.380
2014,ben,19.747
2015,ben,21.286
2016,ben,21.688
2017,ben,21.810
2018,ben,21.945
2019,ben,21.684
2020,ben,21.896
1981,btn,48.361
1982,btn,36.478
1983,btn,42.954
1984,btn,43.125
1985,btn,46.967
1986,btn,47.162
1987,btn,48.841
1988,btn,48.612
1989,btn,38.186
1990,btn,29.819
1991,btn,31.584
1992,btn,32.271
1993,btn,41.577
1994,btn,39.307
1995,btn,42.300
1996,btn,42.117
1997,btn,37.403
1998,btn,33.726
1999,btn,46.012
2000,btn,43.820
2001,btn,39.713
2002,btn,36.425
2003,btn,25.615
2004,btn,34.269
2005,btn,30.723
2006,btn,34.714
2007,btn,35.686
2008,btn,34.926
2009,btn,32.805
2010,btn,46.344
2011,btn,35.572
2012,btn,35.223
2013,btn,28.905
2014,btn,27.189
2015,btn,22.764
2016,btn,25.524
2017,btn,23.993
2018,btn,24.126
2019,btn,26.660
2020,btn,30.953
1981,bol,37.056
1982,bol,9.088
1983,bol,12.273
1984,bol,3.628
1985,bol,11.982
1986,bol,19.531
1987,bol,16.719
1988,bol,17.475
1989,bol,18.909
1990,bol,18.376
1991,bol,19.981
1992,bol,20.853
1993,bol,21.081
1994,bol,23.767
1995,bol,23.964
1996,bol,24.148
1997,bol,24.999
1998,bol,24.873
1999,bol,25.528
2000,bol,25.586
2001,bol,25.135
2002,bol,24.505
2003,bol,24.114
2004,bol,26.801
2005,bol,30.938
2006,bol,34.304
2007,bol,34.393
2008,bol,38.902
2009,bol,35.834
2010,bol,33.165
2011,bol,36.209
2012,bol,37.816
2013,bol,39.155
2014,bol,38.498
2015,bol,34.913
2016,bol,33.471
2017,bol,33.517
2018,bol,33.328
2019,bol,33.376
2020,bol,33.255
1998,bih,53.450
1999,bih,54.721
2000,bih,51.669
2001,bih,46.897
2002,bih,44.561
2003,bih,46.952
2004,bih,45.425
2005,bih,46.471
2006,bih,47.817
2007,bih,46.724
2008,bih,45.514
2009,bih,44.946
2010,bih,46.795
2011,bih,45.917
2012,bih,46.290
2013,bih,45.290
2014,bih,46.379
2015,bih,47.123
2016,bih,47.722
2017,bih,47.940
2018,bih,48.027
2019,bih,48.389
2020,bih,48.499
2000,bwa,46.808
2001,bwa,38.922
2002,bwa,40.791
2003,bwa,42.168
2004,bwa,40.615
2005,bwa,43.542
2006,bwa,45.251
2007,bwa,41.316
2008,bwa,39.419
2009,bwa,37.410
2010,bwa,32.455
2011,bwa,36.291
2012,bwa,36.496
2013,bwa,37.824
2014,bwa,35.768
2015,bwa,35.113
2016,bwa,31.120
2017,bwa,31.135
2018,bwa,30.868
2019,bwa,30.257
2020,bwa,29.963
1996,bra,32.784
1997,bra,32.880
1998,bra,33.558
1999,bra,34.270
2000,bra,31.077
2001,bra,33.048
2002,bra,34.443
2003,bra,35.776
2004,bra,35.346
2005,bra,36.233
2006,bra,35.632
2007,bra,34.922
2008,bra,35.908
2009,bra,33.968
2010,bra,36.069
2011,bra,35.121
2012,bra,35.412
2013,bra,35.585
2014,bra,33.998
2015,bra,34.462
2016,bra,34.442
2017,bra,34.420
2018,bra,34.884
2019,bra,34.877
2020,bra,34.985
1985,brn,85.728
1986,brn,62.823
1987,brn,46.685
1988,brn,46.402
1989,brn,43.378
1990,brn,42.414
1991,brn,42.002
1992,brn,34.107
1993,brn,34.279
1994,brn,35.984
1995,brn,36.524
1996,brn,39.643
1997,brn,36.844
1998,brn,28.266
1999,brn,32.530
2000,brn,49.144
2001,brn,42.173
2002,brn,40.790
2003,brn,43.156
2004,brn,46.227
2005,brn,50.200
2006,brn,52.915
2007,brn,35.927
2008,brn,70.133
2009,brn,42.507
2010,brn,48.499
2011,brn,61.053
2012,brn,51.677
2013,brn,51.788
2014,brn,52.473
2015,brn,31.521
2016,brn,37.049
2017,brn,38.848
2018,brn,40.440
2019,brn,43.500
2020,brn,44.818
2000,bgr,36.230
2001,bgr,35.595
2002,bgr,34.586
2003,bgr,35.841
2004,bgr,36.536
2005,bgr,36.923
2006,bgr,36.497
2007,bgr,36.860
2008,bgr,36.974
2009,bgr,34.138
2010,bgr,32.062
2011,bgr,31.154
2012,bgr,33.126
2013,bgr,34.547
2014,bgr,34.255
2015,bgr,34.956
2016,bgr,34.629
2017,bgr,34.753
2018,bgr,34.933
2019,bgr,35.063
2020,bgr,35.222
1985,bfa,11.532
1986,bfa,12.606
1987,bfa,15.700
1988,bfa,13.365
1989,bfa,18.158
1990,bfa,12.242
1991,bfa,15.964
1992,bfa,16.013
1993,bfa,15.804
1994,bfa,17.927
1995,bfa,18.880
1996,bfa,20.337
1997,bfa,19.547
1998,bfa,19.277
1999,bfa,20.570
2000,bfa,18.891
2001,bfa,18.113
2002,bfa,16.903
2003,bfa,17.786
2004,bfa,18.072
2005,bfa,17.234
2006,bfa,40.751
2007,bfa,20.046
2008,bfa,16.829
2009,bfa,19.523
2010,bfa,19.791
2011,bfa,20.696
2012,bfa,22.393
2013,bfa,23.925
2014,bfa,21.410
2015,bfa,22.118
2016,bfa,21.898
2017,bfa,22.148
2018,bfa,22.366
2019,bfa,22.400
2020,bfa,22.600
1992,bdi,20.795
1993,bdi,21.606
1994,bdi,16.688
1995,bdi,17.435
1996,bdi,14.997
1997,bdi,13.546
1998,bdi,14.692
1999,bdi,15.229
2000,bdi,18.209
2001,bdi,16.679
2002,bdi,18.686
2003,bdi,21.728
2004,bdi,25.341
2005,bdi,22.584
2006,bdi,26.550
2007,bdi,36.455
2008,bdi,38.458
2009,bdi,32.843
2010,bdi,37.207
2011,bdi,35.854
2012,bdi,31.400
2013,bdi,29.702
2014,bdi,26.690
2015,bdi,27.012
2016,bdi,26.707
2017,bdi,26.979
2018,bdi,26.695
2019,bdi,26.420
2020,bdi,25.726
2002,cpv,28.588
2003,cpv,24.540
2004,cpv,28.752
2005,cpv,27.544
2006,cpv,28.277
2007,cpv,28.562
2008,cpv,29.040
2009,cpv,26.891
2010,cpv,27.924
2011,cpv,25.632
2012,cpv,24.361
2013,cpv,24.227
2014,cpv,24.402
2015,cpv,24.944
2016,cpv,24.863
2017,cpv,25.000
2018,cpv,25.652
2019,cpv,25.564
2020,cpv,24.288
1996,khm,8.129
1997,khm,8.693
1998,khm,8.048
1999,khm,10.004
2000,khm,10.229
2001,khm,9.986
2002,khm,10.499
2003,khm,9.580
2004,khm,10.303
2005,khm,11.948
2006,khm,12.780
2007,khm,13.733
2008,khm,15.886
2009,khm,15.808
2010,khm,17.053
2011,khm,15.583
2012,khm,16.919
2013,khm,18.381
2014,khm,19.546
2015,khm,18.103
2016,khm,18.510
2017,khm,19.188
2018,khm,19.638
2019,khm,19.964
2020,khm,20.355
2000,cmr,18.294
2001,cmr,17.567
2002,cmr,17.458
2003,cmr,16.054
2004,cmr,15.430
2005,cmr,18.171
2006,cmr,47.383
2007,cmr,20.276
2008,cmr,21.200
2009,cmr,17.444
2010,cmr,16.582
2011,cmr,17.936
2012,cmr,17.949
2013,cmr,17.955
2014,cmr,17.554
2015,cmr,16.396
2016,cmr,16.826
2017,cmr,16.934
2018,cmr,16.947
2019,cmr,17.110
2020,cmr,16.917
1980,can,39.965
1981,can,41.973
1982,can,42.386
1983,can,41.467
1984,can,41.682
1985,can,41.339
1986,can,42.521
1987,can,42.948
1988,can,43.209
1989,can,41.648
1990,can,43.363
1991,can,44.647
1992,can,44.962
1993,can,44.239
1994,can,43.781
1995,can,43.760
1996,can,44.154
1997,can,44.377
1998,can,44.839
1999,can,44.601
2000,can,43.712
2001,can,42.117
2002,can,40.623
2003,can,40.475
2004,can,40.237
2005,can,40.262
2006,can,40.613
2007,can,40.084
2008,can,38.718
2009,can,38.837
2010,can,38.193
2011,can,37.976
2012,can,37.976
2013,can,37.895
2014,can,37.627
2015,can,38.059
2016,can,38.175
2017,can,38.290
2018,can,38.304
2019,can,38.310
2020,can,38.627
1988,caf,17.078
1989,caf,16.158
1990,caf,17.050
1991,caf,14.636
1992,caf,15.609
1993,caf,14.973
1994,caf,14.605
1995,caf,15.887
1996,caf,10.987
1997,caf,12.890
1998,caf,17.666
1999,caf,17.338
2000,caf,14.861
2001,caf,13.294
2002,caf,15.788
2003,caf,9.883
2004,caf,11.816
2005,caf,12.479
2006,caf,23.110
2007,caf,14.386
2008,caf,15.152
2009,caf,16.059
2010,caf,17.150
2011,caf,13.327
2012,caf,16.364
2013,caf,8.364
2014,caf,17.484
2015,caf,16.063
2016,caf,13.933
2017,caf,14.254
2018,caf,14.185
2019,caf,14.417
2020,caf,14.629
1995,tcd,11.901
1996,tcd,11.842
1997,tcd,12.228
1998,tcd,10.917
1999,tcd,11.441
2000,tcd,12.136
2001,tcd,10.965
2002,tcd,12.587
2003,tcd,13.745
2004,tcd,10.373
2005,tcd,11.482
2006,tcd,16.199
2007,tcd,19.667
2008,tcd,22.490
2009,tcd,14.991
2010,tcd,20.249
2011,tcd,24.786
2012,tcd,24.422
2013,tcd,20.809
2014,tcd,17.871
2015,tcd,14.207
2016,tcd,17.828
2017,tcd,18.089
2018,tcd,23.808
2019,tcd,24.972
2020,tcd,25.098
1990,chl,23.558
1991,chl,23.154
1992,chl,23.285
1993,chl,22.903
1994,chl,22.371
1995,chl,22.850
1996,chl,23.024
1997,chl,22.944
1998,chl,22.487
1999,chl,21.807
2000,chl,22.290
2001,chl,22.804
2002,chl,22.149
2003,chl,21.961
2004,chl,22.879
2005,chl,24.763
2006,chl,26.156
2007,chl,27.289
2008,chl,25.838
2009,chl,20.617
2010,chl,23.533
2011,chl,24.664
2012,chl,24.424
2013,chl,23.252
2014,chl,22.838
2015,chl,23.379
2016,chl,24.456
2017,chl,25.250
2018,chl,25.927
2019,chl,25.900
2020,chl,25.907
1982,chn,24.330
1983,chn,24.521
1984,chn,23.351
1985,chn,23.226
1986,chn,21.835
1987,chn,19.595
1988,chn,17.092
1989,chn,17.619
1990,chn,17.146
1991,chn,15.198
1992,chn,13.316
1993,chn,12.169
1994,chn,10.391
1995,chn,9.874
1996,chn,9.989
1997,chn,10.594
1998,chn,11.413
1999,chn,12.559
2000,chn,13.565
2001,chn,15.029
2002,chn,15.691
2003,chn,15.895
2004,chn,16.400
2005,chn,16.887
2006,chn,16.955
2007,chn,18.476
2008,chn,22.649
2009,chn,23.827
2010,chn,25.082
2011,chn,27.678
2012,chn,28.364
2013,chn,28.189
2014,chn,28.475
2015,chn,28.947
2016,chn,28.317
2017,chn,28.153
2018,chn,27.934
2019,chn,27.538
2020,chn,27.247
1980,col,0.046
1981,col,0.036
1982,col,10.770
1983,col,11.294
1984,col,11.466
1985,col,12.236
1986,col,12.256
1987,col,14.150
1988,col,13.682
1989,col,16.293
1990,col,17.078
1991,col,18.079
1992,col,18.380
1993,col,19.805
1994,col,20.478
1995,col,21.243
1996,col,22.622
1997,col,22.998
1998,col,22.525
1999,col,22.941
2000,col,23.489
2001,col,24.638
2002,col,24.463
2003,col,25.148
2004,col,25.157
2005,col,25.701
2006,col,27.284
2007,col,27.180
2008,col,26.386
2009,col,26.727
2010,col,26.097
2011,col,26.655
2012,col,28.340
2013,col,28.262
2014,col,28.204
2015,col,26.307
2016,col,26.148
2017,col,25.952
2018,col,25.968
2019,col,25.840
2020,col,25.714
1984,com,31.612
1985,com,32.931
1986,com,32.953
1987,com,30.798
1988,com,28.392
1989,com,30.350
1990,com,30.877
1991,com,28.691
1992,com,30.115
1993,com,28.475
1994,com,30.638
1995,com,24.133
1996,com,20.575
1997,com,22.632
1998,com,18.690
1999,com,18.374
2000,com,14.429
2001,com,18.374
2002,com,20.510
2003,com,18.017
2004,com,18.408
2005,com,19.926
2006,com,18.679
2007,com,20.311
2008,com,23.507
2009,com,23.623
2010,com,29.165
2011,com,23.564
2012,com,28.591
2013,com,42.968
2014,com,23.500
2015,com,24.247
2016,com,24.436
2017,com,25.072
2018,com,25.730
2019,com,25.719
2020,com,26.031
1996,cod,0.679
1997,cod,0.649
1998,cod,0.742
1999,cod,0.563
2000,cod,0.637
2001,cod,3.030
2002,cod,5.062
2003,cod,4.944
2004,cod,7.017
2005,cod,10.704
2006,cod,11.785
2007,cod,10.421
2008,cod,11.533
2009,cod,15.150
2010,cod,20.311
2011,cod,15.693
2012,cod,17.303
2013,cod,15.779
2014,cod,14.334
2015,cod,15.689
2016,cod,16.448
2017,cod,16.285
2018,cod,16.500
2019,cod,16.834
2020,cod,17.123
1990,cog,27.249
1991,cog,25.501
1992,cog,22.641
1993,cog,24.280
1994,cog,22.596
1995,cog,23.796
1996,cog,27.744
1997,cog,28.721
1998,cog,22.740
1999,cog,26.731
2000,cog,26.582
2001,cog,30.846
2002,cog,27.337
2003,cog,30.195
2004,cog,30.369
2005,cog,38.798
2006,cog,44.427
2007,cog,39.253
2008,cog,47.025
2009,cog,29.465
2010,cog,37.521
2011,cog,42.531
2012,cog,42.638
2013,cog,46.911
2014,cog,42.974
2015,cog,39.771
2016,cog,40.411
2017,cog,40.288
2018,cog,40.962
2019,cog,40.985
2020,cog,40.174
2000,cri,12.415
2001,cri,13.450
2002,cri,13.344
2003,cri,13.937
2004,cri,13.602
2005,cri,13.852
2006,cri,14.225
2007,cri,15.478
2008,cri,15.858
2009,cri,14.030
2010,cri,13.576
2011,cri,13.761
2012,cri,13.687
2013,cri,13.735
2014,cri,13.511
2015,cri,13.806
2016,cri,14.601
2017,cri,14.962
2018,cri,14.989
2019,cri,15.013
2020,cri,15.013
1997,civ,19.379
1998,civ,18.385
1999,civ,16.422
2000,civ,16.652
2001,civ,16.778
2002,civ,17.224
2003,civ,15.777
2004,civ,17.237
2005,civ,17.377
2006,civ,18.560
2007,civ,19.192
2008,civ,19.877
2009,civ,18.500
2010,civ,18.147
2011,civ,19.213
2012,civ,18.948
2013,civ,19.812
2014,civ,20.773
2015,civ,19.574
2016,civ,19.741
2017,civ,20.045
2018,civ,20.216
2019,civ,20.526
2020,civ,21.827
2002,hrv,43.321
2003,hrv,42.151
2004,hrv,41.575
2005,hrv,41.309
2006,hrv,41.574
2007,hrv,42.194
2008,hrv,41.642
2009,hrv,41.243
2010,hrv,40.782
2011,hrv,40.575
2012,hrv,41.288
2013,hrv,41.790
2014,hrv,41.926
2015,hrv,42.611
2016,hrv,42.899
2017,hrv,43.044
2018,hrv,43.293
2019,hrv,43.391
2020,hrv,43.386
1995,cyp,30.510
1996,cyp,30.157
1997,cyp,29.393
1998,cyp,30.828
1999,cyp,30.706
2000,cyp,32.789
2001,cyp,33.756
2002,cyp,33.417
2003,cyp,34.717
2004,cyp,35.358
2005,cyp,37.887
2006,cyp,38.532
2007,cyp,41.329
2008,cyp,39.577
2009,cyp,36.921
2010,cyp,37.698
2011,cyp,37.012
2012,cyp,36.264
2013,cyp,37.559
2014,cyp,40.123
2015,cyp,39.320
2016,cyp,39.250
2017,cyp,38.808
2018,cyp,39.135
2019,cyp,39.170
2020,cyp,39.181
1995,cze,39.025
1996,cze,37.453
1997,cze,37.591
1998,cze,36.690
1999,cze,37.113
2000,cze,36.372
2001,cze,36.606
2002,cze,37.501
2003,cze,41.562
2004,cze,38.750
2005,cze,38.031
2006,cze,37.859
2007,cze,38.531
2008,cze,37.321
2009,cze,37.282
2010,cze,37.460
2011,cze,37.998
2012,cze,38.309
2013,cze,38.871
2014,cze,39.031
2015,cze,38.539
2016,cze,37.811
2017,cze,37.710
2018,cze,37.633
2019,cze,37.719
2020,cze,37.389
1980,dnk,48.759
1981,dnk,49.030
1982,dnk,47.635
1983,dnk,49.553
1984,dnk,51.355
1985,dnk,52.326
1986,dnk,54.014
1987,dnk,54.549
1988,dnk,55.359
1989,dnk,54.533
1990,dnk,53.415
1991,dnk,52.447
1992,dnk,53.770
1993,dnk,55.622
1994,dnk,55.690
1995,dnk,54.906
1996,dnk,55.516
1997,dnk,54.707
1998,dnk,55.007
1999,dnk,55.402
2000,dnk,54.574
2001,dnk,53.978
2002,dnk,53.199
2003,dnk,53.506
2004,dnk,55.099
2005,dnk,56.177
2006,dnk,54.802
2007,dnk,54.599
2008,dnk,53.702
2009,dnk,53.987
2010,dnk,54.331
2011,dnk,54.772
2012,dnk,55.143
2013,dnk,56.016
2014,dnk,56.416
2015,dnk,52.495
2016,dnk,52.074
2017,dnk,50.734
2018,dnk,50.628
2019,dnk,50.728
2020,dnk,50.928
1991,dji,37.674
1992,dji,40.360
1993,dji,39.627
1994,dji,36.458
1995,dji,30.715
1996,dji,30.760
1997,dji,31.094
1998,dji,34.173
1999,dji,30.165
2000,dji,30.838
2001,dji,28.036
2002,dji,29.209
2003,dji,34.041
2004,dji,35.605
2005,dji,37.093
2006,dji,34.949
2007,dji,35.180
2008,dji,41.814
2009,dji,36.314
2010,dji,34.193
2011,dji,34.492
2012,dji,34.621
2013,dji,32.237
2014,dji,35.555
2015,dji,36.661
2016,dji,33.461
2017,dji,31.498
2018,dji,27.341
2019,dji,26.929
2020,dji,29.869
1990,dma,27.328
1991,dma,26.516
1992,dma,25.733
1993,dma,24.439
1994,dma,24.708
1995,dma,26.869
1996,dma,27.821
1997,dma,26.910
1998,dma,28.109
1999,dma,26.399
2000,dma,29.624
2001,dma,22.825
2002,dma,24.138
2003,dma,30.343
2004,dma,29.030
2005,dma,31.335
2006,dma,32.031
2007,dma,35.134
2008,dma,34.681
2009,dma,35.276
2010,dma,35.808
2011,dma,29.727
2012,dma,29.352
2013,dma,29.689
2014,dma,29.642
2015,dma,29.388
2016,dma,29.204
2017,dma,29.139
2018,dma,28.972
2019,dma,28.808
2020,dma,28.654
1997,dom,11.911
1998,dom,11.717
1999,dom,11.971
2000,dom,12.472
2001,dom,13.581
2002,dom,13.541
2003,dom,12.258
2004,dom,13.129
2005,dom,14.678
2006,dom,15.116
2007,dom,16.414
2008,dom,15.078
2009,dom,13.282
2010,dom,13.099
2011,dom,12.849
2012,dom,13.606
2013,dom,14.558
2014,dom,15.053
2015,dom,14.790
2016,dom,14.752
2017,dom,14.712
2018,dom,14.662
2019,dom,14.642
2020,dom,14.745
1993,ecu,0.000
1994,ecu,0.000
1995,ecu,19.751
1996,ecu,19.124
1997,ecu,18.968
1998,ecu,16.286
1999,ecu,19.132
2000,ecu,23.726
2001,ecu,21.110
2002,ecu,22.174
2003,ecu,21.306
2004,ecu,22.347
2005,ecu,22.034
2006,ecu,24.064
2007,ecu,26.370
2008,ecu,35.720
2009,ecu,29.396
2010,ecu,33.334
2011,ecu,39.343
2012,ecu,39.452
2013,ecu,39.440
2014,ecu,38.816
2015,ecu,33.946
2016,ecu,34.120
2017,ecu,34.340
2018,ecu,33.715
2019,ecu,33.439
2020,ecu,32.862
2002,egy,25.399
2003,egy,26.191
2004,egy,25.610
2005,egy,24.839
2006,egy,28.585
2007,egy,27.719
2008,egy,28.011
2009,egy,27.686
2010,egy,25.142
2011,egy,22.027
2012,egy,22.143
2013,egy,23.019
2014,egy,24.977
2015,egy,23.443
2016,egy,23.274
2017,egy,23.172
2018,egy,22.911
2019,egy,22.627
2020,egy,22.701
1993,slv,13.325
1994,slv,14.434
1995,slv,15.394
1996,slv,16.582
1997,slv,13.753
1998,slv,14.224
1999,slv,14.016
2000,slv,14.981
2001,slv,14.450
2002,slv,14.333
2003,slv,15.038
2004,slv,15.571
2005,slv,15.674
2006,slv,16.810
2007,slv,16.738
2008,slv,16.560
2009,slv,15.851
2010,slv,17.142
2011,slv,17.435
2012,slv,17.878
2013,slv,18.464
2014,slv,17.845
2015,slv,18.043
2016,slv,18.364
2017,slv,18.431
2018,slv,18.472
2019,slv,18.420
2020,slv,18.393
1980,gnq,47.156
1981,gnq,34.033
1982,gnq,38.613
1983,gnq,47.542
1984,gnq,46.337
1985,gnq,27.634
1986,gnq,23.019
1987,gnq,29.750
1988,gnq,22.739
1989,gnq,48.271
1990,gnq,60.674
1991,gnq,57.264
1992,gnq,44.285
1993,gnq,45.593
1994,gnq,26.772
1995,gnq,21.951
1996,gnq,20.717
1997,gnq,21.347
1998,gnq,32.599
1999,gnq,21.975
2000,gnq,22.074
2001,gnq,32.491
2002,gnq,32.914
2003,gnq,32.626
2004,gnq,33.197
2005,gnq,38.658
2006,gnq,49.781
2007,gnq,47.254
2008,gnq,44.150
2009,gnq,53.703
2010,gnq,37.554
2011,gnq,38.430
2012,gnq,37.958
2013,gnq,34.726
2014,gnq,33.954
2015,gnq,38.472
2016,gnq,31.918
2017,gnq,32.396
2018,gnq,31.372
2019,gnq,29.066
2020,gnq,27.508
1992,eri,30.577
1993,eri,55.291
1994,eri,45.695
1995,eri,45.088
1996,eri,38.883
1997,eri,42.178
1998,eri,36.871
1999,eri,35.847
2000,eri,45.924
2001,eri,38.629
2002,eri,36.205
2003,eri,49.823
2004,eri,38.232
2005,eri,35.289
2006,eri,27.081
2007,eri,24.282
2008,eri,21.003
2009,eri,15.909
2010,eri,18.580
2011,eri,17.425
2012,eri,17.185
2013,eri,17.263
2014,eri,17.365
2015,eri,16.600
2016,eri,16.015
2017,eri,14.531
2018,eri,14.504
2019,eri,14.396
2020,eri,12.867
1995,est,40.051
1996,est,37.624
1997,est,39.018
1998,est,39.522
1999,est,37.043
2000,est,35.812
2001,est,34.760
2002,est,36.099
2003,est,36.572
2004,est,35.554
2005,est,34.972
2006,est,35.724
2007,est,35.981
2008,est,36.105
2009,est,42.336
2010,est,40.602
2011,est,39.056
2012,est,39.466
2013,est,38.417
2014,est,38.425
2015,est,38.617
2016,est,38.894
2017,est,39.001
2018,est,39.023
2019,est,39.064
2020,est,39.092
1980,eth,10.617
1981,eth,11.642
1982,eth,12.438
1983,eth,13.265
1984,eth,14.695
1985,eth,14.553
1986,eth,15.407
1987,eth,14.408
1988,eth,17.564
1989,eth,19.118
1990,eth,13.593
1991,eth,10.994
1992,eth,9.044
1993,eth,9.373
1994,eth,11.885
1995,eth,14.210
1996,eth,14.432
1997,eth,15.606
1998,eth,16.842
1999,eth,17.370
2000,eth,16.718
2001,eth,18.678
2002,eth,19.105
2003,eth,21.221
2004,eth,20.498
2005,eth,18.768
2006,eth,18.279
2007,eth,16.954
2008,eth,15.874
2009,eth,16.181
2010,eth,17.162
2011,eth,16.621
2012,eth,15.476
2013,eth,15.866
2014,eth,15.093
2015,eth,16.227
2016,eth,16.281
2017,eth,16.215
2018,eth,16.262
2019,eth,16.403
2020,eth,16.480
1992,fji,26.343
1993,fji,26.101
1994,fji,26.289
1995,fji,25.855
1996,fji,25.158
1997,fji,26.417
1998,fji,34.954
1999,fji,27.474
2000,fji,25.591
2001,fji,24.009
2002,fji,25.980
2003,fji,24.525
2004,fji,25.140
2005,fji,24.781
2006,fji,26.341
2007,fji,26.101
2008,fji,25.998
2009,fji,25.135
2010,fji,25.526
2011,fji,27.608
2012,fji,27.985
2013,fji,28.186
2014,fji,28.586
2015,fji,28.103
2016,fji,27.760
2017,fji,27.760
2018,fji,27.752
2019,fji,27.725
2020,fji,27.629
1980,fin,45.217
1981,fin,47.742
1982,fin,47.231
1983,fin,47.058
1984,fin,48.686
1985,fin,50.473
1986,fin,51.891
1987,fin,50.257
1988,fin,52.916
1989,fin,52.538
1990,fin,52.241
1991,fin,54.610
1992,fin,54.562
1993,fin,54.134
1994,fin,54.658
1995,fin,52.930
1996,fin,54.109
1997,fin,52.939
1998,fin,52.530
1999,fin,51.507
2000,fin,53.707
2001,fin,51.184
2002,fin,51.483
2003,fin,50.673
2004,fin,50.432
2005,fin,51.868
2006,fin,52.272
2007,fin,51.928
2008,fin,52.440
2009,fin,52.251
2010,fin,52.166
2011,fin,53.352
2012,fin,54.022
2013,fin,55.253
2014,fin,55.545
2015,fin,55.632
2016,fin,55.993
2017,fin,56.240
2018,fin,56.346
2019,fin,56.377
2020,fin,56.408
1980,fra,45.695
1981,fra,46.242
1982,fra,47.084
1983,fra,47.854
1984,fra,48.571
1985,fra,48.951
1986,fra,48.293
1987,fra,48.863
1988,fra,47.638
1989,fra,47.235
1990,fra,47.214
1991,fra,47.909
1992,fra,47.468
1993,fra,48.315
1994,fra,48.641
1995,fra,49.060
1996,fra,50.364
1997,fra,50.290
1998,fra,49.937
1999,fra,50.478
2000,fra,49.810
2001,fra,49.778
2002,fra,49.211
2003,fra,48.925
2004,fra,49.035
2005,fra,49.713
2006,fra,50.151
2007,fra,49.683
2008,fra,49.807
2009,fra,49.599
2010,fra,49.649
2011,fra,50.822
2012,fra,51.827
2013,fra,53.007
2014,fra,53.314
2015,fra,53.160
2016,fra,53.100
2017,fra,52.965
2018,fra,52.965
2019,fra,52.901
2020,fra,52.828
1990,gab,18.099
1991,gab,22.242
1992,gab,20.880
1993,gab,20.769
1994,gab,21.593
1995,gab,26.742
1996,gab,23.487
1997,gab,30.011
1998,gab,31.245
1999,gab,25.676
2000,gab,30.324
2001,gab,30.779
2002,gab,28.184
2003,gab,27.652
2004,gab,26.991
2005,gab,28.609
2006,gab,29.123
2007,gab,27.499
2008,gab,28.480
2009,gab,29.965
2010,gab,23.343
2011,gab,26.380
2012,gab,31.885
2013,gab,30.973
2014,gab,27.946
2015,gab,22.964
2016,gab,24.648
2017,gab,24.867
2018,gab,25.033
2019,gab,24.972
2020,gab,24.961
2000,gmb,15.701
2001,gmb,11.897
2002,gmb,14.382
2003,gmb,12.581
2004,gmb,17.634
2005,gmb,15.830
2006,gmb,17.423
2007,gmb,18.372
2008,gmb,17.953
2009,gmb,20.458
2010,gmb,18.852
2011,gmb,21.234
2012,gmb,25.339
2013,gmb,18.540
2014,gmb,22.450
2015,gmb,26.304
2016,gmb,25.117
2017,gmb,25.290
2018,gmb,25.477
2019,gmb,25.447
2020,gmb,25.129
2000,geo,15.495
2001,geo,16.634
2002,geo,16.244
2003,geo,15.971
2004,geo,23.075
2005,geo,24.420
2006,geo,26.669
2007,geo,29.259
2008,geo,30.690
2009,geo,29.270
2010,geo,28.280
2011,geo,28.222
2012,geo,28.810
2013,geo,27.512
2014,geo,27.865
2015,geo,27.780
2016,geo,27.824
2017,geo,27.679
2018,geo,27.465
2019,geo,27.281
2020,geo,27.237
1991,deu,41.981
1992,deu,43.314
1993,deu,43.642
1994,deu,44.138
1995,deu,44.187
1996,deu,44.527
1997,deu,44.267
1998,deu,44.409
1999,deu,45.221
2000,deu,44.790
2001,deu,43.005
2002,deu,42.620
2003,deu,42.921
2004,deu,41.941
2005,deu,42.185
2006,deu,42.300
2007,deu,42.321
2008,deu,42.557
2009,deu,43.665
2010,deu,42.303
2011,deu,42.874
2012,deu,44.287
2013,deu,44.472
2014,deu,44.557
2015,deu,44.459
2016,deu,44.367
2017,deu,44.379
2018,deu,44.356
2019,deu,44.356
2020,deu,44.356
1980,gha,4.137
1981,gha,5.506
1982,gha,5.210
1983,gha,9.474
1984,gha,8.190
1985,gha,9.698
1986,gha,13.499
1987,gha,12.101
1988,gha,11.547
1989,gha,11.902
1990,gha,8.383
1991,gha,8.984
1992,gha,7.381
1993,gha,10.973
1994,gha,13.177
1995,gha,15.777
1996,gha,12.358
1997,gha,9.345
1998,gha,10.132
1999,gha,8.264
2000,gha,13.423
2001,gha,17.898
2002,gha,12.733
2003,gha,17.017
2004,gha,17.517
2005,gha,16.687
2006,gha,17.064
2007,gha,17.500
2008,gha,15.949
2009,gha,16.440
2010,gha,16.710
2011,gha,19.127
2012,gha,18.502
2013,gha,16.463
2014,gha,18.402
2015,gha,19.204
2016,gha,19.612
2017,gha,19.984
2018,gha,20.712
2019,gha,20.651
2020,gha,20.105
1980,grc,23.677
1981,grc,22.590
1982,grc,24.956
1983,grc,25.885
1984,grc,26.629
1985,grc,26.536
1986,grc,27.048
1987,grc,27.897
1988,grc,26.020
1989,grc,24.615
1990,grc,27.114
1991,grc,27.493
1992,grc,28.239
1993,grc,29.221
1994,grc,30.591
1995,grc,39.551
1996,grc,39.680
1997,grc,40.702
1998,grc,39.311
1999,grc,40.674
2000,grc,41.855
2001,grc,39.430
2002,grc,38.848
2003,grc,37.683
2004,grc,36.569
2005,grc,37.770
2006,grc,38.715
2007,grc,40.097
2008,grc,40.622
2009,grc,38.728
2010,grc,40.997
2011,grc,43.611
2012,grc,44.558
2013,grc,44.969
2014,grc,43.598
2015,grc,43.430
2016,grc,43.328
2017,grc,42.693
2018,grc,41.837
2019,grc,41.370
2020,grc,40.342
1990,grd,22.025
1991,grd,23.135
1992,grd,20.767
1993,grd,23.514
1994,grd,22.366
1995,grd,23.239
1996,grd,23.624
1997,grd,21.826
1998,grd,22.966
1999,grd,22.067
2000,grd,23.538
2001,grd,23.520
2002,grd,21.849
2003,grd,25.893
2004,grd,24.150
2005,grd,27.466
2006,grd,27.135
2007,grd,21.756
2008,grd,24.180
2009,grd,22.755
2010,grd,24.633
2011,grd,23.611
2012,grd,20.803
2013,grd,21.041
2014,grd,25.046
2015,grd,25.015
2016,grd,24.462
2017,grd,25.313
2018,grd,25.393
2019,grd,25.462
2020,grd,25.462
2000,gtm,12.343
2001,gtm,12.398
2002,gtm,12.782
2003,gtm,12.531
2004,gtm,12.320
2005,gtm,11.990
2006,gtm,12.727
2007,gtm,12.840
2008,gtm,12.025
2009,gtm,11.052
2010,gtm,11.236
2011,gtm,11.638
2012,gtm,11.622
2013,gtm,11.642
2014,gtm,11.238
2015,gtm,11.087
2016,gtm,11.290
2017,gtm,11.394
2018,gtm,11.485
2019,gtm,11.509
2020,gtm,11.572
1990,gin,21.820
1991,gin,18.978
1992,gin,15.935
1993,gin,14.672
1994,gin,13.583
1995,gin,14.333
1996,gin,13.414
1997,gin,14.567
1998,gin,14.071
1999,gin,13.084
2000,gin,13.239
2001,gin,14.667
2002,gin,13.831
2003,gin,13.926
2004,gin,12.594
2005,gin,15.242
2006,gin,15.885
2007,gin,15.099
2008,gin,16.130
2009,gin,16.548
2010,gin,15.700
2011,gin,20.226
2012,gin,22.850
2013,gin,19.847
2014,gin,25.722
2015,gin,23.418
2016,gin,23.167
2017,gin,23.272
2018,gin,23.363
2019,gin,23.348
2020,gin,21.744
2000,gnb,21.844
2001,gnb,17.618
2002,gnb,11.050
2003,gnb,12.681
2004,gnb,18.048
2005,gnb,15.643
2006,gnb,16.324
2007,gnb,15.851
2008,gnb,22.853
2009,gnb,25.001
2010,gnb,20.306
2011,gnb,16.710
2012,gnb,11.877
2013,gnb,12.590
2014,gnb,22.759
2015,gnb,24.316
2016,gnb,22.673
2017,gnb,23.488
2018,gnb,24.270
2019,gnb,25.066
2020,gnb,25.807
1997,guy,25.583
1998,guy,22.501
1999,guy,23.110
2000,guy,27.429
2001,guy,27.122
2002,guy,27.749
2003,guy,24.966
2004,guy,27.512
2005,guy,28.487
2006,guy,29.727
2007,guy,28.279
2008,guy,26.931
2009,guy,28.778
2010,guy,27.729
2011,guy,27.265
2012,guy,26.377
2013,guy,25.669
2014,guy,28.602
2015,guy,28.725
2016,guy,26.955
2017,guy,27.484
2018,guy,25.545
2019,guy,25.377
2020,guy,24.834
1997,hti,10.044
1998,hti,9.666
1999,hti,9.251
2000,hti,8.426
2001,hti,8.027
2002,hti,8.408
2003,hti,9.116
2004,hti,10.190
2005,hti,13.144
2006,hti,13.472
2007,hti,15.771
2008,hti,15.125
2009,hti,17.813
2010,hti,23.908
2011,hti,21.899
2012,hti,23.402
2013,hti,20.810
2014,hti,19.567
2015,hti,20.906
2016,hti,20.464
2017,hti,20.753
2018,hti,20.772
2019,hti,20.930
2020,hti,20.868
2000,hnd,23.881
2001,hnd,22.202
2002,hnd,22.046
2003,hnd,21.596
2004,hnd,23.336
2005,hnd,23.851
2006,hnd,23.306
2007,hnd,24.476
2008,hnd,26.446
2009,hnd,24.362
2010,hnd,24.145
2011,hnd,23.112
2012,hnd,22.501
2013,hnd,22.947
2014,hnd,24.363
2015,hnd,25.432
2016,hnd,25.883
2017,hnd,26.212
2018,hnd,26.406
2019,hnd,26.499
2020,hnd,26.542
1991,hkg,18.572
1992,hkg,18.801
1993,hkg,19.889
1994,hkg,18.168
1995,hkg,16.856
1996,hkg,18.297
1997,hkg,22.157
1998,hkg,15.710
1999,hkg,18.046
2000,hkg,17.222
2001,hkg,13.161
2002,hkg,13.547
2003,hkg,16.042
2004,hkg,20.856
2005,hkg,18.571
2006,hkg,20.017
2007,hkg,23.454
2008,hkg,18.772
2009,hkg,18.991
2010,hkg,22.278
2011,hkg,24.080
2012,hkg,22.617
2013,hkg,22.099
2014,hkg,23.699
2015,hkg,21.196
2016,hkg,21.148
2017,hkg,19.899
2018,hkg,19.697
2019,hkg,19.385
2020,hkg,19.376
1995,hun,46.519
1996,hun,46.407
1997,hun,43.820
1998,hun,43.158
1999,hun,43.434
2000,hun,44.020
2001,hun,43.042
2002,hun,41.895
2003,hun,41.781
2004,hun,42.093
2005,hun,41.635
2006,hun,42.159
2007,hun,44.748
2008,hun,44.862
2009,hun,45.913
2010,hun,45.203
2011,hun,44.440
2012,hun,46.407
2013,hun,47.288
2014,hun,46.980
2015,hun,46.197
2016,hun,43.964
2017,hun,44.376
2018,hun,44.935
2019,hun,45.627
2020,hun,46.586
1980,isl,35.105
1981,isl,36.396
1982,isl,37.472
1983,isl,35.442
1984,isl,36.525
1985,isl,35.022
1986,isl,35.038
1987,isl,35.251
1988,isl,38.950
1989,isl,38.062
1990,isl,38.853
1991,isl,41.591
1992,isl,42.115
1993,isl,39.982
1994,isl,39.598
1995,isl,40.679
1996,isl,41.499
1997,isl,41.516
1998,isl,40.025
1999,isl,42.279
2000,isl,42.449
2001,isl,40.842
2002,isl,40.534
2003,isl,41.530
2004,isl,42.560
2005,isl,45.787
2006,isl,46.840
2007,isl,45.601
2008,isl,42.370
2009,isl,38.922
2010,isl,39.555
2011,isl,40.130
2012,isl,41.775
2013,isl,42.491
2014,isl,47.862
2015,isl,43.871
2016,isl,42.867
2017,isl,42.809
2018,isl,41.839
2019,isl,41.805
2020,isl,41.510
1988,ind,13.176
1989,ind,13.267
1990,ind,13.081
1991,ind,14.278
1992,ind,17.995
1993,ind,17.320
1994,ind,17.897
1995,ind,17.852
1996,ind,17.354
1997,ind,16.663
1998,ind,16.011
1999,ind,16.853
2000,ind,17.372
2001,ind,16.946
2002,ind,17.732
2003,ind,18.195
2004,ind,18.897
2005,ind,19.062
2006,ind,20.338
2007,ind,21.962
2008,ind,19.708
2009,ind,18.518
2010,ind,18.821
2011,ind,19.082
2012,ind,19.726
2013,ind,19.780
2014,ind,19.375
2015,ind,19.495
2016,ind,19.680
2017,ind,19.817
2018,ind,19.919
2019,ind,20.022
2020,ind,20.126
1993,idn,15.003
1994,idn,15.029
1995,idn,13.940
1996,idn,13.853
1997,idn,15.792
1998,idn,14.648
1999,idn,15.754
2000,idn,13.433
2001,idn,17.745
2002,idn,16.353
2003,idn,17.099
2004,idn,17.573
2005,idn,17.860
2006,idn,18.868
2007,idn,17.782
2008,idn,19.448
2009,idn,15.382
2010,idn,15.644
2011,idn,17.062
2012,idn,17.249
2013,idn,17.138
2014,idn,16.613
2015,idn,15.157
2016,idn,15.691
2017,idn,15.871
2018,idn,16.090
2019,idn,16.213
2020,idn,16.345
1990,irn,18.145
1991,irn,15.561
1992,irn,17.103
1993,irn,26.773
1994,irn,23.701
1995,irn,22.373
1996,irn,20.789
1997,irn,19.405
1998,irn,14.631
1999,irn,19.005
2000,irn,23.452
2001,irn,18.067
2002,irn,20.632
2003,irn,21.193
2004,irn,22.283
2005,irn,25.594
2006,irn,25.778
2007,irn,26.455
2008,irn,22.743
2009,irn,21.413
2010,irn,21.882
2011,irn,19.151
2012,irn,14.208
2013,irn,14.083
2014,irn,14.215
2015,irn,13.540
2016,irn,13.278
2017,irn,12.831
2018,irn,12.343
2019,irn,11.948
2020,irn,11.354
2004,irq,56.052
2005,irq,67.274
2006,irq,61.040
2007,irq,53.956
2008,irq,56.399
2009,irq,46.180
2010,irq,45.396
2011,irq,48.114
2012,irq,46.986
2013,irq,42.575
2014,irq,40.485
2015,irq,40.930
2016,irq,44.326
2017,irq,45.431
2018,irq,45.486
2019,irq,45.160
2020,irq,46.850
1980,irl,36.574
1981,irl,37.427
1982,irl,39.493
1983,irl,41.300
1984,irl,41.467
1985,irl,46.670
1986,irl,45.191
1987,irl,43.285
1988,irl,44.374
1989,irl,40.737
1990,irl,41.025
1991,irl,42.420
1992,irl,43.094
1993,irl,41.120
1994,irl,41.560
1995,irl,37.443
1996,irl,38.542
1997,irl,39.941
1998,irl,36.795
1999,irl,36.443
2000,irl,35.878
2001,irl,33.635
2002,irl,32.882
2003,irl,33.562
2004,irl,34.639
2005,irl,35.082
2006,irl,36.883
2007,irl,36.203
2008,irl,34.992
2009,irl,33.699
2010,irl,33.642
2011,irl,33.512
2012,irl,34.201
2013,irl,34.805
2014,irl,34.659
2015,irl,33.722
2016,irl,33.063
2017,irl,32.424
2018,irl,31.710
2019,irl,31.271
2020,irl,30.943
2000,isr,44.672
2001,isr,44.486
2002,isr,44.354
2003,isr,42.965
2004,isr,41.842
2005,isr,41.673
2006,isr,42.896
2007,isr,42.087
2008,isr,39.523
2009,isr,36.512
2010,isr,37.347
2011,isr,37.821
2012,isr,36.494
2013,isr,37.130
2014,isr,37.400
2015,isr,37.273
2016,isr,37.351
2017,isr,37.943
2018,isr,38.467
2019,isr,38.886
2020,isr,39.064
1988,ita,31.387
1989,ita,32.048
1990,ita,33.584
1991,ita,36.823
1992,ita,38.866
1993,ita,39.966
1994,ita,38.479
1995,ita,40.482
1996,ita,44.452
1997,ita,46.762
1998,ita,45.101
1999,ita,45.545
2000,ita,44.157
2001,ita,44.107
2002,ita,43.695
2003,ita,43.812
2004,ita,43.252
2005,ita,42.951
2006,ita,44.022
2007,ita,45.243
2008,ita,45.117
2009,ita,45.866
2010,ita,45.611
2011,ita,45.626
2012,ita,47.780
2013,ita,47.938
2014,ita,48.651
2015,ita,48.306
2016,ita,48.417
2017,ita,48.617
2018,ita,48.740
2019,ita,48.761
2020,ita,48.832
1990,jam,25.296
1991,jam,23.639
1992,jam,21.600
1993,jam,22.569
1994,jam,22.878
1995,jam,24.202
1996,jam,22.689
1997,jam,21.812
1998,jam,22.724
1999,jam,25.173
2000,jam,25.575
2001,jam,23.677
2002,jam,24.133
2003,jam,26.342
2004,jam,26.816
2005,jam,26.023
2006,jam,26.070
2007,jam,27.560
2008,jam,27.287
2009,jam,27.527
2010,jam,26.814
2011,jam,25.562
2012,jam,25.716
2013,jam,27.201
2014,jam,26.581
2015,jam,27.090
2016,jam,26.638
2017,jam,26.226
2018,jam,25.556
2019,jam,25.528
2020,jam,25.461
1980,jpn,27.023
1981,jpn,28.302
1982,jpn,28.559
1983,jpn,28.648
1984,jpn,29.259
1985,jpn,29.529
1986,jpn,29.542
1987,jpn,30.820
1988,jpn,30.847
1989,jpn,30.823
1990,jpn,31.714
1991,jpn,31.470
1992,jpn,31.253
1993,jpn,29.906
1994,jpn,29.154
1995,jpn,29.286
1996,jpn,29.671
1997,jpn,29.782
1998,jpn,29.390
1999,jpn,29.299
2000,jpn,29.237
2001,jpn,30.327
2002,jpn,28.916
2003,jpn,28.424
2004,jpn,27.905
2005,jpn,29.298
2006,jpn,30.838
2007,jpn,31.224
2008,jpn,31.620
2009,jpn,29.589
2010,jpn,29.610
2011,jpn,30.788
2012,jpn,31.106
2013,jpn,31.988
2014,jpn,32.573
2015,jpn,33.322
2016,jpn,33.428
2017,jpn,34.013
2018,jpn,34.758
2019,jpn,34.983
2020,jpn,35.389
1985,jor,35.695
1986,jor,31.649
1987,jor,28.858
1988,jor,31.427
1989,jor,35.848
1990,jor,36.743
1991,jor,34.963
1992,jor,37.575
1993,jor,34.798
1994,jor,32.627
1995,jor,34.374
1996,jor,33.600
1997,jor,31.533
1998,jor,30.392
1999,jor,30.941
2000,jor,30.034
2001,jor,30.264
2002,jor,29.583
2003,jor,34.736
2004,jor,36.613
2005,jor,33.291
2006,jor,32.353
2007,jor,32.314
2008,jor,30.077
2009,jor,26.467
2010,jor,24.856
2011,jor,26.439
2012,jor,23.011
2013,jor,24.140
2014,jor,27.964
2015,jor,25.793
2016,jor,28.067
2017,jor,28.505
2018,jor,28.805
2019,jor,28.605
2020,jor,28.586
1994,kaz,22.196
1995,kaz,16.861
1996,kaz,13.222
1997,kaz,13.471
1998,kaz,18.188
1999,kaz,17.538
2000,kaz,21.855
2001,kaz,25.654
2002,kaz,22.451
2003,kaz,25.351
2004,kaz,24.550
2005,kaz,28.084
2006,kaz,27.452
2007,kaz,28.839
2008,kaz,28.295
2009,kaz,22.142
2010,kaz,23.943
2011,kaz,27.703
2012,kaz,26.923
2013,kaz,25.262
2014,kaz,24.768
2015,kaz,20.812
2016,kaz,22.114
2017,kaz,22.682
2018,kaz,22.614
2019,kaz,22.459
2020,kaz,22.233
1982,ken,16.381
1983,ken,15.571
1984,ken,15.396
1985,ken,15.666
1986,ken,15.387
1987,ken,16.503
1988,ken,17.450
1989,ken,17.394
1990,ken,17.373
1991,ken,12.341
1992,ken,11.652
1993,ken,12.930
1994,ken,18.311
1995,ken,21.366
1996,ken,20.775
1997,ken,20.751
1998,ken,21.337
1999,ken,19.964
2000,ken,18.623
2001,ken,18.432
2002,ken,18.505
2003,ken,19.467
2004,ken,20.123
2005,ken,20.042
2006,ken,19.329
2007,ken,19.677
2008,ken,19.447
2009,ken,18.794
2010,ken,19.801
2011,ken,19.454
2012,ken,19.174
2013,ken,19.648
2014,ken,20.487
2015,ken,21.282
2016,ken,21.968
2017,ken,22.482
2018,ken,22.802
2019,ken,22.967
2020,ken,23.116
1988,kir,42.994
1989,kir,56.774
1990,kir,88.150
1991,kir,62.321
1992,kir,79.266
1993,kir,69.507
1994,kir,65.667
1995,kir,76.946
1996,kir,56.494
1997,kir,89.137
1998,kir,98.970
1999,kir,82.270
2000,kir,71.799
2001,kir,91.282
2002,kir,97.774
2003,kir,74.378
2004,kir,82.579
2005,kir,82.690
2006,kir,69.739
2007,kir,66.089
2008,kir,64.846
2009,kir,68.388
2010,kir,70.160
2011,kir,59.629
2012,kir,84.225
2013,kir,105.853
2014,kir,149.258
2015,kir,112.281
2016,kir,89.508
2017,kir,85.897
2018,kir,82.336
2019,kir,77.490
2020,kir,75.996
1995,kor,16.521
1996,kor,17.245
1997,kor,17.110
1998,kor,18.180
1999,kor,18.376
2000,kor,21.198
2001,kor,20.615
2002,kor,20.401
2003,kor,20.744
2004,kor,20.005
2005,kor,20.498
2006,kor,21.333
2007,kor,22.622
2008,kor,22.328
2009,kor,21.314
2010,kor,21.005
2011,kor,21.566
2012,kor,22.119
2013,kor,21.566
2014,kor,21.566
2015,kor,21.365
2016,kor,21.432
2017,kor,21.498
2018,kor,21.565
2019,kor,21.565
2020,kor,21.565
2000,uvk,10.302
2001,uvk,12.804
2002,uvk,17.794
2003,uvk,19.876
2004,uvk,21.122
2005,uvk,20.919
2006,uvk,23.062
2007,uvk,25.947
2008,uvk,24.290
2009,uvk,28.290
2010,uvk,26.443
2011,uvk,27.104
2012,uvk,26.129
2013,uvk,24.639
2014,uvk,24.232
2015,uvk,25.849
2016,uvk,25.747
2017,uvk,25.410
2018,uvk,25.401
2019,uvk,25.401
2020,uvk,25.401
1990,kwt,60.328
1991,kwt,52.861
1992,kwt,41.242
1993,kwt,45.633
1994,kwt,49.392
1995,kwt,52.734
1996,kwt,56.123
1997,kwt,60.844
1998,kwt,58.891
1999,kwt,60.074
2000,kwt,68.168
2001,kwt,71.623
2002,kwt,61.201
2003,kwt,54.348
2004,kwt,56.414
2005,kwt,71.422
2006,kwt,63.809
2007,kwt,67.491
2008,kwt,60.561
2009,kwt,69.390
2010,kwt,70.693
2011,kwt,72.983
2012,kwt,73.479
2013,kwt,72.434
2014,kwt,70.828
2015,kwt,62.020
2016,kwt,64.529
2017,kwt,66.120
2018,kwt,65.617
2019,kwt,64.511
2020,kwt,63.283
2000,kgz,19.556
2001,kgz,21.374
2002,kgz,23.704
2003,kgz,23.418
2004,kgz,24.168
2005,kgz,25.791
2006,kgz,27.392
2007,kgz,31.183
2008,kgz,30.279
2009,kgz,33.262
2010,kgz,31.253
2011,kgz,32.797
2012,kgz,34.925
2013,kgz,34.448
2014,kgz,36.022
2015,kgz,34.740
2016,kgz,33.589
2017,kgz,33.673
2018,kgz,33.746
2019,kgz,33.916
2020,kgz,33.669
2000,lao,17.520
2001,lao,17.231
2002,lao,15.806
2003,lao,13.725
2004,lao,12.835
2005,lao,13.879
2006,lao,14.500
2007,lao,15.590
2008,lao,15.931
2009,lao,17.149
2010,lao,22.642
2011,lao,22.396
2012,lao,24.108
2013,lao,23.924
2014,lao,24.237
2015,lao,22.580
2016,lao,21.701
2017,lao,21.556
2018,lao,21.600
2019,lao,21.625
2020,lao,21.981
1998,lva,36.630
1999,lva,36.238
2000,lva,34.068
2001,lva,32.487
2002,lva,31.828
2003,lva,31.367
2004,lva,32.309
2005,lva,33.467
2006,lva,33.457
2007,lva,33.778
2008,lva,33.398
2009,lva,35.657
2010,lva,36.084
2011,lva,35.650
2012,lva,37.070
2013,lva,36.089
2014,lva,35.485
2015,lva,35.095
2016,lva,33.852
2017,lva,32.718
2018,lva,33.552
2019,lva,33.359
2020,lva,32.746
2000,lbn,18.649
2001,lbn,17.663
2002,lbn,20.319
2003,lbn,22.158
2004,lbn,23.693
2005,lbn,23.076
2006,lbn,25.825
2007,lbn,24.512
2008,lbn,24.712
2009,lbn,24.166
2010,lbn,21.933
2011,lbn,22.791
2012,lbn,21.753
2013,lbn,19.788
2014,lbn,21.236
2015,lbn,19.636
2016,lbn,20.509
2017,lbn,20.729
2018,lbn,20.837
2019,lbn,20.869
2020,lbn,20.904
1982,lso,29.946
1983,lso,31.837
1984,lso,34.448
1985,lso,37.028
1986,lso,36.921
1987,lso,40.449
1988,lso,35.927
1989,lso,42.101
1990,lso,44.411
1991,lso,44.344
1992,lso,44.250
1993,lso,46.717
1994,lso,47.232
1995,lso,48.237
1996,lso,50.382
1997,lso,50.100
1998,lso,44.972
1999,lso,42.536
2000,lso,42.586
2001,lso,43.647
2002,lso,45.100
2003,lso,48.085
2004,lso,52.094
2005,lso,52.108
2006,lso,64.194
2007,lso,60.827
2008,lso,64.769
2009,lso,63.461
2010,lso,53.854
2011,lso,54.159
2012,lso,68.283
2013,lso,60.087
2014,lso,61.753
2015,lso,59.356
2016,lso,50.287
2017,lso,52.274
2018,lso,51.930
2019,lso,51.723
2020,lso,51.464
2000,lbr,14.768
2001,lbr,11.356
2002,lbr,11.396
2003,lbr,9.534
2004,lbr,11.814
2005,lbr,11.417
2006,lbr,15.191
2007,lbr,18.716
2008,lbr,19.482
2009,lbr,23.029
2010,lbr,26.781
2011,lbr,25.993
2012,lbr,28.483
2013,lbr,28.118
2014,lbr,26.509
2015,lbr,26.410
2016,lbr,24.583
2017,lbr,24.328
2018,lbr,24.321
2019,lbr,24.422
2020,lbr,24.044
1990,lby,34.419
1991,lby,37.038
1992,lby,26.580
1993,lby,25.226
1994,lby,26.692
1995,lby,32.466
1996,lby,43.427
1997,lby,33.252
1998,lby,31.473
1999,lby,33.695
2000,lby,41.704
2001,lby,38.234
2002,lby,49.400
2003,lby,49.421
2004,lby,54.047
2005,lby,60.410
2006,lby,62.961
2007,lby,62.280
2008,lby,68.368
2009,lby,52.889
2010,lby,64.931
2011,lby,39.111
2012,lby,72.299
2013,lby,65.739
2014,lby,40.893
2015,lby,27.456
2016,lby,39.441
2017,lby,57.304
2018,lby,57.211
2019,lby,58.835
2020,lby,57.843
2000,ltu,31.942
2001,ltu,31.454
2002,ltu,31.408
2003,ltu,30.922
2004,ltu,31.601
2005,ltu,32.919
2006,ltu,33.287
2007,ltu,33.449
2008,ltu,33.771
2009,ltu,34.321
2010,ltu,34.341
2011,ltu,32.590
2012,ltu,32.102
2013,ltu,32.098
2014,ltu,32.835
2015,ltu,32.720
2016,ltu,32.267
2017,ltu,32.344
2018,ltu,32.516
2019,ltu,32.584
2020,ltu,32.578
1995,lux,43.046
1996,lux,43.099
1997,lux,44.928
1998,lux,45.189
1999,lux,43.298
2000,lux,42.134
2001,lux,43.113
2002,lux,42.879
2003,lux,42.888
2004,lux,41.710
2005,lux,42.687
2006,lux,40.993
2007,lux,42.302
2008,lux,42.618
2009,lux,44.486
2010,lux,43.294
2011,lux,42.620
2012,lux,43.504
2013,lux,44.462
2014,lux,44.742
2015,lux,43.972
2016,lux,44.170
2017,lux,44.102
2018,lux,44.282
2019,lux,44.277
2020,lux,44.431
1998,mkd,31.824
1999,mkd,33.885
2000,mkd,35.105
2001,mkd,32.967
2002,mkd,33.911
2003,mkd,36.255
2004,mkd,34.491
2005,mkd,32.704
2006,mkd,30.945
2007,mkd,32.026
2008,mkd,32.833
2009,mkd,30.934
2010,mkd,30.100
2011,mkd,29.382
2012,mkd,29.450
2013,mkd,27.967
2014,mkd,27.613
2015,mkd,28.848
2016,mkd,28.270
2017,mkd,27.681
2018,mkd,27.681
2019,mkd,27.681
2020,mkd,27.681
1980,mdg,15.306
1981,mdg,11.015
1982,mdg,10.065
1983,mdg,10.010
1984,mdg,10.577
1985,mdg,12.764
1986,mdg,11.945
1987,mdg,10.499
1988,mdg,14.378
1989,mdg,15.637
1990,mdg,16.628
1991,mdg,11.200
1992,mdg,14.040
1993,mdg,13.126
1994,mdg,11.354
1995,mdg,11.593
1996,mdg,13.051
1997,mdg,15.187
1998,mdg,13.882
1999,mdg,15.221
2000,mdg,15.513
2001,mdg,14.042
2002,mdg,10.163
2003,mdg,15.415
2004,mdg,20.274
2005,mdg,18.462
2006,mdg,20.962
2007,mdg,15.996
2008,mdg,15.938
2009,mdg,11.523
2010,mdg,13.174
2011,mdg,11.675
2012,mdg,10.830
2013,mdg,10.885
2014,mdg,12.044
2015,mdg,12.565
2016,mdg,13.321
2017,mdg,13.868
2018,mdg,14.306
2019,mdg,14.481
2020,mdg,14.507
2002,mwi,17.512
2003,mwi,24.497
2004,mwi,27.786
2005,mwi,32.096
2006,mwi,37.007
2007,mwi,35.207
2008,mwi,34.557
2009,mwi,33.286
2010,mwi,40.149
2011,mwi,29.800
2012,mwi,38.579
2013,mwi,40.181
2014,mwi,36.659
2015,mwi,36.586
2016,mwi,36.451
2017,mwi,37.393
2018,mwi,35.586
2019,mwi,35.286
2020,mwi,32.627
1990,mys,33.408
1991,mys,31.580
1992,mys,32.690
1993,mys,30.554
1994,mys,31.278
1995,mys,27.991
1996,mys,27.947
1997,mys,28.312
1998,mys,24.491
1999,mys,23.569
2000,mys,21.325
2001,mys,25.989
2002,mys,25.251
2003,mys,25.564
2004,mys,24.539
2005,mys,22.734
2006,mys,24.063
2007,mys,24.424
2008,mys,24.631
2009,mys,25.621
2010,mys,23.135
2011,mys,24.565
2012,mys,25.822
2013,mys,24.873
2014,mys,24.188
2015,mys,22.853
2016,mys,23.289
2017,mys,23.291
2018,mys,23.627
2019,mys,23.873
2020,mys,23.722
1990,mdv,20.561
1991,mdv,27.480
1992,mdv,23.489
1993,mdv,20.842
1994,mdv,25.789
1995,mdv,25.595
1996,mdv,25.211
1997,mdv,23.703
1998,mdv,23.626
1999,mdv,24.951
2000,mdv,25.109
2001,mdv,23.153
2002,mdv,23.247
2003,mdv,22.915
2004,mdv,22.120
2005,mdv,31.938
2006,mdv,32.340
2007,mdv,33.710
2008,mdv,27.351
2009,mdv,20.632
2010,mdv,21.741
2011,mdv,26.078
2012,mdv,25.910
2013,mdv,27.983
2014,mdv,32.295
2015,mdv,35.079
2016,mdv,35.836
2017,mdv,35.374
2018,mdv,35.135
2019,mdv,34.830
2020,mdv,34.425
2000,mli,18.633
2001,mli,17.850
2002,mli,20.546
2003,mli,21.867
2004,mli,21.199
2005,mli,21.480
2006,mli,56.183
2007,mli,21.324
2008,mli,18.951
2009,mli,21.709
2010,mli,20.053
2011,mli,20.835
2012,mli,17.378
2013,mli,21.054
2014,mli,22.877
2015,mli,21.901
2016,mli,22.125
2017,mli,22.604
2018,mli,23.073
2019,mli,23.645
2020,mli,23.733
2000,mlt,36.909
2001,mlt,37.925
2002,mlt,37.838
2003,mlt,36.342
2004,mlt,37.938
2005,mlt,39.483
2006,mlt,39.691
2007,mlt,38.873
2008,mlt,38.361
2009,mlt,38.531
2010,mlt,37.729
2011,mlt,38.222
2012,mlt,38.740
2013,mlt,39.548
2014,mlt,40.455
2015,mlt,42.112
2016,mlt,41.386
2017,mlt,41.441
2018,mlt,41.493
2019,mlt,41.594
2020,mlt,41.691
1997,mhl,65.011
1998,mhl,66.065
1999,mhl,60.633
2000,mhl,66.744
2001,mhl,70.944
2002,mhl,63.811
2003,mhl,65.508
2004,mhl,53.603
2005,mhl,63.147
2006,mhl,61.218
2007,mhl,67.707
2008,mhl,65.221
2009,mhl,64.195
2010,mhl,61.640
2011,mhl,57.830
2012,mhl,51.412
2013,mhl,53.807
2014,mhl,56.111
2015,mhl,63.690
2016,mhl,65.104
2017,mhl,60.989
2018,mhl,58.119
2019,mhl,57.133
2020,mhl,56.171
1990,mrt,22.470
1991,mrt,19.400
1992,mrt,17.953
1993,mrt,21.295
1994,mrt,19.440
1995,mrt,19.217
1996,mrt,24.104
1997,mrt,20.931
1998,mrt,18.292
1999,mrt,18.532
2000,mrt,20.643
2001,mrt,21.360
2002,mrt,30.167
2003,mrt,29.111
2004,mrt,26.842
2005,mrt,24.417
2006,mrt,27.128
2007,mrt,23.664
2008,mrt,21.303
2009,mrt,20.652
2010,mrt,21.893
2011,mrt,22.501
2012,mrt,32.398
2013,mrt,27.792
2014,mrt,27.550
2015,mrt,28.790
2016,mrt,26.887
2017,mrt,27.142
2018,mrt,26.213
2019,mrt,25.396
2020,mrt,26.158
2000,mus,18.873
2001,mus,17.849
2002,mus,19.154
2003,mus,19.710
2004,mus,19.271
2005,mus,19.664
2006,mus,19.066
2007,mus,19.547
2008,mus,21.041
2009,mus,22.770
2010,mus,21.887
2011,mus,21.431
2012,mus,21.456
2013,mus,21.354
2014,mus,20.554
2015,mus,21.078
2016,mus,21.184
2017,mus,21.193
2018,mus,21.204
2019,mus,20.993
2020,mus,21.110
1990,mex,21.779
1991,mex,20.470
1992,mex,19.914
1993,mex,18.135
1994,mex,17.596
1995,mex,18.182
1996,mex,18.485
1997,mex,18.414
1998,mex,16.725
1999,mex,16.914
2000,mex,17.899
2001,mex,18.175
2002,mex,18.763
2003,mex,19.657
2004,mex,19.762
2005,mex,20.470
2006,mex,21.881
2007,mex,22.150
2008,mex,24.963
2009,mex,22.067
2010,mex,22.605
2011,mex,23.622
2012,mex,23.828
2013,mex,24.225
2014,mex,23.452
2015,mex,22.032
2016,mex,21.721
2017,mex,22.162
2018,mex,22.321
2019,mex,22.250
2020,mex,22.223
1995,fsm,76.775
1996,fsm,74.467
1997,fsm,67.075
1998,fsm,69.046
1999,fsm,67.738
2000,fsm,63.826
2001,fsm,58.795
2002,fsm,66.375
2003,fsm,69.580
2004,fsm,55.455
2005,fsm,53.705
2006,fsm,54.822
2007,fsm,55.848
2008,fsm,57.870
2009,fsm,65.916
2010,fsm,68.218
2011,fsm,65.032
2012,fsm,66.030
2013,fsm,62.336
2014,fsm,68.588
2015,fsm,61.879
2016,fsm,60.793
2017,fsm,60.386
2018,fsm,60.126
2019,fsm,59.706
2020,fsm,59.291
1995,mda,39.442
1996,mda,35.872
1997,mda,38.480
1998,mda,37.572
1999,mda,30.379
2000,mda,30.479
2001,mda,29.163
2002,mda,29.560
2003,mda,33.974
2004,mda,35.401
2005,mda,38.560
2006,mda,39.878
2007,mda,42.860
2008,mda,40.628
2009,mda,38.917
2010,mda,38.307
2011,mda,36.598
2012,mda,37.943
2013,mda,36.721
2014,mda,38.076
2015,mda,38.103
2016,mda,37.167
2017,mda,36.270
2018,mda,35.700
2019,mda,35.219
2020,mda,34.820
1981,mng,35.861
1982,mng,36.487
1983,mng,36.580
1984,mng,37.243
1985,mng,37.563
1986,mng,33.526
1987,mng,33.473
1988,mng,32.526
1989,mng,34.976
1990,mng,36.218
1991,mng,33.937
1992,mng,17.986
1993,mng,21.348
1994,mng,19.199
1995,mng,18.504
1996,mng,18.599
1997,mng,19.455
1998,mng,20.406
1999,mng,19.929
2000,mng,24.560
2001,mng,26.357
2002,mng,26.295
2003,mng,25.916
2004,mng,25.939
2005,mng,23.733
2006,mng,29.244
2007,mng,32.816
2008,mng,28.504
2009,mng,26.036
2010,mng,32.001
2011,mng,33.918
2012,mng,29.816
2013,mng,31.298
2014,mng,28.024
2015,mng,25.442
2016,mng,25.108
2017,mng,24.879
2018,mng,25.365
2019,mng,25.416
2020,mng,25.700
2002,mne,35.552
2003,mne,38.569
2004,mne,37.392
2005,mne,36.776
2006,mne,44.970
2007,mne,49.203
2008,mne,48.410
2009,mne,42.473
2010,mne,41.284
2011,mne,38.526
2012,mne,39.976
2013,mne,41.532
2014,mne,44.666
2015,mne,42.912
2016,mne,42.671
2017,mne,42.818
2018,mne,43.461
2019,mne,43.715
2020,mne,43.715
1990,mar,24.081
1991,mar,22.421
1992,mar,23.269
1993,mar,23.995
1994,mar,21.736
1995,mar,21.279
1996,mar,20.832
1997,mar,22.849
1998,mar,22.857
1999,mar,24.535
2000,mar,23.605
2001,mar,22.540
2002,mar,24.254
2003,mar,23.019
2004,mar,23.982
2005,mar,26.275
2006,mar,27.363
2007,mar,29.923
2008,mar,32.531
2009,mar,29.281
2010,mar,27.537
2011,mar,27.816
2012,mar,28.730
2013,mar,28.646
2014,mar,28.272
2015,mar,27.019
2016,mar,27.520
2017,mar,28.071
2018,mar,27.924
2019,mar,27.936
2020,mar,27.919
1980,moz,11.418
1981,moz,14.703
1982,moz,21.008
1983,moz,17.540
1984,moz,15.668
1985,moz,10.181
1986,moz,10.870
1987,moz,14.021
1988,moz,18.443
1989,moz,20.453
1990,moz,14.834
1991,moz,19.263
1992,moz,23.998
1993,moz,22.653
1994,moz,22.766
1995,moz,19.521
1996,moz,14.272
1997,moz,16.898
1998,moz,15.959
1999,moz,18.996
2000,moz,19.653
2001,moz,20.202
2002,moz,18.246
2003,moz,18.950
2004,moz,17.170
2005,moz,17.427
2006,moz,19.919
2007,moz,22.027
2008,moz,22.729
2009,moz,24.403
2010,moz,26.061
2011,moz,27.112
2012,moz,27.527
2013,moz,32.209
2014,moz,31.855
2015,moz,29.183
2016,moz,28.812
2017,moz,28.579
2018,moz,28.313
2019,moz,28.127
2020,moz,27.746
1998,mmr,17.071
1999,mmr,15.498
2000,mmr,12.930
2001,mmr,11.318
2002,mmr,10.125
2003,mmr,9.390
2004,mmr,10.145
2005,mmr,11.775
2006,mmr,12.777
2007,mmr,12.258
2008,mmr,11.601
2009,mmr,10.699
2010,mmr,11.422
2011,mmr,11.992
2012,mmr,23.307
2013,mmr,23.167
2014,mmr,24.766
2015,mmr,24.290
2016,mmr,24.902
2017,mmr,24.922
2018,mmr,25.227
2019,mmr,25.251
2020,mmr,25.359
1990,nam,27.628
1991,nam,30.382
1992,nam,32.066
1993,nam,30.529
1994,nam,29.641
1995,nam,29.861
1996,nam,29.201
1997,nam,31.102
1998,nam,31.151
1999,nam,31.190
2000,nam,28.464
2001,nam,27.619
2002,nam,28.112
2003,nam,25.700
2004,nam,25.209
2005,nam,26.285
2006,nam,28.504
2007,nam,30.962
2008,nam,31.874
2009,nam,30.982
2010,nam,27.862
2011,nam,29.975
2012,nam,32.122
2013,nam,30.298
2014,nam,33.216
2015,nam,33.283
2016,nam,30.073
2017,nam,29.937
2018,nam,32.253
2019,nam,32.893
2020,nam,32.893
2000,npl,11.351
2001,npl,12.033
2002,npl,12.009
2003,npl,13.254
2004,npl,13.295
2005,npl,14.023
2006,npl,13.009
2007,npl,14.182
2008,npl,14.942
2009,npl,16.817
2010,npl,18.002
2011,npl,17.672
2012,npl,18.672
2013,npl,19.291
2014,npl,20.957
2015,npl,21.339
2016,npl,21.578
2017,npl,21.781
2018,npl,22.120
2019,npl,22.235
2020,npl,22.394
1995,nld,44.487
1996,nld,44.898
1997,nld,43.669
1998,nld,42.771
1999,nld,43.996
2000,nld,43.578
2001,nld,42.824
2002,nld,41.890
2003,nld,41.771
2004,nld,42.189
2005,nld,42.424
2006,nld,43.662
2007,nld,42.947
2008,nld,43.991
2009,nld,42.713
2010,nld,43.163
2011,nld,42.685
2012,nld,43.504
2013,nld,44.514
2014,nld,44.058
2015,nld,42.902
2016,nld,43.182
2017,nld,43.032
2018,nld,43.032
2019,nld,43.032
2020,nld,43.032
1985,nzl,35.444
1986,nzl,37.596
1987,nzl,38.581
1988,nzl,40.019
1989,nzl,41.311
1990,nzl,42.270
1991,nzl,42.320
1992,nzl,41.776
1993,nzl,40.904
1994,nzl,40.480
1995,nzl,40.969
1996,nzl,38.351
1997,nzl,36.639
1998,nzl,35.854
1999,nzl,34.478
2000,nzl,34.756
2001,nzl,34.821
2002,nzl,35.500
2003,nzl,36.386
2004,nzl,36.688
2005,nzl,38.052
2006,nzl,38.364
2007,nzl,36.846
2008,nzl,36.447
2009,nzl,35.168
2010,nzl,34.461
2011,nzl,34.391
2012,nzl,34.237
2013,nzl,34.073
2014,nzl,33.730
2015,nzl,34.091
2016,nzl,33.818
2017,nzl,33.791
2018,nzl,33.571
2019,nzl,33.295
2020,nzl,33.322
2000,nic,22.751
2001,nic,19.595
2002,nic,20.827
2003,nic,22.212
2004,nic,22.548
2005,nic,23.016
2006,nic,21.925
2007,nic,22.165
2008,nic,20.911
2009,nic,20.411
2010,nic,21.831
2011,nic,22.877
2012,nic,23.465
2013,nic,23.374
2014,nic,23.086
2015,nic,23.574
2016,nic,24.438
2017,nic,24.394
2018,nic,24.486
2019,nic,24.422
2020,nic,24.382
1995,ner,12.157
1996,ner,13.411
1997,ner,13.859
1998,ner,15.191
1999,ner,14.129
2000,ner,14.280
2001,ner,14.990
2002,ner,16.358
2003,ner,15.166
2004,ner,17.185
2005,ner,18.184
2006,ner,60.087
2007,ner,22.188
2008,ner,24.133
2009,ner,18.618
2010,ner,18.209
2011,ner,17.923
2012,ner,22.250
2013,ner,25.206
2014,ner,23.560
2015,ner,25.520
2016,ner,26.171
2017,ner,28.001
2018,ner,28.124
2019,ner,28.584
2020,ner,28.830
2000,nga,31.868
2001,nga,33.892
2002,nga,23.870
2003,nga,22.680
2004,nga,24.575
2005,nga,24.727
2006,nga,21.565
2007,nga,17.623
2008,nga,20.582
2009,nga,11.246
2010,nga,12.421
2011,nga,17.729
2012,nga,14.347
2013,nga,11.047
2014,nga,9.772
2015,nga,8.553
2016,nga,9.216
2017,nga,9.275
2018,nga,9.208
2019,nga,9.147
2020,nga,9.063
1980,nor,49.482
1981,nor,48.304
1982,nor,48.017
1983,nor,49.665
1984,nor,48.628
1985,nor,50.796
1986,nor,50.276
1987,nor,51.244
1988,nor,51.246
1989,nor,50.076
1990,nor,51.369
1991,nor,50.322
1992,nor,49.708
1993,nor,49.045
1994,nor,49.858
1995,nor,52.790
1996,nor,53.544
1997,nor,53.344
1998,nor,51.368
1999,nor,52.673
2000,nor,56.948
2001,nor,56.739
2002,nor,54.805
2003,nor,54.271
2004,nor,55.055
2005,nor,55.866
2006,nor,57.369
2007,nor,56.456
2008,nor,57.404
2009,nor,55.372
2010,nor,55.009
2011,nor,56.201
2012,nor,55.783
2013,nor,54.374
2014,nor,53.730
2015,nor,52.711
2016,nor,52.447
2017,nor,52.802
2018,nor,52.760
2019,nor,52.664
2020,nor,52.527
1990,omn,48.963
1991,omn,44.726
1992,omn,42.045
1993,omn,39.665
1994,omn,38.560
1995,omn,40.978
1996,omn,42.494
1997,omn,43.932
1998,omn,38.048
1999,omn,40.980
2000,omn,51.066
2001,omn,48.180
2002,omn,46.762
2003,omn,47.201
2004,omn,46.848
2005,omn,49.235
2006,omn,49.811
2007,omn,48.830
2008,omn,47.411
2009,omn,39.294
2010,omn,40.637
2011,omn,48.913
2012,omn,49.482
2013,omn,49.154
2014,omn,47.274
2015,omn,41.194
2016,omn,42.509
2017,omn,42.817
2018,omn,41.259
2019,omn,40.163
2020,omn,38.129
1990,pak,16.251
1991,pak,16.176
1992,pak,15.033
1993,pak,14.616
1994,pak,13.170
1995,pak,12.574
1996,pak,13.340
1997,pak,12.310
1998,pak,12.057
1999,pak,12.691
2000,pak,13.240
2001,pak,13.081
2002,pak,14.737
2003,pak,15.951
2004,pak,13.565
2005,pak,13.124
2006,pak,13.643
2007,pak,14.364
2008,pak,14.383
2009,pak,14.227
2010,pak,14.327
2011,pak,12.619
2012,pak,13.178
2013,pak,13.287
2014,pak,15.082
2015,pak,14.849
2016,pak,15.427
2017,pak,15.638
2018,pak,15.704
2019,pak,15.851
2020,pak,15.851
2000,plw,40.978
2001,plw,31.958
2002,plw,35.103
2003,plw,40.519
2004,plw,38.338
2005,plw,38.241
2006,plw,42.412
2007,plw,44.182
2008,plw,40.444
2009,plw,39.215
2010,plw,44.165
2011,plw,40.961
2012,plw,41.682
2013,plw,38.184
2014,plw,37.382
2015,plw,40.974
2016,plw,42.262
2017,plw,42.405
2018,plw,42.240
2019,plw,42.093
2020,plw,41.393
1990,pan,34.944
1991,pan,18.776
1992,pan,23.241
1993,pan,22.597
1994,pan,21.320
1995,pan,22.648
1996,pan,21.649
1997,pan,22.637
1998,pan,22.514
1999,pan,24.457
2000,pan,24.808
2001,pan,23.804
2002,pan,22.885
2003,pan,22.303
2004,pan,21.114
2005,pan,22.318
2006,pan,24.935
2007,pan,27.783
2008,pan,26.148
2009,pan,25.375
2010,pan,25.201
2011,pan,24.807
2012,pan,25.103
2013,pan,24.632
2014,pan,22.984
2015,pan,22.783
2016,pan,22.680
2017,pan,23.393
2018,pan,23.550
2019,pan,23.231
2020,pan,23.000
1990,png,33.014
1991,png,31.938
1992,png,27.088
1993,png,27.359
1994,png,26.828
1995,png,26.667
1996,png,28.793
1997,png,31.162
1998,png,29.150
1999,png,28.629
2000,png,30.465
2001,png,29.695
2002,png,27.265
2003,png,27.671
2004,png,32.057
2005,png,35.157
2006,png,37.216
2007,png,37.272
2008,png,32.594
2009,png,27.302
2010,png,31.266
2011,png,30.404
2012,png,29.179
2013,png,28.154
2014,png,31.444
2015,png,25.234
2016,png,24.603
2017,png,24.207
2018,png,23.936
2019,png,23.542
2020,png,22.633
1989,pry,21.410
1990,pry,22.382
1991,pry,17.905
1992,pry,19.583
1993,pry,22.176
1994,pry,25.408
1995,pry,26.574
1996,pry,25.907
1997,pry,28.459
1998,pry,28.716
1999,pry,23.388
2000,pry,20.256
2001,pry,20.715
2002,pry,18.147
2003,pry,18.890
2004,pry,19.851
2005,pry,19.388
2006,pry,21.322
2007,pry,20.333
2008,pry,20.017
2009,pry,20.793
2010,pry,20.803
2011,pry,23.263
2012,pry,23.643
2013,pry,22.113
2014,pry,23.690
2015,pry,24.337
2016,pry,24.534
2017,pry,24.571
2018,pry,24.548
2019,pry,24.535
2020,pry,24.531
2000,per,19.393
2001,per,18.571
2002,per,18.079
2003,per,18.332
2004,per,18.363
2005,per,19.747
2006,per,21.088
2007,per,21.942
2008,per,22.248
2009,per,19.763
2010,per,20.880
2011,per,22.063
2012,per,22.211
2013,per,22.267
2014,per,22.394
2015,per,21.041
2016,per,21.225
2017,per,21.002
2018,per,20.926
2019,per,20.992
2020,per,20.856
1994,phl,19.822
1995,phl,19.673
1996,phl,20.785
1997,phl,21.304
1998,phl,19.631
1999,phl,19.050
2000,phl,18.108
2001,phl,18.133
2002,phl,17.462
2003,phl,17.552
2004,phl,17.221
2005,phl,17.838
2006,phl,19.048
2007,phl,18.692
2008,phl,18.664
2009,phl,17.396
2010,phl,16.802
2011,phl,17.598
2012,phl,18.258
2013,phl,18.499
2014,phl,18.966
2015,phl,18.725
2016,phl,18.777
2017,phl,18.828
2018,phl,18.904
2019,phl,18.972
2020,phl,19.008
1995,pol,43.301
1996,pol,46.141
1997,pol,41.719
1998,pol,39.993
1999,pol,40.407
2000,pol,38.053
2001,pol,38.532
2002,pol,39.173
2003,pol,38.358
2004,pol,37.128
2005,pol,40.744
2006,pol,41.165
2007,pol,41.148
2008,pol,40.760
2009,pol,37.903
2010,pol,38.243
2011,pol,39.027
2012,pol,39.147
2013,pol,38.185
2014,pol,38.663
2015,pol,39.071
2016,pol,39.188
2017,pol,38.921
2018,pol,39.209
2019,pol,39.252
2020,pol,39.274
1986,prt,41.796
1987,prt,36.900
1988,prt,37.497
1989,prt,37.607
1990,prt,35.003
1991,prt,37.647
1992,prt,42.613
1993,prt,38.054
1994,prt,35.054
1995,prt,37.092
1996,prt,38.412
1997,prt,38.744
1998,prt,38.312
1999,prt,39.522
2000,prt,39.429
2001,prt,39.325
2002,prt,40.378
2003,prt,40.901
2004,prt,39.870
2005,prt,40.483
2006,prt,40.914
2007,prt,41.478
2008,prt,41.570
2009,prt,40.418
2010,prt,40.647
2011,prt,42.619
2012,prt,42.852
2013,prt,45.241
2014,prt,44.502
2015,prt,44.680
2016,prt,44.700
2017,prt,44.661
2018,prt,44.601
2019,prt,44.531
2020,prt,44.517
1990,qat,46.039
1991,qat,42.082
1992,qat,45.028
1993,qat,41.512
1994,qat,37.080
1995,qat,39.617
1996,qat,38.455
1997,qat,34.920
1998,qat,38.554
1999,qat,31.471
2000,qat,38.723
2001,qat,34.740
2002,qat,39.652
2003,qat,32.986
2004,qat,43.824
2005,qat,37.646
2006,qat,36.592
2007,qat,37.155
2008,qat,35.606
2009,qat,47.682
2010,qat,35.046
2011,qat,38.658
2012,qat,45.011
2013,qat,51.894
2014,qat,47.062
2015,qat,40.113
2016,qat,35.272
2017,qat,32.947
2018,qat,31.846
2019,qat,30.707
2020,qat,29.614
2000,rou,30.894
2001,rou,29.726
2002,rou,29.418
2003,rou,28.513
2004,rou,29.767
2005,rou,31.216
2006,rou,32.100
2007,rou,32.079
2008,rou,31.570
2009,rou,30.630
2010,rou,31.587
2011,rou,32.130
2012,rou,32.370
2013,rou,31.374
2014,rou,31.939
2015,rou,32.037
2016,rou,31.472
2017,rou,31.255
2018,rou,31.131
2019,rou,31.014
2020,rou,30.896
1998,rus,34.566
1999,rus,32.894
2000,rus,36.169
2001,rus,36.917
2002,rus,36.994
2003,rus,36.375
2004,rus,36.647
2005,rus,39.703
2006,rus,39.476
2007,rus,40.208
2008,rus,39.172
2009,rus,35.044
2010,rus,34.620
2011,rus,37.264
2012,rus,37.709
2013,rus,36.926
2014,rus,37.142
2015,rus,34.755
2016,rus,33.401
2017,rus,34.579
2018,rus,34.425
2019,rus,34.062
2020,rus,33.795
1992,rwa,17.376
1993,rwa,14.156
1994,rwa,4.477
1995,rwa,18.933
1996,rwa,17.197
1997,rwa,17.537
1998,rwa,16.345
1999,rwa,16.582
2000,rwa,20.236
2001,rwa,19.965
2002,rwa,20.092
2003,rwa,17.451
2004,rwa,22.243
2005,rwa,24.212
2006,rwa,21.906
2007,rwa,21.154
2008,rwa,25.190
2009,rwa,24.128
2010,rwa,26.307
2011,rwa,24.615
2012,rwa,24.233
2013,rwa,25.058
2014,rwa,23.798
2015,rwa,23.309
2016,rwa,22.767
2017,rwa,22.246
2018,rwa,22.042
2019,rwa,22.088
2020,rwa,22.638
1998,wsm,29.724
1999,wsm,34.032
2000,wsm,29.723
2001,wsm,28.033
2002,wsm,28.973
2003,wsm,28.063
2004,wsm,26.619
2005,wsm,30.766
2006,wsm,27.250
2007,wsm,31.819
2008,wsm,26.825
2009,wsm,29.620
2010,wsm,33.980
2011,wsm,30.733
2012,wsm,30.114
2013,wsm,33.856
2014,wsm,38.455
2015,wsm,35.298
2016,wsm,30.181
2017,wsm,29.704
2018,wsm,29.704
2019,wsm,29.704
2020,wsm,29.704
2004,smr,20.211
2005,smr,20.986
2006,smr,20.630
2007,smr,19.392
2008,smr,19.147
2009,smr,19.057
2010,smr,19.011
2011,smr,18.307
2012,smr,20.406
2013,smr,20.324
2014,smr,22.132
2015,smr,21.530
2016,smr,21.530
2017,smr,21.530
2018,smr,21.530
2019,smr,21.530
2020,smr,21.537
2000,stp,65.941
2001,stp,38.954
2002,stp,33.251
2003,stp,35.002
2004,stp,34.415
2005,stp,67.739
2006,stp,32.713
2007,stp,160.191
2008,stp,42.819
2009,stp,30.698
2010,stp,36.179
2011,stp,36.285
2012,stp,34.029
2013,stp,33.485
2014,stp,25.939
2015,stp,25.070
2016,stp,32.212
2017,stp,33.334
2018,stp,34.100
2019,stp,35.175
2020,stp,34.339
1999,sau,30.167
2000,sau,41.543
2001,sau,42.553
2002,sau,36.905
2003,sau,41.149
2004,sau,46.977
2005,sau,51.825
2006,sau,53.683
2007,sau,46.605
2008,sau,60.521
2009,sau,35.956
2010,sau,41.613
2011,sau,47.533
2012,sau,50.253
2013,sau,46.710
2014,sau,42.295
2015,sau,35.944
2016,sau,36.966
2017,sau,37.178
2018,sau,36.409
2019,sau,34.955
2020,sau,33.760
2000,sen,18.798
2001,sen,18.582
2002,sen,19.547
2003,sen,20.012
2004,sen,20.383
2005,sen,20.809
2006,sen,21.169
2007,sen,23.616
2008,sen,21.563
2009,sen,21.576
2010,sen,21.864
2011,sen,22.519
2012,sen,23.309
2013,sen,22.702
2014,sen,23.954
2015,sen,23.895
2016,sen,23.695
2017,sen,23.879
2018,sen,23.912
2019,sen,24.100
2020,sen,24.089
2000,srb,31.602
2001,srb,34.669
2002,srb,40.312
2003,srb,39.244
2004,srb,40.892
2005,srb,41.372
2006,srb,42.209
2007,srb,42.507
2008,srb,41.531
2009,srb,39.810
2010,srb,39.932
2011,srb,38.233
2012,srb,39.354
2013,srb,37.864
2014,srb,40.010
2015,srb,38.708
2016,srb,37.705
2017,srb,36.923
2018,srb,36.786
2019,srb,36.682
2020,srb,36.604
1983,syc,44.798
1984,syc,44.443
1985,syc,48.187
1986,syc,47.950
1987,syc,52.475
1988,syc,58.560
1989,syc,59.930
1990,syc,57.974
1991,syc,55.255
1992,syc,57.154
1993,syc,56.731
1994,syc,56.701
1995,syc,50.516
1996,syc,49.418
1997,syc,48.839
1998,syc,44.028
1999,syc,45.862
2000,syc,40.669
2001,syc,37.916
2002,syc,40.055
2003,syc,48.024
2004,syc,40.333
2005,syc,39.402
2006,syc,41.013
2007,syc,31.967
2008,syc,34.871
2009,syc,36.956
2010,syc,35.097
2011,syc,37.996
2012,syc,38.757
2013,syc,35.918
2014,syc,35.175
2015,syc,34.031
2016,syc,33.278
2017,syc,33.184
2018,syc,33.186
2019,syc,33.213
2020,syc,33.191
2000,sle,13.268
2001,sle,13.976
2002,sle,15.206
2003,sle,14.353
2004,sle,15.751
2005,sle,16.100
2006,sle,15.065
2007,sle,33.054
2008,sle,12.695
2009,sle,15.141
2010,sle,15.218
2011,sle,17.022
2012,sle,15.225
2013,sle,13.283
2014,sle,13.298
2015,sle,13.604
2016,sle,13.814
2017,sle,14.658
2018,sle,15.038
2019,sle,15.275
2020,sle,15.310
1990,sgp,29.343
1991,sgp,28.494
1992,sgp,29.696
1993,sgp,32.532
1994,sgp,33.832
1995,sgp,32.065
1996,sgp,34.609
1997,sgp,34.832
1998,sgp,29.258
1999,sgp,28.305
2000,sgp,28.189
2001,sgp,26.218
2002,sgp,21.913
2003,sgp,19.577
2004,sgp,19.137
2005,sgp,19.909
2006,sgp,19.757
2007,sgp,23.790
2008,sgp,24.000
2009,sgp,17.374
2010,sgp,21.086
2011,sgp,23.195
2012,sgp,22.297
2013,sgp,21.527
2014,sgp,22.407
2015,sgp,22.392
2016,sgp,22.531
2017,sgp,22.777
2018,sgp,23.147
2019,sgp,23.439
2020,sgp,23.539
1997,svk,42.073
1998,svk,40.133
1999,svk,40.438
2000,svk,39.734
2001,svk,37.872
2002,svk,36.692
2003,svk,36.863
2004,svk,35.207
2005,svk,36.407
2006,svk,34.889
2007,svk,34.147
2008,svk,34.045
2009,svk,35.914
2010,svk,34.498
2011,svk,36.444
2012,svk,35.979
2013,svk,38.399
2014,svk,38.370
2015,svk,38.452
2016,svk,38.103
2017,svk,37.981
2018,svk,37.910
2019,svk,37.861
2020,svk,37.794
1995,svn,39.695
1996,svn,39.067
1997,svn,38.330
1998,svn,39.468
1999,svn,39.959
2000,svn,39.595
2001,svn,40.418
2002,svn,39.782
2003,svn,40.277
2004,svn,40.459
2005,svn,40.977
2006,svn,41.066
2007,svn,39.844
2008,svn,40.418
2009,svn,39.838
2010,svn,40.845
2011,svn,40.637
2012,svn,41.657
2013,svn,40.749
2014,svn,41.594
2015,svn,40.915
2016,svn,41.028
2017,svn,41.021
2018,svn,41.064
2019,svn,41.031
2020,svn,40.970
1990,slb,31.143
1991,slb,40.201
1992,slb,39.925
1993,slb,36.302
1994,slb,37.702
1995,slb,30.473
1996,slb,30.131
1997,slb,22.801
1998,slb,22.217
1999,slb,20.005
2000,slb,17.355
2001,slb,16.957
2002,slb,13.169
2003,slb,28.552
2004,slb,34.660
2005,slb,33.750
2006,slb,37.587
2007,slb,46.294
2008,slb,46.528
2009,slb,55.222
2010,slb,63.549
2011,slb,59.043
2012,slb,54.440
2013,slb,54.324
2014,slb,46.057
2015,slb,46.201
2016,slb,44.440
2017,slb,44.502
2018,slb,44.117
2019,slb,43.310
2020,slb,42.298
2000,zaf,23.664
2001,zaf,24.079
2002,zaf,23.759
2003,zaf,23.642
2004,zaf,24.243
2005,zaf,25.439
2006,zaf,27.763
2007,zaf,28.417
2008,zaf,28.216
2009,zaf,26.984
2010,zaf,26.720
2011,zaf,27.019
2012,zaf,27.211
2013,zaf,27.625
2014,zaf,28.022
2015,zaf,28.313
2016,zaf,28.987
2017,zaf,29.208
2018,zaf,29.219
2019,zaf,29.264
2020,zaf,29.315
2011,ssd,25.547
2012,ssd,17.745
2013,ssd,19.023
2014,ssd,26.870
2015,ssd,26.705
2016,ssd,34.545
2017,ssd,32.312
2018,ssd,31.088
2019,ssd,29.909
2020,ssd,26.353
1980,esp,28.596
1981,esp,29.377
1982,esp,29.827
1983,esp,31.665
1984,esp,31.786
1985,esp,33.492
1986,esp,34.154
1987,esp,35.785
1988,esp,35.841
1989,esp,37.679
1990,esp,37.739
1991,esp,38.604
1992,esp,40.195
1993,esp,39.978
1994,esp,39.096
1995,esp,37.902
1996,esp,38.298
1997,esp,38.192
1998,esp,37.788
1999,esp,38.377
2000,esp,38.066
2001,esp,37.909
2002,esp,38.207
2003,esp,37.906
2004,esp,38.646
2005,esp,39.513
2006,esp,40.471
2007,esp,40.923
2008,esp,36.723
2009,esp,34.812
2010,esp,36.234
2011,esp,36.028
2012,esp,36.998
2013,esp,37.502
2014,esp,37.765
2015,esp,38.094
2016,esp,38.236
2017,esp,38.221
2018,esp,38.237
2019,esp,38.224
2020,esp,38.158
1990,lka,22.435
1991,lka,21.826
1992,lka,21.385
1993,lka,20.587
1994,lka,19.752
1995,lka,21.037
1996,lka,19.388
1997,lka,18.720
1998,lka,17.309
1999,lka,17.718
2000,lka,16.639
2001,lka,16.474
2002,lka,16.440
2003,lka,15.606
2004,lka,15.312
2005,lka,16.813
2006,lka,17.283
2007,lka,16.642
2008,lka,15.564
2009,lka,15.006
2010,lka,14.886
2011,lka,14.518
2012,lka,13.247
2013,lka,12.396
2014,lka,11.743
2015,lka,13.333
2016,lka,12.387
2017,lka,12.617
2018,lka,12.949
2019,lka,13.147
2020,lka,13.679
1980,kna,40.917
1981,kna,28.855
1982,kna,24.429
1983,kna,24.980
1984,kna,20.415
1985,kna,19.771
1986,kna,21.059
1987,kna,23.526
1988,kna,21.125
1989,kna,21.052
1990,kna,19.929
1991,kna,19.135
1992,kna,20.280
1993,kna,21.570
1994,kna,23.040
1995,kna,24.589
1996,kna,24.571
1997,kna,24.111
1998,kna,25.173
1999,kna,23.560
2000,kna,22.821
2001,kna,21.157
2002,kna,24.899
2003,kna,25.495
2004,kna,27.390
2005,kna,31.370
2006,kna,31.678
2007,kna,29.519
2008,kna,28.901
2009,kna,31.852
2010,kna,30.400
2011,kna,36.599
2012,kna,36.255
2013,kna,45.962
2014,kna,43.023
2015,kna,32.264
2016,kna,30.383
2017,kna,29.016
2018,kna,27.746
2019,kna,27.657
2020,kna,27.462
1985,lca,21.573
1986,lca,22.116
1987,lca,23.449
1988,lca,23.245
1989,lca,23.429
1990,lca,20.700
1991,lca,20.950
1992,lca,21.020
1993,lca,25.608
1994,lca,22.552
1995,lca,22.802
1996,lca,22.151
1997,lca,21.744
1998,lca,24.982
1999,lca,26.891
2000,lca,23.494
2001,lca,22.772
2002,lca,24.138
2003,lca,23.414
2004,lca,23.901
2005,lca,23.140
2006,lca,22.823
2007,lca,24.135
2008,lca,26.061
2009,lca,25.532
2010,lca,25.674
2011,lca,26.093
2012,lca,24.792
2013,lca,25.430
2014,lca,25.381
2015,lca,25.006
2016,lca,24.783
2017,lca,24.783
2018,lca,24.783
2019,lca,24.783
2020,lca,24.783
1980,vct,22.141
1981,vct,24.492
1982,vct,26.143
1983,vct,24.493
1984,vct,28.047
1985,vct,28.247
1986,vct,27.056
1987,vct,27.142
1988,vct,28.050
1989,vct,27.935
1990,vct,27.705
1991,vct,27.719
1992,vct,24.349
1993,vct,23.012
1994,vct,24.626
1995,vct,22.977
1996,vct,24.436
1997,vct,25.272
1998,vct,25.338
1999,vct,25.390
2000,vct,24.805
2001,vct,24.505
2002,vct,25.043
2003,vct,24.809
2004,vct,23.324
2005,vct,23.588
2006,vct,24.182
2007,vct,25.091
2008,vct,28.473
2009,vct,29.815
2010,vct,28.933
2011,vct,27.306
2012,vct,26.679
2013,vct,25.511
2014,vct,27.973
2015,vct,26.847
2016,vct,27.323
2017,vct,27.274
2018,vct,27.511
2019,vct,27.956
2020,vct,27.956
1990,sdn,13.555
1991,sdn,17.657
1992,sdn,23.794
1993,sdn,14.369
1994,sdn,15.174
1995,sdn,8.632
1996,sdn,6.148
1997,sdn,5.921
1998,sdn,6.982
1999,sdn,7.623
2000,sdn,10.355
2001,sdn,10.848
2002,sdn,12.075
2003,sdn,16.110
2004,sdn,20.728
2005,sdn,23.726
2006,sdn,22.434
2007,sdn,21.875
2008,sdn,24.022
2009,sdn,15.521
2010,sdn,19.323
2011,sdn,18.023
2012,sdn,9.941
2013,sdn,10.850
2014,sdn,11.669
2015,sdn,10.773
2016,sdn,11.152
2017,sdn,11.217
2018,sdn,11.458
2019,sdn,11.618
2020,sdn,11.500
1990,sur,19.017
1991,sur,16.539
1992,sur,17.689
1993,sur,16.240
1994,sur,17.632
1995,sur,20.997
1996,sur,24.488
1997,sur,20.518
1998,sur,23.645
1999,sur,18.113
2000,sur,17.779
2001,sur,27.119
2002,sur,20.241
2003,sur,20.412
2004,sur,20.998
2005,sur,20.814
2006,sur,21.094
2007,sur,23.456
2008,sur,23.832
2009,sur,25.311
2010,sur,22.727
2011,sur,27.021
2012,sur,25.931
2013,sur,24.549
2014,sur,22.539
2015,sur,20.414
2016,sur,20.972
2017,sur,20.802
2018,sur,20.842
2019,sur,19.982
2020,sur,19.865
1981,swz,15.830
1982,swz,16.603
1983,swz,16.045
1984,swz,16.640
1985,swz,17.102
1986,swz,16.129
1987,swz,17.272
1988,swz,19.441
1989,swz,22.114
1990,swz,24.174
1991,swz,24.286
1992,swz,22.987
1993,swz,21.098
1994,swz,21.280
1995,swz,21.906
1996,swz,23.053
1997,swz,24.248
1998,swz,25.209
1999,swz,26.526
2000,swz,26.039
2001,swz,25.987
2002,swz,25.984
2003,swz,27.089
2004,swz,30.575
2005,swz,31.758
2006,swz,39.463
2007,swz,35.731
2008,swz,37.448
2009,swz,34.000
2010,swz,23.937
2011,swz,24.224
2012,swz,36.033
2013,swz,34.949
2014,swz,36.288
2015,swz,32.684
2016,swz,29.619
2017,swz,29.868
2018,swz,31.374
2019,swz,31.374
2020,swz,31.374
1980,swe,55.238
1981,swe,58.908
1982,swe,59.126
1983,swe,60.161
1984,swe,59.621
1985,swe,60.069
1986,swe,61.427
1987,swe,62.812
1988,swe,61.492
1989,swe,61.356
1990,swe,62.466
1991,swe,62.318
1992,swe,59.004
1993,swe,57.373
1994,swe,56.755
1995,swe,55.356
1996,swe,57.183
1997,swe,56.502
1998,swe,56.961
1999,swe,56.281
2000,swe,55.847
2001,swe,53.170
2002,swe,51.460
2003,swe,51.716
2004,swe,51.789
2005,swe,53.151
2006,swe,52.189
2007,swe,51.676
2008,swe,50.991
2009,swe,50.964
2010,swe,49.611
2011,swe,49.034
2012,swe,49.525
2013,swe,49.300
2014,swe,48.486
2015,swe,48.844
2016,swe,48.933
2017,swe,49.125
2018,swe,49.186
2019,swe,49.183
2020,swe,49.180
1983,che,29.817
1984,che,29.698
1985,che,29.508
1986,che,30.532
1987,che,30.338
1988,che,30.652
1989,che,29.916
1990,che,28.978
1991,che,29.054
1992,che,29.942
1993,che,31.029
1994,che,31.722
1995,che,32.448
1996,che,32.936
1997,che,32.461
1998,che,33.338
1999,che,33.588
2000,che,34.584
2001,che,33.775
2002,che,34.371
2003,che,33.956
2004,che,33.690
2005,che,33.725
2006,che,33.380
2007,che,32.731
2008,che,31.425
2009,che,31.799
2010,che,31.154
2011,che,31.690
2012,che,31.310
2013,che,31.324
2014,che,31.324
2015,che,31.324
2016,che,31.324
2017,che,31.324
2018,che,31.324
2019,che,31.324
2020,che,31.324
1990,syr,24.340
1991,syr,27.698
1992,syr,26.903
1993,syr,24.443
1994,syr,24.261
1995,syr,25.949
1996,syr,24.868
1997,syr,27.192
1998,syr,26.016
1999,syr,26.554
2000,syr,26.006
2001,syr,30.294
2002,syr,26.451
2003,syr,29.936
2004,syr,27.147
2005,syr,23.768
2006,syr,25.214
2007,syr,22.717
2008,syr,20.065
2009,syr,23.850
2010,syr,20.848
1980,twn,22.377
1981,twn,22.809
1982,twn,23.445
1983,twn,21.250
1984,twn,21.329
1985,twn,21.396
1986,twn,19.712
1987,twn,19.438
1988,twn,21.172
1989,twn,22.850
1990,twn,24.382
1991,twn,20.899
1992,twn,22.398
1993,twn,22.824
1994,twn,22.150
1995,twn,21.083
1996,twn,19.961
1997,twn,19.556
1998,twn,21.889
1999,twn,20.421
2000,twn,26.904
2001,twn,18.673
2002,twn,16.739
2003,twn,17.772
2004,twn,16.545
2005,twn,18.343
2006,twn,17.222
2007,twn,16.743
2008,twn,16.969
2009,twn,16.307
2010,twn,14.984
2011,twn,16.113
2012,twn,15.805
2013,twn,16.146
2014,twn,16.196
2015,twn,16.246
2016,twn,16.296
2017,twn,16.346
2018,twn,16.396
2019,twn,16.446
2020,twn,16.496
1998,tjk,12.048
1999,tjk,13.508
2000,tjk,13.602
2001,tjk,15.203
2002,tjk,16.740
2003,tjk,17.326
2004,tjk,17.932
2005,tjk,20.084
2006,tjk,23.622
2007,tjk,22.462
2008,tjk,22.120
2009,tjk,23.415
2010,tjk,23.160
2011,tjk,24.885
2012,tjk,25.134
2013,tjk,26.939
2014,tjk,28.395
2015,tjk,26.224
2016,tjk,26.470
2017,tjk,26.134
2018,tjk,26.272
2019,tjk,26.478
2020,tjk,26.829
1991,tza,13.016
1992,tza,11.124
1993,tza,12.680
1994,tza,11.472
1995,tza,11.862
1996,tza,13.174
1997,tza,11.283
1998,tza,11.435
1999,tza,11.500
2000,tza,11.473
2001,tza,11.838
2002,tza,12.791
2003,tza,13.570
2004,tza,14.616
2005,tza,15.261
2006,tza,14.430
2007,tza,16.638
2008,tza,16.620
2009,tza,15.676
2010,tza,15.573
2011,tza,15.696
2012,tza,15.695
2013,tza,15.705
2014,tza,15.752
2015,tza,16.186
2016,tza,16.720
2017,tza,16.859
2018,tza,16.853
2019,tza,16.928
2020,tza,17.105
1995,tha,20.423
1996,tha,20.711
1997,tha,19.954
1998,tha,17.629
1999,tha,17.455
2000,tha,17.554
2001,tha,19.056
2002,tha,18.990
2003,tha,21.624
2004,tha,21.849
2005,tha,22.591
2006,tha,22.270
2007,tha,21.546
2008,tha,21.357
2009,tha,20.821
2010,tha,22.416
2011,tha,22.605
2012,tha,23.075
2013,tha,24.128
2014,tha,22.477
2015,tha,22.727
2016,tha,23.030
2017,tha,23.065
2018,tha,23.095
2019,tha,23.138
2020,tha,23.191
2000,tls,1.428
2001,tls,3.823
2002,tls,7.057
2003,tls,8.592
2004,tls,16.344
2005,tls,11.784
2006,tls,23.983
2007,tls,45.954
2008,tls,57.691
2009,tls,53.445
2010,tls,57.463
2011,tls,62.316
2012,tls,73.361
2013,tls,81.690
2014,tls,54.362
2015,tls,44.116
2016,tls,47.145
2017,tls,49.751
2018,tls,43.941
2019,tls,41.126
2020,tls,36.299
1989,tgo,22.821
1990,tgo,23.583
1991,tgo,17.183
1992,tgo,16.101
1993,tgo,9.815
1994,tgo,12.131
1995,tgo,15.091
1996,tgo,14.149
1997,tgo,14.912
1998,tgo,14.764
1999,tgo,15.753
2000,tgo,13.131
2001,tgo,15.221
2002,tgo,12.666
2003,tgo,17.578
2004,tgo,17.569
2005,tgo,16.869
2006,tgo,18.418
2007,tgo,18.516
2008,tgo,17.032
2009,tgo,17.342
2010,tgo,20.066
2011,tgo,19.797
2012,tgo,19.181
2013,tgo,20.898
2014,tgo,19.895
2015,tgo,20.572
2016,tgo,22.001
2017,tgo,21.890
2018,tgo,21.716
2019,tgo,21.722
2020,tgo,21.871
1999,ton,21.557
2000,ton,22.053
2001,ton,24.089
2002,ton,24.415
2003,ton,23.647
2004,ton,25.022
2005,ton,27.861
2006,ton,28.198
2007,ton,28.956
2008,ton,30.176
2009,ton,32.099
2010,ton,28.087
2011,ton,27.737
2012,ton,26.464
2013,ton,28.060
2014,ton,30.350
2015,ton,29.276
2016,ton,26.689
2017,ton,26.756
2018,ton,27.661
2019,ton,27.606
2020,ton,26.744
1999,tto,25.299
2000,tto,27.861
2001,tto,28.203
2002,tto,23.280
2003,tto,26.573
2004,tto,27.792
2005,tto,31.564
2006,tto,38.247
2007,tto,33.232
2008,tto,38.857
2009,tto,30.803
2010,tto,34.020
2011,tto,34.154
2012,tto,33.518
2013,tto,33.445
2014,tto,31.163
2015,tto,29.834
2016,tto,30.249
2017,tto,30.277
2018,tto,30.363
2019,tto,30.015
2020,tto,29.603
1991,tun,23.378
1992,tun,23.746
1993,tun,24.601
1994,tun,24.291
1995,tun,23.220
1996,tun,22.599
1997,tun,21.856
1998,tun,24.097
1999,tun,21.985
2000,tun,21.848
2001,tun,21.996
2002,tun,22.517
2003,tun,21.729
2004,tun,21.761
2005,tun,21.437
2006,tun,21.322
2007,tun,21.865
2008,tun,24.167
2009,tun,23.369
2010,tun,23.506
2011,tun,24.818
2012,tun,23.974
2013,tun,23.771
2014,tun,24.457
2015,tun,23.597
2016,tun,23.874
2017,tun,24.187
2018,tun,24.443
2019,tun,24.684
2020,tun,24.783
2002,tur,28.751
2003,tur,30.995
2004,tur,31.214
2005,tur,32.359
2006,tur,32.772
2007,tur,31.645
2008,tur,31.787
2009,tur,32.563
2010,tur,33.263
2011,tur,34.602
2012,tur,34.954
2013,tur,37.207
2014,tur,36.042
2015,tur,36.079
2016,tur,35.771
2017,tur,35.573
2018,tur,35.480
2019,tur,35.450
2020,tur,35.423
1997,tkm,24.854
1998,tkm,25.379
1999,tkm,21.709
2000,tkm,23.584
2001,tkm,21.814
2002,tkm,18.221
2003,tkm,23.068
2004,tkm,20.259
2005,tkm,20.475
2006,tkm,20.202
2007,tkm,17.349
2008,tkm,20.867
2009,tkm,20.427
2010,tkm,16.111
2011,tkm,18.265
2012,tkm,21.000
2013,tkm,17.435
2014,tkm,16.243
2015,tkm,14.448
2016,tkm,14.458
2017,tkm,14.702
2018,tkm,14.735
2019,tkm,14.625
2020,tkm,14.096
2004,tuv,73.556
2005,tuv,72.050
2006,tuv,65.144
2007,tuv,72.923
2008,tuv,72.397
2009,tuv,88.864
2010,tuv,71.909
2011,tuv,69.023
2012,tuv,84.338
2013,tuv,107.485
2014,tuv,120.457
2015,tuv,93.827
2016,tuv,87.720
2017,tuv,86.701
2018,tuv,83.894
2019,tuv,82.510
2020,tuv,80.773
1997,uga,15.947
1998,uga,16.110
1999,uga,16.604
2000,uga,16.757
2001,uga,16.833
2002,uga,16.596
2003,uga,17.094
2004,uga,18.209
2005,uga,15.997
2006,uga,14.912
2007,uga,14.618
2008,uga,13.702
2009,uga,12.927
2010,uga,13.515
2011,uga,14.118
2012,uga,13.602
2013,uga,12.740
2014,uga,13.378
2015,uga,14.434
2016,uga,14.344
2017,uga,14.519
2018,uga,14.894
2019,uga,15.405
2020,uga,16.161
1997,ukr,35.444
1998,ukr,34.398
1999,ukr,30.803
2000,ukr,32.279
2001,ukr,32.407
2002,ukr,34.715
2003,ukr,36.590
2004,ukr,35.834
2005,ukr,40.374
2006,ukr,41.631
2007,ukr,40.157
2008,ukr,42.356
2009,ukr,40.793
2010,ukr,43.378
2011,ukr,42.900
2012,ukr,44.665
2013,ukr,43.325
2014,ukr,40.829
2015,ukr,42.840
2016,ukr,40.250
2017,ukr,40.724
2018,ukr,40.777
2019,ukr,40.740
2020,ukr,40.267
1990,are,21.439
1991,are,51.141
1992,are,39.839
1993,are,34.368
1994,are,37.827
1995,are,40.580
1996,are,38.800
1997,are,39.533
1998,are,37.890
1999,are,35.680
2000,are,41.943
2001,are,32.277
2002,are,23.016
2003,are,24.200
2004,are,26.445
2005,are,35.988
2006,are,40.922
2007,are,39.456
2008,are,42.030
2009,are,30.720
2010,are,34.662
2011,are,37.799
2012,are,40.227
2013,are,39.344
2014,are,36.319
2015,are,30.651
2016,are,31.427
2017,are,31.067
2018,are,30.669
2019,are,30.018
2020,are,29.267
1980,gbr,38.792
1981,gbr,40.657
1982,gbr,41.908
1983,gbr,40.595
1984,gbr,40.480
1985,gbr,40.188
1986,gbr,39.132
1987,gbr,37.824
1988,gbr,37.394
1989,gbr,36.960
1990,gbr,36.269
1991,gbr,35.836
1992,gbr,34.887
1993,gbr,33.547
1994,gbr,34.188
1995,gbr,35.117
1996,gbr,34.499
1997,gbr,35.158
1998,gbr,36.319
1999,gbr,36.850
2000,gbr,37.039
2001,gbr,37.088
2002,gbr,35.528
2003,gbr,35.246
2004,gbr,35.804
2005,gbr,36.143
2006,gbr,36.766
2007,gbr,36.492
2008,gbr,37.027
2009,gbr,35.125
2010,gbr,35.556
2011,gbr,36.128
2012,gbr,36.311
2013,gbr,36.751
2014,gbr,35.790
2015,gbr,35.602
2016,gbr,35.946
2017,gbr,36.062
2018,gbr,36.042
2019,gbr,36.094
2020,gbr,36.095
2001,usa,32.123
2002,usa,29.781
2003,usa,29.149
2004,usa,29.297
2005,usa,30.649
2006,usa,31.547
2007,usa,31.665
2008,usa,30.178
2009,usa,28.401
2010,usa,28.763
2011,usa,29.079
2012,usa,29.192
2013,usa,30.857
2014,usa,31.434
2015,usa,32.007
2016,usa,32.017
2017,usa,31.887
2018,usa,31.684
2019,usa,31.540
2020,usa,31.490
1999,ury,26.470
2000,ury,25.781
2001,ury,27.027
2002,ury,26.419
2003,ury,27.644
2004,ury,27.870
2005,ury,28.270
2006,ury,28.557
2007,ury,28.881
2008,ury,27.124
2009,ury,29.160
2010,ury,30.067
2011,ury,28.710
2012,ury,28.491
2013,ury,30.466
2014,ury,30.091
2015,ury,30.136
2016,ury,30.006
2017,ury,29.800
2018,ury,29.702
2019,ury,29.625
2020,ury,29.600
1992,uzb,31.516
1993,uzb,34.609
1994,uzb,28.371
1995,uzb,34.615
1996,uzb,41.983
1997,uzb,37.338
1998,uzb,40.228
1999,uzb,38.528
2000,uzb,36.598
2001,uzb,34.271
2002,uzb,35.492
2003,uzb,33.428
2004,uzb,32.173
2005,uzb,30.772
2006,uzb,34.394
2007,uzb,35.586
2008,uzb,40.685
2009,uzb,36.723
2010,uzb,37.003
2011,uzb,40.190
2012,uzb,41.472
2013,uzb,36.273
2014,uzb,35.535
2015,uzb,34.850
2016,uzb,34.601
2017,uzb,34.466
2018,uzb,34.368
2019,uzb,34.285
2020,uzb,34.282
1991,vut,30.404
1992,vut,29.509
1993,vut,22.531
1994,vut,22.862
1995,vut,25.375
1996,vut,22.680
1997,vut,21.706
1998,vut,21.240
1999,vut,23.313
2000,vut,19.170
2001,vut,19.008
2002,vut,18.702
2003,vut,17.494
2004,vut,19.314
2005,vut,20.153
2006,vut,20.591
2007,vut,22.293
2008,vut,26.975
2009,vut,25.953
2010,vut,24.602
2011,vut,22.299
2012,vut,21.769
2013,vut,21.337
2014,vut,23.458
2015,vut,21.803
2016,vut,21.694
2017,vut,22.417
2018,vut,21.594
2019,vut,21.707
2020,vut,21.080
1988,ven,23.964
1989,ven,31.618
1990,ven,35.770
1991,ven,31.615
1992,ven,24.279
1993,ven,24.745
1994,ven,31.029
1995,ven,27.004
1996,ven,35.669
1997,ven,33.565
1998,ven,24.301
1999,ven,26.847
2000,ven,32.743
2001,ven,27.305
2002,ven,29.507
2003,ven,32.347
2004,ven,34.385
2005,ven,37.625
2006,ven,37.662
2007,ven,33.134
2008,ven,31.418
2009,ven,24.584
2010,ven,21.215
2011,ven,27.881
2012,ven,23.530
2013,ven,23.436
2014,ven,28.823
2015,ven,22.635
2016,ven,21.061
2017,ven,20.259
2018,ven,19.375
2019,ven,18.604
2020,ven,18.181
1998,vnm,20.211
1999,vnm,19.625
2000,vnm,20.548
2001,vnm,21.585
2002,vnm,22.718
2003,vnm,24.934
2004,vnm,24.494
2005,vnm,24.977
2006,vnm,26.326
2007,vnm,26.102
2008,vnm,26.579
2009,vnm,25.585
2010,vnm,27.260
2011,vnm,25.879
2012,vnm,22.599
2013,vnm,22.904
2014,vnm,21.433
2015,vnm,20.699
2016,vnm,20.965
2017,vnm,21.372
2018,vnm,21.493
2019,vnm,21.567
2020,vnm,21.527
1995,yem,18.388
1996,yem,29.780
1997,yem,32.722
1998,yem,26.499
1999,yem,28.309
2000,yem,37.776
2001,yem,33.276
2002,yem,30.227
2003,yem,31.116
2004,yem,32.010
2005,yem,34.947
2006,yem,38.555
2007,yem,33.166
2008,yem,36.715
2009,yem,25.004
2010,yem,26.145
2011,yem,25.333
2012,yem,29.903
2013,yem,23.900
2014,yem,23.644
2015,yem,18.103
2016,yem,19.357
2017,yem,20.299
2018,yem,20.602
2019,yem,20.774
2020,yem,20.863
2000,zmb,22.569
2001,zmb,22.070
2002,zmb,23.072
2003,zmb,21.999
2004,zmb,20.764
2005,zmb,20.079
2006,zmb,36.604
2007,zmb,18.886
2008,zmb,18.790
2009,zmb,15.750
2010,zmb,15.634
2011,zmb,17.540
2012,zmb,19.117
2013,zmb,18.397
2014,zmb,19.078
2015,zmb,18.029
2016,zmb,18.045
2017,zmb,18.489
2018,zmb,19.357
2019,zmb,19.430
2020,zmb,19.886
2005,zwe,12.145
2006,zwe,7.252
2007,zwe,2.905
2008,zwe,2.237
2009,zwe,11.952
2010,zwe,23.283
2011,zwe,26.661
2012,zwe,28.028
2013,zwe,27.731
2014,zwe,27.573
2015,zwe,27.917
2016,zwe,27.053
2017,zwe,27.519
2018,zwe,27.703
2019,zwe,27.802
2020,zwe,27.807
