year,country,lur
1980,alb,5.028
1981,alb,4.224
1982,alb,2.813
1983,alb,3.335
1984,alb,4.410
1985,alb,5.853
1986,alb,5.430
1987,alb,5.164
1988,alb,6.033
1989,alb,6.721
1990,alb,8.457
1991,alb,8.900
1992,alb,26.500
1993,alb,22.300
1994,alb,18.400
1995,alb,12.900
1996,alb,12.300
1997,alb,14.900
1998,alb,17.700
1999,alb,18.400
2000,alb,16.800
2001,alb,16.440
2002,alb,15.751
2003,alb,15.000
2004,alb,14.400
2005,alb,14.100
2006,alb,13.800
2007,alb,13.400
2008,alb,13.100
2009,alb,13.800
2010,alb,14.000
2011,alb,14.000
2012,alb,13.400
2013,alb,15.600
2014,alb,14.000
2015,alb,13.750
2016,alb,13.500
2017,alb,13.250
2018,alb,13.000
2019,alb,12.750
2020,alb,12.500
1980,dza,15.789
1981,dza,15.385
1982,dza,15.000
1983,dza,14.286
1984,dza,16.536
1985,dza,16.901
1986,dza,18.356
1987,dza,20.056
1988,dza,21.801
1989,dza,20.679
1990,dza,19.757
1991,dza,20.263
1992,dza,21.368
1993,dza,23.152
1994,dza,24.362
1995,dza,28.105
1996,dza,27.986
1997,dza,27.961
1998,dza,28.021
1999,dza,29.293
2000,dza,29.496
2001,dza,27.306
2002,dza,25.664
2003,dza,23.716
2004,dza,17.656
2005,dza,15.265
2006,dza,12.512
2007,dza,13.793
2008,dza,11.333
2009,dza,10.167
2010,dza,9.961
2011,dza,9.971
2012,dza,11.000
2013,dza,9.829
2014,dza,10.600
2015,dza,11.759
2016,dza,11.887
2017,dza,11.930
2018,dza,12.046
2019,dza,12.314
2020,dza,12.650
1980,arg,3.000
1981,arg,5.000
1982,arg,4.500
1983,arg,5.000
1984,arg,5.000
1985,arg,6.250
1986,arg,6.300
1987,arg,6.000
1988,arg,6.500
1989,arg,8.000
1990,arg,7.600
1991,arg,6.480
1992,arg,7.112
1993,arg,11.606
1994,arg,13.348
1995,arg,18.904
1996,arg,18.760
1997,arg,16.808
1998,arg,14.789
1999,arg,16.061
2000,arg,17.134
2001,arg,19.209
2002,arg,22.450
2003,arg,17.250
2004,arg,13.625
2005,arg,11.575
2006,arg,10.175
2007,arg,8.475
2008,arg,7.875
2009,arg,8.675
2010,arg,7.750
2011,arg,7.150
2012,arg,7.200
2013,arg,7.075
2014,arg,7.250
2015,arg,7.039
2016,arg,8.133
2017,arg,7.431
2018,arg,8.789
2019,arg,8.348
2020,arg,8.609
2001,arm,38.400
2002,arm,35.300
2003,arm,31.200
2004,arm,31.600
2005,arm,31.200
2006,arm,27.800
2007,arm,28.700
2008,arm,16.400
2009,arm,18.700
2010,arm,19.000
2011,arm,19.000
2012,arm,19.000
2013,arm,18.500
2014,arm,18.000
2015,arm,17.900
2016,arm,17.700
2017,arm,17.500
2018,arm,17.300
2019,arm,17.100
2020,arm,17.000
1980,aus,6.133
1981,aus,5.783
1982,aus,7.183
1983,aus,9.967
1984,aus,8.967
1985,aus,8.258
1986,aus,8.117
1987,aus,8.108
1988,aus,7.208
1989,aus,6.158
1990,aus,6.942
1991,aus,9.592
1992,aus,10.742
1993,aus,10.858
1994,aus,9.717
1995,aus,8.475
1996,aus,8.500
1997,aus,8.367
1998,aus,7.683
1999,aus,6.867
2000,aus,6.267
2001,aus,6.767
2002,aus,6.375
2003,aus,5.933
2004,aus,5.383
2005,aus,5.050
2006,aus,4.783
2007,aus,4.375
2008,aus,4.242
2009,aus,5.575
2010,aus,5.217
2011,aus,5.083
2012,aus,5.225
2013,aus,5.658
2014,aus,6.067
2015,aus,6.400
2016,aus,6.200
2017,aus,6.000
2018,aus,5.800
2019,aus,5.600
2020,aus,5.500
1980,aut,1.600
1981,aut,2.200
1982,aut,3.100
1983,aut,3.700
1984,aut,3.800
1985,aut,3.600
1986,aut,3.100
1987,aut,3.800
1988,aut,2.676
1989,aut,2.348
1990,aut,2.723
1991,aut,3.151
1992,aut,3.290
1993,aut,3.958
1994,aut,3.850
1995,aut,3.917
1996,aut,4.333
1997,aut,4.367
1998,aut,4.483
1999,aut,3.933
2000,aut,3.625
2001,aut,3.625
2002,aut,4.175
2003,aut,4.292
2004,aut,4.958
2005,aut,5.183
2006,aut,4.725
2007,aut,4.433
2008,aut,3.800
2009,aut,4.783
2010,aut,4.408
2011,aut,4.150
2012,aut,4.375
2013,aut,4.917
2014,aut,5.000
2015,aut,5.100
2016,aut,5.000
2017,aut,4.800
2018,aut,4.600
2019,aut,4.500
2020,aut,4.500
2003,aze,9.665
2004,aze,8.387
2005,aze,7.625
2006,aze,6.829
2007,aze,6.545
2008,aze,6.072
2009,aze,6.048
2010,aze,6.048
2011,aze,6.048
2012,aze,6.048
2013,aze,6.048
2014,aze,6.048
2015,aze,6.048
2016,aze,6.048
2017,aze,6.048
2018,aze,6.048
2019,aze,6.048
2020,aze,6.048
1986,bhs,12.200
1987,bhs,11.500
1988,bhs,11.000
1989,bhs,11.700
1990,bhs,12.000
1991,bhs,12.300
1992,bhs,14.800
1993,bhs,13.100
1994,bhs,13.292
1995,bhs,10.900
1996,bhs,11.505
1997,bhs,9.779
1998,bhs,7.743
1999,bhs,7.796
2000,bhs,7.000
2001,bhs,6.900
2002,bhs,9.102
2003,bhs,10.835
2004,bhs,10.202
2005,bhs,10.170
2006,bhs,7.628
2007,bhs,7.853
2008,bhs,8.703
2009,bhs,14.246
2010,bhs,15.082
2011,bhs,15.889
2012,bhs,14.367
2013,bhs,15.782
2014,bhs,15.026
2015,bhs,14.502
2016,bhs,13.416
2017,bhs,12.778
2018,bhs,12.396
2019,bhs,12.075
2020,bhs,11.852
2007,bhr,5.600
2008,bhr,3.700
2009,bhr,4.000
2010,bhr,3.600
2011,bhr,4.000
2012,bhr,3.900
2013,bhr,4.326
2014,bhr,4.063
2015,bhr,4.264
2016,bhr,4.323
2017,bhr,4.323
2018,bhr,4.264
2019,bhr,4.264
2020,bhr,4.264
1981,brb,10.760
1982,brb,13.650
1983,brb,14.945
1984,brb,17.037
1985,brb,18.631
1986,brb,17.735
1987,brb,17.934
1988,brb,17.137
1989,brb,15.244
1990,brb,14.945
1991,brb,17.236
1992,brb,22.915
1993,brb,24.410
1994,brb,21.750
1995,brb,19.625
1996,brb,15.750
1997,brb,14.550
1998,brb,12.150
1999,brb,10.350
2000,brb,9.750
2001,brb,9.850
2002,brb,10.300
2003,brb,11.000
2004,brb,9.575
2005,brb,9.075
2006,brb,8.725
2007,brb,7.425
2008,brb,8.125
2009,brb,9.975
2010,brb,10.250
2011,brb,11.150
2012,brb,11.500
2013,brb,11.625
2014,brb,12.700
2015,brb,12.336
2016,brb,11.751
2017,brb,11.154
2018,brb,10.445
2019,brb,9.674
2020,brb,8.875
1991,blr,0.100
1992,blr,0.500
1993,blr,1.400
1994,blr,2.100
1995,blr,2.896
1996,blr,4.022
1997,blr,2.787
1998,blr,2.339
1999,blr,2.100
2000,blr,2.112
2001,blr,2.257
2002,blr,2.652
2003,blr,3.135
2004,blr,2.522
2005,blr,1.704
2006,blr,1.416
2007,blr,1.064
2008,blr,0.939
2009,blr,0.901
2010,blr,0.833
2011,blr,0.672
2012,blr,0.619
2013,blr,0.515
2014,blr,0.515
2015,blr,0.515
2016,blr,0.515
2017,blr,0.515
2018,blr,0.515
2019,blr,0.515
2020,blr,0.515
1980,bel,8.300
1981,bel,10.000
1982,bel,11.500
1983,bel,10.750
1984,bel,10.800
1985,bel,10.117
1986,bel,10.058
1987,bel,9.817
1988,bel,8.825
1989,bel,7.392
1990,bel,6.550
1991,bel,6.442
1992,bel,7.092
1993,bel,8.625
1994,bel,9.758
1995,bel,9.692
1996,bel,9.550
1997,bel,9.225
1998,bel,9.342
1999,bel,8.442
2000,bel,6.942
2001,bel,6.708
2002,bel,7.617
2003,bel,8.167
2004,bel,8.325
2005,bel,8.408
2006,bel,8.208
2007,bel,7.492
2008,bel,7.000
2009,bel,7.875
2010,bel,8.267
2011,bel,7.225
2012,bel,7.600
2013,bel,8.408
2014,bel,8.492
2015,bel,8.400
2016,bel,8.208
2017,bel,8.083
2018,bel,8.104
2019,bel,8.014
2020,bel,8.012
1990,blz,15.000
1991,blz,14.000
1992,blz,12.000
1993,blz,10.000
1994,blz,9.000
1995,blz,12.500
1996,blz,13.800
1997,blz,12.700
1998,blz,14.300
1999,blz,12.800
2000,blz,11.400
2001,blz,9.066
2002,blz,10.000
2003,blz,12.900
2004,blz,11.600
2005,blz,11.000
2006,blz,9.400
2007,blz,8.500
2008,blz,8.200
2009,blz,13.054
2010,blz,13.513
2011,blz,13.972
2012,blz,14.431
2013,blz,14.094
2014,blz,12.931
2015,blz,12.931
2016,blz,12.078
2017,blz,11.494
2018,blz,10.973
2019,blz,10.536
2020,blz,10.098
2004,btn,2.500
2005,btn,2.300
2006,btn,3.200
2007,btn,3.700
2008,btn,4.000
2009,btn,4.000
2010,btn,3.300
2011,btn,3.100
2012,btn,3.200
2013,btn,3.200
2014,btn,3.200
2015,btn,3.200
2016,btn,3.200
2017,btn,3.200
2018,btn,3.200
2019,btn,3.200
2020,btn,3.200
2000,bol,7.462
2001,bol,8.498
2002,bol,8.690
2003,bol,8.708
2004,bol,8.427
2005,bol,8.146
2006,bol,7.992
2007,bol,7.668
2008,bol,4.430
2009,bol,4.913
2010,bol,4.375
2011,bol,3.837
2012,bol,3.229
2013,bol,4.000
2014,bol,4.000
2015,bol,4.000
2016,bol,4.000
2017,bol,4.000
2018,bol,4.000
2019,bol,4.000
2020,bol,4.000
1998,bih,32.196
1999,bih,31.096
2000,bih,31.096
2001,bih,31.096
2002,bih,31.096
2003,bih,31.096
2004,bih,31.096
2005,bih,31.096
2006,bih,31.096
2007,bih,29.013
2008,bih,23.408
2009,bih,24.068
2010,bih,27.202
2011,bih,27.600
2012,bih,28.000
2013,bih,27.500
2014,bih,27.500
2015,bih,27.000
2016,bih,26.500
2017,bih,26.000
2018,bih,25.500
2019,bih,25.000
2020,bih,24.500
1980,bra,6.500
1981,bra,8.100
1982,bra,6.400
1983,bra,6.700
1984,bra,7.100
1985,bra,5.300
1986,bra,3.600
1987,bra,3.700
1988,bra,3.850
1989,bra,3.350
1990,bra,4.280
1991,bra,4.830
1992,bra,5.800
1993,bra,5.430
1994,bra,4.641
1995,bra,4.650
1996,bra,5.433
1997,bra,5.684
1998,bra,7.597
1999,bra,7.600
2000,bra,7.100
2001,bra,11.265
2002,bra,11.683
2003,bra,12.317
2004,bra,11.483
2005,bra,9.833
2006,bra,9.983
2007,bra,9.275
2008,bra,7.892
2009,bra,8.075
2010,bra,6.750
2011,bra,5.967
2012,bra,5.483
2013,bra,5.392
2014,bra,4.842
2015,bra,5.912
2016,bra,6.289
2017,bra,5.942
2018,bra,5.687
2019,bra,5.559
2020,bra,5.509
1991,brn,4.700
1992,brn,4.700
1993,brn,4.700
1994,brn,4.700
1995,brn,4.900
1996,brn,3.345
1997,brn,1.745
1998,brn,0.738
1999,brn,4.523
2000,brn,4.720
2001,brn,7.196
2002,brn,3.463
2003,brn,4.468
2004,brn,3.500
2005,brn,4.100
2006,brn,4.000
2007,brn,3.400
2008,brn,3.700
2009,brn,3.500
2010,brn,2.700
2011,brn,2.700
2012,brn,2.700
2013,brn,2.700
2014,brn,2.700
2015,brn,2.700
2016,brn,2.700
2017,brn,2.700
2018,brn,2.700
2019,brn,2.700
2020,brn,2.700
1989,bgr,0.025
1990,bgr,2.900
1991,bgr,6.780
1992,bgr,13.240
1993,bgr,15.840
1994,bgr,14.050
1995,bgr,11.370
1996,bgr,10.988
1997,bgr,14.023
1998,bgr,12.367
1999,bgr,13.790
2000,bgr,18.134
2001,bgr,17.514
2002,bgr,17.416
2003,bgr,13.857
2004,bgr,12.192
2005,bgr,10.177
2006,bgr,9.022
2007,bgr,6.935
2008,bgr,5.664
2009,bgr,6.878
2010,bgr,10.306
2011,bgr,11.350
2012,bgr,12.379
2013,bgr,13.038
2014,bgr,11.524
2015,bgr,10.918
2016,bgr,10.305
2017,bgr,9.747
2018,bgr,9.180
2019,bgr,8.605
2020,bgr,8.070
2000,cpv,20.000
2001,cpv,21.000
2002,cpv,20.500
2003,cpv,20.000
2004,cpv,19.500
2005,cpv,21.400
2006,cpv,13.400
2007,cpv,15.200
2008,cpv,13.000
2009,cpv,13.000
2010,cpv,10.700
2011,cpv,12.200
2012,cpv,16.800
2013,cpv,16.400
2014,cpv,12.000
2015,cpv,10.000
2016,cpv,9.000
2017,cpv,9.000
2018,cpv,8.500
2019,cpv,8.500
2020,cpv,8.000
1980,can,7.508
1981,can,7.575
1982,can,11.058
1983,can,11.925
1984,can,11.308
1985,can,10.617
1986,can,9.650
1987,can,8.808
1988,can,7.775
1989,can,7.508
1990,can,8.150
1991,can,10.317
1992,can,11.217
1993,can,11.375
1994,can,10.392
1995,can,9.467
1996,can,9.608
1997,can,9.092
1998,can,8.292
1999,can,7.567
2000,can,6.833
2001,can,7.225
2002,can,7.667
2003,can,7.575
2004,can,7.158
2005,can,6.758
2006,can,6.292
2007,can,6.033
2008,can,6.158
2009,can,8.358
2010,can,8.000
2011,can,7.500
2012,can,7.325
2013,can,7.083
2014,can,6.917
2015,can,6.988
2016,can,6.930
2017,can,6.765
2018,can,6.650
2019,can,6.550
2020,can,6.550
1980,chl,11.502
1981,chl,10.291
1982,chl,19.814
1983,chl,20.999
1984,chl,17.515
1985,chl,14.975
1986,chl,12.299
1987,chl,10.984
1988,chl,9.875
1989,chl,7.980
1990,chl,7.750
1991,chl,8.217
1992,chl,6.700
1993,chl,6.500
1994,chl,7.808
1995,chl,7.375
1996,chl,6.500
1997,chl,6.108
1998,chl,6.217
1999,chl,10.008
2000,chl,9.708
2001,chl,9.867
2002,chl,9.800
2003,chl,9.533
2004,chl,10.017
2005,chl,9.300
2006,chl,7.950
2007,chl,7.008
2008,chl,7.750
2009,chl,10.833
2010,chl,8.153
2011,chl,7.119
2012,chl,6.432
2013,chl,5.932
2014,chl,6.392
2015,chl,7.150
2016,chl,7.000
2017,chl,6.800
2018,chl,6.600
2019,chl,6.400
2020,chl,6.300
1980,chn,4.900
1981,chn,3.800
1982,chn,3.200
1983,chn,2.300
1984,chn,1.900
1985,chn,1.800
1986,chn,2.000
1987,chn,2.000
1988,chn,2.000
1989,chn,2.600
1990,chn,2.500
1991,chn,2.300
1992,chn,2.300
1993,chn,2.600
1994,chn,2.800
1995,chn,2.900
1996,chn,3.000
1997,chn,3.100
1998,chn,3.100
1999,chn,3.100
2000,chn,3.100
2001,chn,3.600
2002,chn,4.000
2003,chn,4.300
2004,chn,4.200
2005,chn,4.200
2006,chn,4.100
2007,chn,4.000
2008,chn,4.200
2009,chn,4.300
2010,chn,4.100
2011,chn,4.100
2012,chn,4.100
2013,chn,4.050
2014,chn,4.090
2015,chn,4.090
2016,chn,4.090
2017,chn,4.090
2018,chn,4.090
2019,chn,4.090
2020,chn,4.090
1980,col,5.429
1981,col,6.561
1982,col,7.100
1983,col,8.694
1984,col,8.986
1985,col,8.742
1986,col,7.654
1987,col,7.361
1988,col,6.451
1989,col,6.792
1990,col,6.637
1991,col,6.377
1992,col,5.935
1993,col,5.038
1994,col,4.914
1995,col,5.649
1996,col,7.800
1997,col,7.900
1998,col,9.700
1999,col,13.100
2000,col,13.325
2001,col,14.975
2002,col,15.583
2003,col,14.108
2004,col,13.667
2005,col,11.808
2006,col,12.042
2007,col,11.192
2008,col,11.250
2009,col,12.017
2010,col,11.783
2011,col,10.850
2012,col,10.392
2013,col,9.658
2014,col,9.108
2015,col,9.000
2016,col,8.900
2017,col,8.900
2018,col,8.900
2019,col,8.900
2020,col,8.900
1980,cri,5.921
1981,cri,8.766
1982,cri,9.405
1983,cri,9.231
1984,cri,5.361
1985,cri,6.846
1986,cri,6.229
1987,cri,5.577
1988,cri,5.461
1989,cri,3.774
1990,cri,4.642
1991,cri,5.500
1992,cri,4.100
1993,cri,4.100
1994,cri,4.200
1995,cri,5.200
1996,cri,6.200
1997,cri,5.700
1998,cri,5.600
1999,cri,6.022
2000,cri,5.193
2001,cri,6.072
2002,cri,6.403
2003,cri,6.668
2004,cri,6.495
2005,cri,6.630
2006,cri,5.962
2007,cri,4.597
2008,cri,4.948
2009,cri,7.822
2010,cri,7.288
2011,cri,7.659
2012,cri,7.769
2013,cri,8.509
2014,cri,8.201
2015,cri,8.311
2016,cri,8.224
2017,cri,8.100
2018,cri,7.916
2019,cri,7.634
2020,cri,7.634
1991,hrv,13.159
1992,hrv,15.253
1993,hrv,14.775
1994,hrv,14.480
1995,hrv,14.500
1996,hrv,9.952
1997,hrv,9.906
1998,hrv,11.637
1999,hrv,13.425
2000,hrv,15.425
2001,hrv,15.975
2002,hrv,15.275
2003,hrv,14.250
2004,hrv,13.950
2005,hrv,13.075
2006,hrv,11.600
2007,hrv,9.600
2008,hrv,8.550
2009,hrv,8.925
2010,hrv,11.525
2011,hrv,13.250
2012,hrv,15.225
2013,hrv,16.950
2014,hrv,17.100
2015,hrv,17.271
2016,hrv,16.926
2017,hrv,16.418
2018,hrv,15.925
2019,hrv,15.448
2020,hrv,14.675
1982,cyp,2.800
1983,cyp,3.300
1984,cyp,3.300
1985,cyp,3.300
1986,cyp,3.700
1987,cyp,3.400
1988,cyp,2.800
1989,cyp,2.300
1990,cyp,1.800
1991,cyp,3.000
1992,cyp,1.825
1993,cyp,2.700
1994,cyp,2.700
1995,cyp,2.600
1996,cyp,3.100
1997,cyp,3.400
1998,cyp,3.400
1999,cyp,3.600
2000,cyp,4.800
2001,cyp,3.908
2002,cyp,3.525
2003,cyp,4.133
2004,cyp,4.608
2005,cyp,5.342
2006,cyp,4.533
2007,cyp,3.900
2008,cyp,3.642
2009,cyp,5.417
2010,cyp,6.292
2011,cyp,7.908
2012,cyp,11.883
2013,cyp,15.917
2014,cyp,16.170
2015,cyp,15.905
2016,cyp,14.916
2017,cyp,13.643
2018,cyp,12.396
2019,cyp,11.248
2020,cyp,10.230
1995,cze,4.000
1996,cze,3.900
1997,cze,4.800
1998,cze,6.479
1999,cze,8.756
2000,cze,8.824
2001,cze,8.166
2002,cze,7.313
2003,cze,7.812
2004,cze,8.321
2005,cze,7.927
2006,cze,7.148
2007,cze,5.320
2008,cze,4.392
2009,cze,6.662
2010,cze,7.279
2011,cze,6.711
2012,cze,6.978
2013,cze,6.953
2014,cze,6.100
2015,cze,6.090
2016,cze,5.694
2017,cze,5.358
2018,cze,5.088
2019,cze,4.822
2020,cze,4.559
1980,dnk,5.287
1981,dnk,7.133
1982,dnk,7.602
1983,dnk,8.375
1984,dnk,7.925
1985,dnk,6.617
1986,dnk,4.983
1987,dnk,5.000
1988,dnk,5.658
1989,dnk,6.825
1990,dnk,7.167
1991,dnk,7.867
1992,dnk,8.608
1993,dnk,9.533
1994,dnk,7.733
1995,dnk,6.758
1996,dnk,6.317
1997,dnk,5.242
1998,dnk,4.883
1999,dnk,5.108
2000,dnk,4.317
2001,dnk,4.508
2002,dnk,4.642
2003,dnk,5.433
2004,dnk,5.517
2005,dnk,4.800
2006,dnk,3.900
2007,dnk,3.767
2008,dnk,3.458
2009,dnk,5.992
2010,dnk,7.475
2011,dnk,7.567
2012,dnk,7.542
2013,dnk,7.008
2014,dnk,6.533
2015,dnk,6.200
2016,dnk,5.500
2017,dnk,5.200
2018,dnk,4.800
2019,dnk,4.500
2020,dnk,4.500
1991,dom,9.237
1992,dom,9.537
1993,dom,9.337
1994,dom,7.387
1995,dom,7.287
1996,dom,7.537
1997,dom,7.187
1998,dom,7.387
1999,dom,6.287
2000,dom,6.343
2001,dom,7.179
2002,dom,6.619
2003,dom,6.764
2004,dom,6.145
2005,dom,6.410
2006,dom,5.491
2007,dom,5.008
2008,dom,4.638
2009,dom,5.310
2010,dom,5.001
2011,dom,5.783
2012,dom,6.445
2013,dom,7.019
2014,dom,6.400
2015,dom,5.850
2016,dom,5.600
2017,dom,5.600
2018,dom,5.600
2019,dom,5.600
2020,dom,5.600
1988,ecu,7.000
1989,ecu,7.900
1990,ecu,6.100
1991,ecu,8.500
1992,ecu,8.900
1993,ecu,8.300
1994,ecu,7.100
1995,ecu,6.900
1996,ecu,10.400
1997,ecu,9.200
1998,ecu,11.500
1999,ecu,14.417
2000,ecu,14.100
2001,ecu,10.417
2002,ecu,8.642
2003,ecu,9.808
2004,ecu,10.968
2005,ecu,10.705
2006,ecu,10.100
2007,ecu,8.800
2008,ecu,6.283
2009,ecu,8.128
2010,ecu,6.940
2011,ecu,5.448
2012,ecu,4.428
2013,ecu,4.313
2014,ecu,5.000
2015,ecu,5.000
2016,ecu,5.000
2017,ecu,5.000
2018,ecu,5.000
2019,ecu,5.000
2020,ecu,5.000
1990,egy,8.044
1991,egy,8.791
1992,egy,8.952
1993,egy,10.911
1994,egy,11.143
1995,egy,11.176
1996,egy,9.467
1997,egy,8.671
1998,egy,7.955
1999,egy,7.692
2000,egy,8.995
2001,egy,8.808
2002,egy,10.050
2003,egy,11.275
2004,egy,10.526
2005,egy,11.468
2006,egy,10.917
2007,egy,9.205
2008,egy,8.676
2009,egy,9.367
2010,egy,9.210
2011,egy,10.379
2012,egy,12.372
2013,egy,13.000
2014,egy,13.366
2015,egy,13.087
2016,egy,12.507
2017,egy,11.794
2018,egy,10.951
2019,egy,9.931
2020,egy,8.854
1988,slv,10.154
1989,slv,9.074
1990,slv,8.102
1991,slv,8.730
1992,slv,9.320
1993,slv,9.940
1994,slv,7.667
1995,slv,7.631
1996,slv,7.678
1997,slv,7.979
1998,slv,7.324
1999,slv,7.000
2000,slv,7.000
2001,slv,7.000
2002,slv,6.200
2003,slv,6.900
2004,slv,6.800
2005,slv,7.200
2006,slv,6.600
2007,slv,6.300
2008,slv,5.900
2009,slv,8.104
2010,slv,5.855
2011,slv,5.429
2012,slv,5.597
2013,slv,5.699
2014,slv,5.537
2015,slv,5.287
2016,slv,5.262
2017,slv,5.237
2018,slv,5.387
2019,slv,5.537
2020,slv,5.537
1993,est,6.500
1994,est,7.600
1995,est,9.700
1996,est,10.000
1997,est,9.600
1998,est,9.800
1999,est,12.200
2000,est,14.602
2001,est,13.009
2002,est,11.227
2003,est,10.342
2004,est,10.140
2005,est,8.031
2006,est,5.912
2007,est,4.592
2008,est,5.455
2009,est,13.549
2010,est,16.707
2011,est,12.325
2012,est,10.023
2013,est,8.628
2014,est,7.013
2015,est,6.985
2016,est,6.817
2017,est,6.618
2018,est,6.642
2019,est,6.521
2020,est,6.458
1986,fji,9.551
1987,fji,11.908
1988,fji,12.003
1989,fji,7.789
1990,fji,8.172
1991,fji,7.534
1992,fji,6.895
1993,fji,7.534
1994,fji,7.278
1995,fji,6.895
1996,fji,3.700
1997,fji,4.183
1998,fji,4.628
1999,fji,5.071
2000,fji,5.512
2001,fji,5.951
2002,fji,6.388
2003,fji,6.822
2004,fji,7.255
2005,fji,7.300
2006,fji,7.700
2007,fji,8.600
2008,fji,8.800
2009,fji,8.700
2010,fji,8.900
2011,fji,9.000
2012,fji,8.600
2013,fji,8.700
2014,fji,8.750
2015,fji,8.750
2016,fji,8.750
2017,fji,8.750
2018,fji,8.750
2019,fji,8.750
2020,fji,8.750
1980,fin,4.634
1981,fin,5.092
1982,fin,5.854
1983,fin,5.190
1984,fin,5.185
1985,fin,5.027
1986,fin,5.372
1987,fin,4.738
1988,fin,4.517
1989,fin,3.478
1990,fin,3.200
1991,fin,6.606
1992,fin,11.725
1993,fin,16.357
1994,fin,16.606
1995,fin,15.397
1996,fin,14.578
1997,fin,12.641
1998,fin,11.364
1999,fin,10.217
2000,fin,9.783
2001,fin,9.125
2002,fin,9.075
2003,fin,9.008
2004,fin,8.825
2005,fin,8.400
2006,fin,7.717
2007,fin,6.867
2008,fin,6.367
2009,fin,8.242
2010,fin,8.383
2011,fin,7.775
2012,fin,7.733
2013,fin,8.142
2014,fin,8.642
2015,fin,8.713
2016,fin,8.471
2017,fin,7.900
2018,fin,7.600
2019,fin,7.400
2020,fin,7.200
1980,fra,6.349
1981,fra,7.438
1982,fra,8.069
1983,fra,7.317
1984,fra,8.433
1985,fra,8.725
1986,fra,8.875
1987,fra,8.942
1988,fra,8.458
1989,fra,8.108
1990,fra,7.867
1991,fra,8.092
1992,fra,8.992
1993,fra,10.050
1994,fra,10.425
1995,fra,10.133
1996,fra,10.533
1997,fra,10.708
1998,fra,10.317
1999,fra,10.008
2000,fra,8.583
2001,fra,7.833
2002,fra,7.950
2003,fra,8.550
2004,fra,8.900
2005,fra,8.900
2006,fra,8.858
2007,fra,8.017
2008,fra,7.483
2009,fra,9.083
2010,fra,9.283
2011,fra,9.200
2012,fra,9.800
2013,fra,10.267
2014,fra,10.200
2015,fra,10.089
2016,fra,9.891
2017,fra,9.686
2018,fra,9.473
2019,fra,9.436
2020,fra,9.362
1996,geo,12.715
1997,geo,7.551
1998,geo,12.381
1999,geo,12.628
2000,geo,10.346
2001,geo,11.148
2002,geo,12.594
2003,geo,11.501
2004,geo,12.624
2005,geo,13.800
2006,geo,13.578
2007,geo,13.279
2008,geo,16.469
2009,geo,16.850
2010,geo,16.291
2011,geo,15.062
2012,geo,15.034
2013,geo,14.563
1980,deu,3.359
1981,deu,4.831
1982,deu,6.734
1983,deu,8.099
1984,deu,8.058
1985,deu,8.124
1986,deu,7.834
1987,deu,7.843
1988,deu,7.735
1989,deu,6.790
1990,deu,6.155
1991,deu,5.470
1992,deu,6.592
1993,deu,7.775
1994,deu,8.425
1995,deu,8.233
1996,deu,8.908
1997,deu,9.658
1998,deu,9.383
1999,deu,8.558
2000,deu,7.950
2001,deu,7.800
2002,deu,8.600
2003,deu,9.708
2004,deu,10.333
2005,deu,11.000
2006,deu,10.042
2007,deu,8.575
2008,deu,7.392
2009,deu,7.667
2010,deu,6.933
2011,deu,5.858
2012,deu,5.367
2013,deu,5.217
2014,deu,4.983
2015,deu,4.854
2016,deu,4.837
2017,deu,4.823
2018,deu,4.806
2019,deu,4.793
2020,deu,4.782
1980,grc,2.663
1981,grc,3.916
1982,grc,5.594
1983,grc,7.603
1984,grc,7.877
1985,grc,7.555
1986,grc,7.140
1987,grc,7.122
1988,grc,7.423
1989,grc,7.217
1990,grc,6.795
1991,grc,7.425
1992,grc,8.368
1993,grc,9.339
1994,grc,9.299
1995,grc,9.071
1996,grc,9.804
1997,grc,9.754
1998,grc,11.222
1999,grc,12.096
2000,grc,11.350
2001,grc,8.256
2002,grc,8.399
2003,grc,8.053
2004,grc,10.591
2005,grc,9.997
2006,grc,9.008
2007,grc,8.397
2008,grc,7.759
2009,grc,9.616
2010,grc,12.713
2011,grc,17.864
2012,grc,24.439
2013,grc,27.466
2014,grc,26.491
2015,grc,24.797
2016,grc,22.121
2017,grc,19.963
2018,grc,17.325
2019,grc,14.747
2020,grc,12.381
1980,hnd,6.864
1981,hnd,7.018
1982,hnd,6.667
1983,hnd,6.504
1984,hnd,6.349
1985,hnd,6.818
1986,hnd,6.667
1987,hnd,7.092
1988,hnd,6.944
1989,hnd,6.667
1990,hnd,4.267
1991,hnd,3.948
1992,hnd,3.129
1993,hnd,2.991
1994,hnd,3.023
1995,hnd,3.054
1996,hnd,3.453
1997,hnd,4.795
1998,hnd,5.976
1999,hnd,5.382
2000,hnd,4.717
2001,hnd,4.053
2002,hnd,4.430
2003,hnd,3.739
2004,hnd,3.944
2005,hnd,3.950
2006,hnd,4.308
2007,hnd,4.170
2008,hnd,4.742
2009,hnd,4.493
2010,hnd,4.605
2011,hnd,5.030
2012,hnd,4.400
2013,hnd,4.400
2014,hnd,4.500
2015,hnd,4.500
2016,hnd,4.500
2017,hnd,4.500
2018,hnd,4.500
2019,hnd,4.500
2020,hnd,4.500
1980,hkg,3.800
1981,hkg,3.900
1982,hkg,3.522
1983,hkg,4.350
1984,hkg,3.876
1985,hkg,3.183
1986,hkg,2.817
1987,hkg,1.736
1988,hkg,1.365
1989,hkg,1.079
1990,hkg,1.332
1991,hkg,1.797
1992,hkg,1.959
1993,hkg,1.971
1994,hkg,1.919
1995,hkg,3.186
1996,hkg,2.767
1997,hkg,2.202
1998,hkg,4.702
1999,hkg,6.249
2000,hkg,4.946
2001,hkg,5.097
2002,hkg,7.305
2003,hkg,7.923
2004,hkg,6.810
2005,hkg,5.576
2006,hkg,4.781
2007,hkg,4.022
2008,hkg,3.522
2009,hkg,5.246
2010,hkg,4.322
2011,hkg,3.398
2012,hkg,3.293
2013,hkg,3.370
2014,hkg,3.228
2015,hkg,3.228
2016,hkg,3.132
2017,hkg,3.036
2018,hkg,2.939
2019,hkg,2.842
2020,hkg,2.745
1980,hun,0.607
1981,hun,0.232
1982,hun,0.154
1983,hun,0.173
1984,hun,0.117
1985,hun,0.041
1986,hun,0.212
1987,hun,0.315
1988,hun,0.463
1989,hun,0.531
1990,hun,2.082
1991,hun,8.415
1992,hun,9.303
1993,hun,11.290
1994,hun,10.118
1995,hun,10.170
1996,hun,9.886
1997,hun,8.731
1998,hun,7.100
1999,hun,6.500
2000,hun,6.000
2001,hun,5.600
2002,hun,5.900
2003,hun,5.500
2004,hun,6.300
2005,hun,7.200
2006,hun,7.530
2007,hun,7.454
2008,hun,7.865
2009,hun,10.096
2010,hun,11.251
2011,hun,11.116
2012,hun,11.071
2013,hun,10.237
2014,hun,7.765
2015,hun,7.583
2016,hun,7.400
2017,hun,7.216
2018,hun,7.033
2019,hun,6.849
2020,hun,6.664
1980,isl,0.313
1981,isl,0.365
1982,isl,0.670
1983,isl,1.022
1984,isl,1.254
1985,isl,0.906
1986,isl,0.656
1987,isl,0.441
1988,isl,0.636
1989,isl,1.658
1990,isl,1.773
1991,isl,1.500
1992,isl,3.048
1993,isl,4.388
1994,isl,4.818
1995,isl,5.020
1996,isl,4.374
1997,isl,3.749
1998,isl,2.860
1999,isl,2.034
2000,isl,2.178
2001,isl,2.335
2002,isl,3.076
2003,isl,3.375
2004,isl,3.050
2005,isl,2.583
2006,isl,2.875
2007,isl,2.292
2008,isl,2.983
2009,isl,7.233
2010,isl,7.558
2011,isl,7.050
2012,isl,6.025
2013,isl,5.392
2014,isl,4.958
2015,isl,4.000
2016,isl,4.000
2017,isl,4.000
2018,isl,4.000
2019,isl,4.000
2020,isl,4.000
1984,idn,1.520
1985,idn,2.140
1986,idn,2.640
1987,idn,2.550
1988,idn,2.800
1989,idn,2.800
1990,idn,2.400
1991,idn,2.600
1992,idn,2.800
1993,idn,2.830
1994,idn,4.470
1995,idn,7.420
1996,idn,4.998
1997,idn,4.770
1998,idn,5.460
1999,idn,6.360
2000,idn,6.080
2001,idn,8.100
2002,idn,9.060
2003,idn,9.500
2004,idn,9.860
2005,idn,11.240
2006,idn,10.280
2007,idn,9.110
2008,idn,8.390
2009,idn,7.870
2010,idn,7.140
2011,idn,6.560
2012,idn,6.140
2013,idn,6.250
2014,idn,6.100
2015,idn,5.800
2016,idn,5.600
2017,idn,5.500
2018,idn,5.500
2019,idn,5.500
2020,idn,5.500
1990,irn,14.200
1991,irn,10.000
1992,irn,10.000
1993,irn,10.000
1994,irn,10.000
1995,irn,10.000
1996,irn,9.100
1997,irn,12.800
1998,irn,13.569
1999,irn,15.777
2000,irn,16.046
2001,irn,16.626
2002,irn,12.200
2003,irn,11.300
2004,irn,10.300
2005,irn,12.100
2006,irn,12.091
2007,irn,10.548
2008,irn,10.449
2009,irn,11.912
2010,irn,13.479
2011,irn,12.300
2012,irn,12.200
2013,irn,10.439
2014,irn,11.212
2015,irn,12.279
2016,irn,13.207
2017,irn,13.697
2018,irn,14.127
2019,irn,14.490
2020,irn,14.824
1980,irl,7.327
1981,irl,9.877
1982,irl,11.376
1983,irl,14.021
1984,irl,15.602
1985,irl,17.700
1986,irl,18.100
1987,irl,18.800
1988,irl,18.400
1989,irl,17.900
1990,irl,17.200
1991,irl,19.000
1992,irl,16.300
1993,irl,16.700
1994,irl,15.100
1995,irl,14.100
1996,irl,11.800
1997,irl,10.100
1998,irl,7.383
1999,irl,5.556
2000,irl,4.252
2001,irl,3.930
2002,irl,4.448
2003,irl,4.580
2004,irl,4.489
2005,irl,4.389
2006,irl,4.499
2007,irl,4.674
2008,irl,6.400
2009,irl,12.009
2010,irl,13.853
2011,irl,14.625
2012,irl,14.672
2013,irl,13.045
2014,irl,11.263
2015,irl,9.821
2016,irl,8.842
2017,irl,8.336
2018,irl,7.965
2019,irl,7.516
2020,irl,7.059
1980,isr,4.780
1981,isr,5.115
1982,isr,5.048
1983,isr,4.562
1984,isr,5.893
1985,isr,6.693
1986,isr,7.078
1987,isr,6.057
1988,isr,6.428
1989,isr,8.881
1990,isr,9.567
1991,isr,10.585
1992,isr,11.155
1993,isr,10.015
1994,isr,7.828
1995,isr,6.863
1996,isr,8.325
1997,isr,9.525
1998,isr,10.675
1999,isr,11.075
2000,isr,10.900
2001,isr,11.625
2002,isr,12.875
2003,isr,13.400
2004,isr,12.900
2005,isr,11.200
2006,isr,10.450
2007,isr,9.150
2008,isr,7.650
2009,isr,9.425
2010,isr,8.250
2011,isr,7.050
2012,isr,6.850
2013,isr,6.275
2014,isr,5.950
2015,isr,5.488
2016,isr,5.303
2017,isr,5.489
2018,isr,5.489
2019,isr,5.489
2020,isr,5.523
1980,ita,7.370
1981,ita,7.649
1982,ita,8.288
1983,ita,7.375
1984,ita,7.842
1985,ita,8.167
1986,ita,8.867
1987,ita,9.625
1988,ita,9.683
1989,ita,9.667
1990,ita,8.875
1991,ita,8.533
1992,ita,8.808
1993,ita,9.833
1994,ita,10.633
1995,ita,11.150
1996,ita,11.150
1997,ita,11.242
1998,ita,11.333
1999,ita,10.942
2000,ita,10.100
2001,ita,9.100
2002,ita,8.608
2003,ita,8.450
2004,ita,7.958
2005,ita,7.725
2006,ita,6.792
2007,ita,6.092
2008,ita,6.750
2009,ita,7.775
2010,ita,8.383
2011,ita,8.400
2012,ita,10.625
2013,ita,12.158
2014,ita,12.800
2015,ita,12.600
2016,ita,12.300
2017,ita,12.000
2018,ita,11.600
2019,ita,11.200
2020,ita,11.000
1980,jam,27.262
1981,jam,25.941
1982,jam,27.577
1983,jam,26.378
1984,jam,25.512
1985,jam,25.010
1986,jam,23.654
1987,jam,20.968
1988,jam,19.089
1989,jam,15.200
1990,jam,15.700
1991,jam,15.400
1992,jam,15.700
1993,jam,16.300
1994,jam,15.400
1995,jam,16.200
1996,jam,16.000
1997,jam,16.500
1998,jam,15.500
1999,jam,15.700
2000,jam,15.500
2001,jam,15.000
2002,jam,14.200
2003,jam,11.800
2004,jam,12.200
2005,jam,11.225
2006,jam,10.325
2007,jam,9.850
2008,jam,10.575
2009,jam,11.350
2010,jam,12.375
2011,jam,12.996
2012,jam,13.925
2013,jam,15.275
2014,jam,15.275
2015,jam,15.275
2016,jam,15.275
2017,jam,15.275
2018,jam,15.275
2019,jam,15.275
2020,jam,15.275
1980,jpn,2.017
1981,jpn,2.200
1982,jpn,2.350
1983,jpn,2.650
1984,jpn,2.717
1985,jpn,2.608
1986,jpn,2.758
1987,jpn,2.850
1988,jpn,2.508
1989,jpn,2.250
1990,jpn,2.100
1991,jpn,2.092
1992,jpn,2.150
1993,jpn,2.508
1994,jpn,2.892
1995,jpn,3.142
1996,jpn,3.358
1997,jpn,3.383
1998,jpn,4.108
1999,jpn,4.667
2000,jpn,4.733
2001,jpn,5.042
2002,jpn,5.358
2003,jpn,5.242
2004,jpn,4.717
2005,jpn,4.425
2006,jpn,4.125
2007,jpn,3.833
2008,jpn,3.983
2009,jpn,5.058
2010,jpn,5.042
2011,jpn,4.567
2012,jpn,4.325
2013,jpn,4.017
2014,jpn,3.583
2015,jpn,3.694
2016,jpn,3.741
2017,jpn,3.820
2018,jpn,3.745
2019,jpn,3.743
2020,jpn,3.734
1984,jor,5.361
1985,jor,5.976
1986,jor,8.037
1987,jor,8.391
1988,jor,8.805
1989,jor,10.282
1990,jor,16.800
1991,jor,18.800
1992,jor,17.600
1993,jor,19.600
1994,jor,15.800
1995,jor,15.400
1996,jor,13.100
1997,jor,14.400
1998,jor,13.500
1999,jor,14.380
2000,jor,13.700
2001,jor,14.700
2002,jor,15.300
2003,jor,14.500
2004,jor,12.500
2005,jor,14.800
2006,jor,14.000
2007,jor,13.100
2008,jor,12.700
2009,jor,12.900
2010,jor,12.500
2011,jor,12.900
2012,jor,12.200
2013,jor,12.600
2014,jor,11.900
1994,kaz,10.100
1995,kaz,10.983
1996,kaz,12.959
1997,kaz,13.008
1998,kaz,13.116
1999,kaz,13.465
2000,kaz,12.753
2001,kaz,10.433
2002,kaz,9.334
2003,kaz,8.777
2004,kaz,8.402
2005,kaz,8.100
2006,kaz,7.800
2007,kaz,7.258
2008,kaz,6.625
2009,kaz,6.575
2010,kaz,5.783
2011,kaz,5.400
2012,kaz,5.292
2013,kaz,5.225
2014,kaz,5.225
2015,kaz,5.225
2016,kaz,5.225
2017,kaz,5.225
2018,kaz,5.225
2019,kaz,5.225
2020,kaz,5.225
1980,kor,5.200
1981,kor,4.500
1982,kor,4.133
1983,kor,4.117
1984,kor,3.850
1985,kor,4.025
1986,kor,3.842
1987,kor,3.108
1988,kor,2.525
1989,kor,2.583
1990,kor,2.458
1991,kor,2.450
1992,kor,2.525
1993,kor,2.900
1994,kor,2.475
1995,kor,2.067
1996,kor,2.058
1997,kor,2.617
1998,kor,6.950
1999,kor,6.583
2000,kor,4.425
2001,kor,4.017
2002,kor,3.283
2003,kor,3.567
2004,kor,3.683
2005,kor,3.733
2006,kor,3.467
2007,kor,3.250
2008,kor,3.175
2009,kor,3.650
2010,kor,3.725
2011,kor,3.408
2012,kor,3.225
2013,kor,3.125
2014,kor,3.542
2015,kor,3.600
2016,kor,3.500
2017,kor,3.300
2018,kor,3.300
2019,kor,3.300
2020,kor,3.300
1981,kwt,0.500
1982,kwt,0.500
1983,kwt,0.500
1984,kwt,0.500
1985,kwt,0.500
1986,kwt,0.500
1987,kwt,0.500
1988,kwt,0.500
1989,kwt,0.500
1990,kwt,0.500
1991,kwt,0.500
1992,kwt,0.500
1993,kwt,3.842
1994,kwt,7.183
1995,kwt,1.500
1996,kwt,1.800
1997,kwt,0.699
1998,kwt,0.711
1999,kwt,0.791
2000,kwt,0.777
2001,kwt,1.097
2002,kwt,1.305
2003,kwt,1.221
2004,kwt,1.420
2005,kwt,1.349
2006,kwt,1.370
2007,kwt,1.701
2008,kwt,1.671
2009,kwt,1.639
2010,kwt,2.072
2011,kwt,2.072
2012,kwt,2.072
2013,kwt,2.072
2014,kwt,2.072
2015,kwt,2.072
2016,kwt,2.072
2017,kwt,2.072
2018,kwt,2.072
2019,kwt,2.072
2020,kwt,2.072
1994,kgz,5.700
1995,kgz,5.700
1996,kgz,7.800
1997,kgz,5.700
1998,kgz,5.900
1999,kgz,7.200
2000,kgz,7.500
2001,kgz,7.800
2002,kgz,12.500
2003,kgz,9.900
2004,kgz,8.500
2005,kgz,8.100
2006,kgz,8.300
2007,kgz,8.200
2008,kgz,8.200
2009,kgz,8.400
2010,kgz,8.600
2011,kgz,7.921
2012,kgz,7.738
2013,kgz,7.647
2014,kgz,7.555
2015,kgz,7.464
2016,kgz,7.372
2017,kgz,7.281
2018,kgz,7.189
2019,kgz,7.189
2020,kgz,7.189
1992,lva,3.178
1993,lva,6.951
1994,lva,6.951
1995,lva,6.951
1996,lva,20.711
1997,lva,15.167
1998,lva,14.183
1999,lva,14.328
2000,lva,14.426
2001,lva,13.090
2002,lva,11.972
2003,lva,10.586
2004,lva,10.437
2005,lva,9.017
2006,lva,6.844
2007,lva,6.053
2008,lva,7.534
2009,lva,16.902
2010,lva,18.678
2011,lva,16.203
2012,lva,15.048
2013,lva,11.862
2014,lva,10.843
2015,lva,10.441
2016,lva,10.171
2017,lva,9.809
2018,lva,9.628
2019,lva,9.446
2020,lva,9.263
1999,ltu,14.600
2000,ltu,16.375
2001,ltu,17.362
2002,ltu,13.764
2003,ltu,12.419
2004,ltu,10.886
2005,ltu,8.327
2006,ltu,5.783
2007,ltu,4.255
2008,ltu,5.827
2009,ltu,13.788
2010,ltu,17.812
2011,ltu,15.389
2012,ltu,13.365
2013,ltu,11.766
2014,ltu,10.697
2015,ltu,10.600
2016,ltu,10.500
2017,ltu,10.500
2018,ltu,10.500
2019,ltu,10.500
2020,ltu,10.500
1980,lux,0.723
1981,lux,1.015
1982,lux,1.330
1983,lux,1.615
1984,lux,1.748
1985,lux,1.667
1986,lux,1.458
1987,lux,1.669
1988,lux,1.536
1989,lux,1.402
1990,lux,1.256
1991,lux,1.380
1992,lux,1.634
1993,lux,2.105
1994,lux,2.732
1995,lux,2.961
1996,lux,3.241
1997,lux,3.302
1998,lux,3.057
1999,lux,2.890
2000,lux,2.400
2001,lux,2.200
2002,lux,2.500
2003,lux,3.300
2004,lux,3.700
2005,lux,4.100
2006,lux,4.300
2007,lux,4.200
2008,lux,4.200
2009,lux,5.500
2010,lux,5.800
2011,lux,5.700
2012,lux,6.130
2013,lux,6.853
2014,lux,7.122
2015,lux,6.854
2016,lux,6.723
2017,lux,6.590
2018,lux,6.456
2019,lux,6.322
2020,lux,6.189
1996,mkd,31.992
1997,mkd,36.104
1998,mkd,34.481
1999,mkd,32.411
2000,mkd,31.727
2001,mkd,30.515
2002,mkd,31.944
2003,mkd,36.687
2004,mkd,37.150
2005,mkd,37.250
2006,mkd,36.025
2007,mkd,34.925
2008,mkd,33.775
2009,mkd,32.175
2010,mkd,32.050
2011,mkd,31.375
2012,mkd,31.000
2013,mkd,29.000
2014,mkd,28.453
2015,mkd,27.426
2016,mkd,26.595
2017,mkd,25.759
2018,mkd,24.925
2019,mkd,24.061
2020,mkd,23.014
2000,mdg,2.600
2001,mdg,4.000
2002,mdg,4.400
2003,mdg,5.000
2004,mdg,3.800
2005,mdg,2.600
2006,mdg,3.200
2007,mdg,4.100
2008,mdg,4.300
2009,mdg,3.900
2010,mdg,3.600
2011,mdg,3.600
2012,mdg,3.600
1985,mys,6.893
1986,mys,8.261
1987,mys,8.207
1988,mys,8.079
1989,mys,6.715
1990,mys,5.055
1991,mys,4.345
1992,mys,3.718
1993,mys,3.026
1994,mys,2.947
1995,mys,3.143
1996,mys,2.516
1997,mys,2.445
1998,mys,3.225
1999,mys,3.425
2000,mys,3.100
2001,mys,3.675
2002,mys,3.475
2003,mys,3.600
2004,mys,3.550
2005,mys,3.550
2006,mys,3.325
2007,mys,3.225
2008,mys,3.325
2009,mys,3.675
2010,mys,3.300
2011,mys,3.050
2012,mys,3.025
2013,mys,3.100
2014,mys,2.900
2015,mys,3.000
2016,mys,3.000
2017,mys,3.000
2018,mys,3.000
2019,mys,3.000
2020,mys,3.000
1983,mlt,12.500
1984,mlt,12.500
1985,mlt,12.200
1986,mlt,11.000
1987,mlt,8.200
1988,mlt,6.200
1989,mlt,4.636
1990,mlt,4.800
1991,mlt,4.400
1992,mlt,4.900
1993,mlt,5.400
1994,mlt,5.400
1995,mlt,4.900
1996,mlt,5.200
1997,mlt,6.200
1998,mlt,6.600
1999,mlt,7.100
2000,mlt,6.758
2001,mlt,7.617
2002,mlt,7.433
2003,mlt,7.717
2004,mlt,7.217
2005,mlt,6.942
2006,mlt,6.817
2007,mlt,6.467
2008,mlt,5.975
2009,mlt,6.883
2010,mlt,6.867
2011,mlt,6.392
2012,mlt,6.308
2013,mlt,6.383
2014,mlt,5.892
2015,mlt,6.100
2016,mlt,6.300
2017,mlt,6.500
2018,mlt,6.500
2019,mlt,6.500
2020,mlt,6.500
1983,mus,19.429
1984,mus,17.120
1985,mus,14.213
1986,mus,9.592
1987,mus,4.918
1988,mus,2.975
1989,mus,3.233
1990,mus,2.818
1991,mus,2.719
1992,mus,3.341
1993,mus,3.939
1994,mus,4.492
1995,mus,5.116
1996,mus,5.785
1997,mus,6.561
1998,mus,6.888
1999,mus,7.698
2000,mus,6.501
2001,mus,6.800
2002,mus,7.200
2003,mus,7.698
2004,mus,8.395
2005,mus,9.567
2006,mus,9.081
2007,mus,8.522
2008,mus,7.222
2009,mus,7.328
2010,mus,7.800
2011,mus,7.900
2012,mus,8.000
2013,mus,8.000
2014,mus,7.800
2015,mus,7.825
2016,mus,7.861
2017,mus,7.921
2018,mus,8.011
2019,mus,8.075
2020,mus,8.134
1980,mex,1.200
1981,mex,0.900
1982,mex,4.200
1983,mex,6.100
1984,mex,5.600
1985,mex,4.400
1986,mex,4.300
1987,mex,3.883
1988,mex,3.542
1989,mex,2.925
1990,mex,2.742
1991,mex,2.692
1992,mex,2.830
1993,mex,3.430
1994,mex,3.700
1995,mex,6.230
1996,mex,5.450
1997,mex,3.730
1998,mex,3.160
1999,mex,2.500
2000,mex,2.200
2001,mex,2.768
2002,mex,2.978
2003,mex,3.400
2004,mex,3.919
2005,mex,3.478
2006,mex,3.525
2007,mex,3.611
2008,mex,3.883
2009,mex,5.326
2010,mex,5.265
2011,mex,5.173
2012,mex,4.893
2013,mex,4.908
2014,mex,4.750
2015,mex,4.250
2016,mex,4.000
2017,mex,3.875
2018,mex,3.813
2019,mex,3.781
2020,mex,3.766
1993,mda,2.899
1994,mda,13.900
1995,mda,14.400
1996,mda,13.000
1997,mda,12.000
1998,mda,9.232
1999,mda,11.118
2000,mda,8.500
2001,mda,7.300
2002,mda,6.800
2003,mda,7.900
2004,mda,8.100
2005,mda,7.300
2006,mda,7.400
2007,mda,5.100
2008,mda,4.000
2009,mda,6.400
2010,mda,7.400
2011,mda,6.700
2012,mda,5.600
2013,mda,5.100
2014,mda,4.000
2015,mda,4.500
2016,mda,4.300
2017,mda,4.000
2018,mda,4.000
2019,mda,4.000
2020,mda,4.000
2007,mng,11.300
2008,mng,9.200
2009,mng,11.600
2010,mng,9.900
2011,mng,7.700
2012,mng,8.200
2013,mng,10.400
2014,mng,8.767
2015,mng,9.122
2016,mng,9.430
2017,mng,9.106
2018,mng,9.106
2019,mng,9.106
2020,mng,9.106
1995,mar,16.000
1996,mar,15.500
1997,mar,15.400
1998,mar,15.200
1999,mar,13.942
2000,mar,13.395
2001,mar,12.256
2002,mar,11.334
2003,mar,11.432
2004,mar,10.796
2005,mar,11.058
2006,mar,9.672
2007,mar,9.795
2008,mar,9.568
2009,mar,9.095
2010,mar,9.063
2011,mar,8.912
2012,mar,8.988
2013,mar,9.235
2014,mar,9.135
2015,mar,9.035
2016,mar,8.935
2017,mar,8.835
2018,mar,8.735
2019,mar,8.635
2020,mar,8.535
1998,mmr,4.000
1999,mmr,4.000
2000,mmr,4.000
2001,mmr,4.000
2002,mmr,4.000
2003,mmr,4.000
2004,mmr,4.000
2005,mmr,4.000
2006,mmr,4.000
2007,mmr,4.000
2008,mmr,4.000
2009,mmr,4.000
2010,mmr,4.000
2011,mmr,4.000
2012,mmr,4.000
2013,mmr,4.000
2014,mmr,4.000
2015,mmr,4.000
2016,mmr,4.000
2017,mmr,4.000
2018,mmr,4.000
2019,mmr,4.000
2020,mmr,4.000
1980,nld,3.354
1981,nld,4.583
1982,nld,6.525
1983,nld,8.254
1984,nld,8.090
1985,nld,7.327
1986,nld,6.520
1987,nld,6.337
1988,nld,6.247
1989,nld,5.674
1990,nld,5.112
1991,nld,4.799
1992,nld,4.865
1993,nld,5.530
1994,nld,6.193
1995,nld,7.064
1996,nld,6.440
1997,nld,5.460
1998,nld,4.304
1999,nld,3.538
2000,nld,3.060
2001,nld,3.137
2002,nld,3.665
2003,nld,4.830
2004,nld,5.664
2005,nld,5.887
2006,nld,5.014
2007,nld,4.165
2008,nld,3.665
2009,nld,4.358
2010,nld,4.993
2011,nld,4.980
2012,nld,5.833
2013,nld,7.259
2014,nld,7.395
2015,nld,7.203
2016,nld,7.028
2017,nld,6.926
2018,nld,6.545
2019,nld,6.145
2020,nld,5.637
1980,nzl,4.019
1981,nzl,3.911
1982,nzl,4.358
1983,nzl,6.241
1984,nzl,7.186
1985,nzl,3.922
1986,nzl,4.125
1987,nzl,4.175
1988,nzl,5.750
1989,nzl,7.300
1990,nzl,8.000
1991,nzl,10.600
1992,nzl,10.625
1993,nzl,9.800
1994,nzl,8.375
1995,nzl,6.450
1996,nzl,6.300
1997,nzl,6.875
1998,nzl,7.725
1999,nzl,7.050
2000,nzl,6.150
2001,nzl,5.450
2002,nzl,5.275
2003,nzl,4.750
2004,nzl,4.050
2005,nzl,3.825
2006,nzl,3.825
2007,nzl,3.675
2008,nzl,4.125
2009,nzl,6.125
2010,nzl,6.525
2011,nzl,6.500
2012,nzl,6.875
2013,nzl,6.175
2014,nzl,5.366
2015,nzl,5.299
2016,nzl,5.174
2017,nzl,5.079
2018,nzl,5.079
2019,nzl,5.079
2020,nzl,5.079
1980,nic,13.448
1981,nic,11.800
1982,nic,12.400
1983,nic,11.000
1984,nic,12.000
1985,nic,12.500
1986,nic,13.100
1987,nic,14.000
1988,nic,14.200
1989,nic,15.000
1990,nic,15.500
1991,nic,14.900
1992,nic,14.400
1993,nic,15.000
1994,nic,17.100
1995,nic,16.907
1996,nic,15.953
1997,nic,14.274
1998,nic,13.213
1999,nic,10.683
2000,nic,5.469
2001,nic,6.000
2002,nic,6.500
2003,nic,6.998
2004,nic,6.537
2005,nic,5.559
2006,nic,5.193
2007,nic,5.935
2008,nic,6.062
2009,nic,8.158
2010,nic,7.829
2011,nic,5.930
2012,nic,5.912
2013,nic,5.904
2014,nic,4.827
2015,nic,3.627
2016,nic,3.027
2017,nic,3.027
2018,nic,3.027
2019,nic,3.027
2020,nic,3.027
2000,nga,13.100
2001,nga,13.600
2002,nga,12.600
2003,nga,14.800
2004,nga,13.400
2005,nga,11.900
2006,nga,12.300
2007,nga,12.700
2008,nga,14.900
2009,nga,19.700
2010,nga,21.100
2011,nga,23.900
1980,nor,1.650
1981,nor,2.001
1982,nor,2.606
1983,nor,3.426
1984,nor,3.147
1985,nor,2.588
1986,nor,1.962
1987,nor,2.084
1988,nor,3.149
1989,nor,4.908
1990,nor,5.229
1991,nor,5.469
1992,nor,5.915
1993,nor,5.948
1994,nor,5.393
1995,nor,4.906
1996,nor,4.833
1997,nor,4.034
1998,nor,3.186
1999,nor,3.172
2000,nor,3.426
2001,nor,3.546
2002,nor,3.889
2003,nor,4.494
2004,nor,4.471
2005,nor,4.616
2006,nor,3.433
2007,nor,2.513
2008,nor,2.595
2009,nor,3.157
2010,nor,3.584
2011,nor,3.280
2012,nor,3.221
2013,nor,3.503
2014,nor,3.530
2015,nor,3.800
2016,nor,3.900
2017,nor,3.800
2018,nor,3.700
2019,nor,3.600
2020,nor,3.600
1983,pak,3.850
1984,pak,3.750
1985,pak,3.650
1986,pak,3.300
1987,pak,3.071
1988,pak,3.142
1989,pak,3.141
1990,pak,6.300
1991,pak,4.689
1992,pak,6.064
1993,pak,5.283
1994,pak,4.785
1995,pak,5.099
1996,pak,5.362
1997,pak,5.755
1998,pak,6.010
1999,pak,5.906
2000,pak,6.870
2001,pak,7.820
2002,pak,8.270
2003,pak,8.270
2004,pak,7.690
2005,pak,7.690
2006,pak,6.200
2007,pak,5.325
2008,pak,5.202
2009,pak,5.460
2010,pak,5.550
2011,pak,5.950
2012,pak,6.454
2013,pak,6.200
2014,pak,6.750
2015,pak,6.543
2016,pak,6.089
2017,pak,5.547
2018,pak,5.072
2019,pak,5.018
2020,pak,5.022
1980,pan,8.375
1981,pan,9.184
1982,pan,10.981
1983,pan,11.573
1984,pan,12.216
1985,pan,14.418
1986,pan,12.504
1987,pan,14.102
1988,pan,18.780
1989,pan,18.939
1990,pan,16.719
1991,pan,15.971
1992,pan,14.674
1993,pan,13.262
1994,pan,14.008
1995,pan,14.019
1996,pan,14.317
1997,pan,13.370
1998,pan,11.599
1999,pan,9.532
2000,pan,13.526
2001,pan,14.026
2002,pan,13.489
2003,pan,13.042
2004,pan,11.749
2005,pan,9.781
2006,pan,8.662
2007,pan,6.372
2008,pan,5.579
2009,pan,6.557
2010,pan,6.516
2011,pan,4.481
2012,pan,4.050
2013,pan,4.098
2014,pan,4.098
2015,pan,4.098
2016,pan,4.098
2017,pan,4.098
2018,pan,4.098
2019,pan,4.098
2020,pan,4.098
1983,pry,8.300
1984,pry,7.300
1985,pry,5.100
1986,pry,6.100
1987,pry,5.500
1988,pry,4.700
1989,pry,6.100
1990,pry,6.600
1991,pry,5.100
1992,pry,5.300
1993,pry,5.100
1994,pry,4.400
1995,pry,3.300
1996,pry,8.200
1997,pry,5.000
1998,pry,5.800
1999,pry,6.800
2000,pry,7.300
2001,pry,7.600
2002,pry,10.800
2003,pry,8.100
2004,pry,7.300
2005,pry,5.800
2006,pry,6.700
2007,pry,5.600
2008,pry,5.700
2009,pry,6.400
2010,pry,5.700
2011,pry,5.600
2012,pry,5.800
2013,pry,5.400
2014,pry,5.500
2015,pry,5.500
2016,pry,5.500
2017,pry,5.500
2018,pry,5.500
2019,pry,5.500
2020,pry,5.500
1980,per,7.326
1981,per,6.800
1982,per,6.400
1983,per,9.000
1984,per,8.900
1985,per,4.589
1986,per,5.300
1987,per,4.800
1988,per,4.156
1989,per,7.900
1990,per,8.300
1991,per,5.900
1992,per,9.400
1993,per,9.900
1994,per,8.800
1995,per,7.100
1996,per,7.200
1997,per,8.600
1998,per,6.900
1999,per,9.400
2000,per,7.847
2001,per,9.246
2002,per,9.420
2003,per,9.424
2004,per,9.436
2005,per,9.577
2006,per,8.542
2007,per,8.419
2008,per,8.377
2009,per,8.387
2010,per,7.880
2011,per,7.727
2012,per,6.798
2013,per,7.519
2014,per,6.000
2015,per,6.000
2016,per,6.000
2017,per,6.000
2018,per,6.000
2019,per,6.000
2020,per,6.000
1985,phl,11.058
1986,phl,11.682
1987,phl,11.062
1988,phl,9.402
1989,phl,9.129
1990,phl,8.400
1991,phl,10.500
1992,phl,9.800
1993,phl,9.275
1994,phl,9.475
1995,phl,9.525
1996,phl,8.525
1997,phl,8.675
1998,phl,10.050
1999,phl,9.725
2000,phl,11.175
2001,phl,11.125
2002,phl,11.400
2003,phl,11.400
2004,phl,11.825
2005,phl,11.350
2006,phl,7.950
2007,phl,7.325
2008,phl,7.400
2009,phl,7.475
2010,phl,7.325
2011,phl,7.025
2012,phl,6.975
2013,phl,7.075
2014,phl,6.800
2015,phl,6.200
2016,phl,6.000
2017,phl,5.900
2018,phl,5.800
2019,phl,5.700
2020,phl,5.600
1990,pol,6.300
1991,pol,11.800
1992,pol,13.600
1993,pol,16.400
1994,pol,11.400
1995,pol,13.341
1996,pol,12.343
1997,pol,11.246
1998,pol,10.576
1999,pol,13.133
2000,pol,16.087
2001,pol,18.242
2002,pol,19.934
2003,pol,19.643
2004,pol,18.974
2005,pol,17.745
2006,pol,13.843
2007,pol,9.604
2008,pol,7.119
2009,pol,8.169
2010,pol,9.635
2011,pol,9.632
2012,pol,10.088
2013,pol,10.328
2014,pol,8.990
2015,pol,7.991
2016,pol,7.671
2017,pol,7.579
2018,pol,7.533
2019,pol,7.487
2020,pol,7.487
1980,prt,7.824
1981,prt,8.290
1982,prt,7.457
1983,prt,7.945
1984,prt,10.503
1985,prt,8.674
1986,prt,8.603
1987,prt,7.126
1988,prt,7.069
1989,prt,5.059
1990,prt,4.225
1991,prt,4.138
1992,prt,3.860
1993,prt,5.127
1994,prt,6.340
1995,prt,7.200
1996,prt,7.251
1997,prt,6.741
1998,prt,4.937
1999,prt,4.381
2000,prt,3.925
2001,prt,4.009
2002,prt,4.995
2003,prt,6.264
2004,prt,6.623
2005,prt,7.582
2006,prt,7.647
2007,prt,7.964
2008,prt,7.552
2009,prt,9.432
2010,prt,10.770
2011,prt,12.677
2012,prt,15.526
2013,prt,16.183
2014,prt,13.894
2015,prt,13.065
2016,prt,12.564
2017,prt,12.100
2018,prt,11.660
2019,prt,11.219
2020,prt,10.775
1985,rou,4.000
1986,rou,3.900
1987,rou,3.700
1988,rou,3.700
1989,rou,3.400
1990,rou,3.400
1991,rou,3.500
1992,rou,5.441
1993,rou,9.206
1994,rou,10.994
1995,rou,9.882
1996,rou,7.323
1997,rou,7.850
1998,rou,9.611
1999,rou,11.535
2000,rou,7.157
2001,rou,6.606
2002,rou,8.440
2003,rou,7.025
2004,rou,8.074
2005,rou,7.174
2006,rou,7.270
2007,rou,6.413
2008,rou,5.788
2009,rou,6.859
2010,rou,7.277
2011,rou,7.400
2012,rou,7.038
2013,rou,7.314
2014,rou,6.783
2015,rou,6.736
2016,rou,6.689
2017,rou,6.643
2018,rou,6.596
2019,rou,6.549
2020,rou,6.502
1992,rus,4.768
1993,rus,5.285
1994,rus,7.233
1995,rus,8.534
1996,rus,9.606
1997,rus,10.819
1998,rus,11.889
1999,rus,13.001
2000,rus,10.591
2001,rus,8.939
2002,rus,8.000
2003,rus,8.200
2004,rus,7.700
2005,rus,7.100
2006,rus,7.000
2007,rus,6.000
2008,rus,6.200
2009,rus,8.200
2010,rus,7.300
2011,rus,6.500
2012,rus,5.500
2013,rus,5.500
2014,rus,5.108
2015,rus,6.500
2016,rus,6.500
2017,rus,6.000
2018,rus,6.000
2019,rus,6.000
2020,rus,6.000
2001,smr,3.540
2002,smr,3.921
2003,smr,4.119
2004,smr,3.362
2005,smr,3.560
2006,smr,3.313
2007,smr,3.021
2008,smr,3.114
2009,smr,4.483
2010,smr,4.945
2011,smr,5.469
2012,smr,6.909
2013,smr,8.079
2014,smr,8.739
2015,smr,8.439
2016,smr,7.939
2017,smr,7.339
2018,smr,6.739
2019,smr,6.139
2020,smr,5.439
1980,stp,13.623
1981,stp,13.623
1982,stp,13.623
1983,stp,13.623
1984,stp,13.623
1985,stp,13.623
1986,stp,13.623
1987,stp,13.623
1988,stp,13.623
1989,stp,15.100
1990,stp,15.878
1991,stp,16.764
1992,stp,15.564
1993,stp,14.944
1994,stp,14.645
1995,stp,14.352
1996,stp,14.065
1997,stp,14.419
1998,stp,14.419
1999,stp,14.419
2000,stp,14.419
2001,stp,15.734
2002,stp,17.625
2003,stp,16.364
2004,stp,16.582
2005,stp,17.335
2006,stp,16.425
2007,stp,16.218
2008,stp,15.925
2009,stp,15.715
2010,stp,13.711
2011,stp,13.496
2012,stp,13.897
2013,stp,13.682
2014,stp,13.466
2015,stp,13.033
2016,stp,12.598
2017,stp,12.161
2018,stp,11.722
2019,stp,11.281
2020,stp,10.837
1999,sau,4.345
2000,sau,4.571
2001,sau,4.617
2002,sau,5.265
2003,sau,5.562
2004,sau,5.822
2005,sau,6.051
2006,sau,6.254
2007,sau,5.645
2008,sau,5.176
2009,sau,5.377
2010,sau,5.548
2011,sau,5.772
2012,sau,5.524
2013,sau,5.568
2014,sau,5.548
1997,srb,12.260
1998,srb,12.800
1999,srb,13.300
2000,srb,12.100
2001,srb,12.200
2002,srb,14.470
2003,srb,16.000
2004,srb,19.530
2005,srb,21.830
2006,srb,21.560
2007,srb,18.800
2008,srb,14.400
2009,srb,16.900
2010,srb,20.000
2011,srb,23.600
2012,srb,24.600
2013,srb,23.000
2014,srb,19.700
2015,srb,20.742
2016,srb,21.960
2017,srb,22.362
2018,srb,21.911
2019,srb,21.454
2020,srb,20.909
1995,syc,7.700
1996,syc,7.452
1997,syc,6.757
1998,syc,4.211
1999,syc,3.172
2000,syc,3.112
2001,syc,4.412
2002,syc,4.064
2003,syc,3.151
2004,syc,3.531
2005,syc,3.624
2006,syc,2.511
2007,syc,1.863
2008,syc,1.716
2009,syc,5.136
2010,syc,4.605
2011,syc,4.130
2012,syc,3.705
2013,syc,3.325
2014,syc,2.983
2015,syc,2.684
2016,syc,2.684
2017,syc,3.684
2018,syc,4.684
2019,syc,5.684
2020,syc,6.684
1980,sgp,5.751
1981,sgp,5.925
1982,sgp,6.281
1983,sgp,5.570
1984,sgp,6.135
1985,sgp,4.565
1986,sgp,2.012
1987,sgp,3.900
1988,sgp,2.575
1989,sgp,1.775
1990,sgp,1.775
1991,sgp,1.750
1992,sgp,1.800
1993,sgp,1.700
1994,sgp,1.725
1995,sgp,1.750
1996,sgp,1.650
1997,sgp,1.425
1998,sgp,2.500
1999,sgp,2.800
2000,sgp,2.675
2001,sgp,2.650
2002,sgp,3.550
2003,sgp,3.950
2004,sgp,3.350
2005,sgp,3.125
2006,sgp,2.650
2007,sgp,2.125
2008,sgp,2.225
2009,sgp,3.025
2010,sgp,2.175
2011,sgp,2.025
2012,sgp,1.950
2013,sgp,1.900
2014,sgp,1.950
2015,sgp,2.000
2016,sgp,2.000
2017,sgp,2.000
2018,sgp,2.000
2019,sgp,2.000
2020,sgp,2.000
1993,svk,12.700
1994,svk,14.600
1995,svk,13.700
1996,svk,12.600
1997,svk,11.882
1998,svk,12.708
1999,svk,16.483
2000,svk,18.875
2001,svk,19.458
2002,svk,18.808
2003,svk,17.708
2004,svk,18.342
2005,svk,16.358
2006,svk,13.458
2007,svk,11.233
2008,svk,9.583
2009,svk,12.117
2010,svk,14.483
2011,svk,13.692
2012,svk,13.983
2013,svk,14.258
2014,svk,13.217
2015,svk,12.413
2016,svk,11.713
2017,svk,11.316
2018,svk,10.899
2019,svk,10.563
2020,svk,10.327
1992,svn,7.836
1993,svn,8.591
1994,svn,8.497
1995,svn,7.000
1996,svn,6.892
1997,svn,6.917
1998,svn,7.367
1999,svn,7.350
2000,svn,6.742
2001,svn,6.192
2002,svn,6.342
2003,svn,6.700
2004,svn,6.342
2005,svn,6.542
2006,svn,5.992
2007,svn,4.858
2008,svn,4.392
2009,svn,5.892
2010,svn,7.267
2011,svn,8.208
2012,svn,8.892
2013,svn,10.142
2014,svn,9.792
2015,svn,8.978
2016,svn,8.341
2017,svn,7.699
2018,svn,6.959
2019,svn,6.400
2020,svn,5.884
1980,zaf,9.241
1981,zaf,9.824
1982,zaf,10.755
1983,zaf,12.543
1984,zaf,13.718
1985,zaf,15.452
1986,zaf,16.049
1987,zaf,16.592
1988,zaf,17.238
1989,zaf,17.829
1990,zaf,18.784
1991,zaf,20.162
1992,zaf,21.213
1993,zaf,22.163
1994,zaf,22.890
1995,zaf,16.710
1996,zaf,19.321
1997,zaf,20.952
1998,zaf,25.197
1999,zaf,23.346
2000,zaf,23.000
2001,zaf,25.950
2002,zaf,27.800
2003,zaf,27.650
2004,zaf,25.150
2005,zaf,24.650
2006,zaf,23.550
2007,zaf,23.000
2008,zaf,22.525
2009,zaf,23.700
2010,zaf,24.875
2011,zaf,24.800
2012,zaf,24.875
2013,zaf,24.725
2014,zaf,25.100
2015,zaf,25.118
2016,zaf,24.920
2017,zaf,24.772
2018,zaf,24.624
2019,zaf,24.400
2020,zaf,24.176
1980,esp,11.011
1981,esp,13.755
1982,esp,15.770
1983,esp,17.215
1984,esp,19.937
1985,esp,21.305
1986,esp,20.907
1987,esp,20.223
1988,esp,19.238
1989,esp,17.240
1990,esp,16.238
1991,esp,16.313
1992,esp,18.353
1993,esp,22.640
1994,esp,24.118
1995,esp,22.900
1996,esp,22.080
1997,esp,20.610
1998,esp,18.605
1999,esp,15.640
2000,esp,13.857
2001,esp,10.540
2002,esp,11.475
2003,esp,11.500
2004,esp,10.950
2005,esp,9.150
2006,esp,8.450
2007,esp,8.225
2008,esp,11.250
2009,esp,17.875
2010,esp,19.850
2011,esp,21.400
2012,esp,24.800
2013,esp,26.100
2014,esp,24.450
2015,esp,22.562
2016,esp,21.106
2017,esp,19.938
2018,esp,18.847
2019,esp,17.807
2020,esp,16.849
1990,lka,15.897
1991,lka,14.665
1992,lka,14.566
1993,lka,13.777
1994,lka,13.127
1995,lka,12.267
1996,lka,11.294
1997,lka,10.501
1998,lka,9.174
1999,lka,8.857
2000,lka,7.573
2001,lka,7.900
2002,lka,8.800
2003,lka,8.400
2004,lka,8.300
2005,lka,7.700
2006,lka,6.600
2007,lka,6.200
2008,lka,6.000
2009,lka,5.900
2010,lka,5.000
2011,lka,4.100
2012,lka,4.000
2013,lka,4.000
2014,lka,4.000
2015,lka,4.000
2016,lka,4.000
2017,lka,4.000
2018,lka,4.000
2019,lka,4.000
2020,lka,4.000
1981,sdn,22.328
1982,sdn,22.219
1983,sdn,21.426
1984,sdn,20.660
1985,sdn,19.923
1986,sdn,19.211
1987,sdn,18.525
1988,sdn,17.863
1989,sdn,17.225
1990,sdn,16.610
1991,sdn,15.998
1992,sdn,15.409
1993,sdn,15.757
1994,sdn,15.177
1995,sdn,14.618
1996,sdn,14.000
1997,sdn,13.500
1998,sdn,13.000
1999,sdn,12.500
2000,sdn,15.200
2001,sdn,15.000
2002,sdn,15.900
2003,sdn,15.800
2004,sdn,16.183
2005,sdn,17.010
2006,sdn,17.493
2007,sdn,16.770
2008,sdn,16.040
2009,sdn,14.894
2010,sdn,13.733
2011,sdn,12.033
2012,sdn,14.800
2013,sdn,14.800
2014,sdn,13.637
2015,sdn,13.301
2016,sdn,12.963
2017,sdn,12.623
2018,sdn,12.283
2019,sdn,11.941
2020,sdn,11.597
1997,sur,10.000
1998,sur,11.000
1999,sur,12.000
2000,sur,13.767
2001,sur,13.729
2002,sur,9.658
2003,sur,6.549
2004,sur,8.383
2005,sur,11.084
2006,sur,12.281
2007,sur,10.682
2008,sur,9.361
2009,sur,9.018
2010,sur,7.564
2011,sur,8.014
2012,sur,8.500
2013,sur,8.500
2014,sur,8.928
2015,sur,8.928
2016,sur,8.928
2017,sur,8.928
2018,sur,8.928
2019,sur,8.928
2020,sur,8.928
1980,swe,2.033
1981,swe,2.642
1982,swe,3.333
1983,swe,3.658
1984,swe,3.275
1985,swe,2.883
1986,swe,2.692
1987,swe,2.192
1988,swe,1.792
1989,swe,1.558
1990,swe,1.725
1991,swe,3.100
1992,swe,5.550
1993,swe,11.150
1994,swe,10.783
1995,swe,10.417
1996,swe,10.883
1997,swe,10.875
1998,swe,8.817
1999,swe,7.550
2000,swe,6.342
2001,swe,5.825
2002,swe,5.950
2003,swe,6.567
2004,swe,7.375
2005,swe,7.642
2006,swe,7.042
2007,swe,6.117
2008,swe,6.167
2009,swe,8.300
2010,swe,8.575
2011,swe,7.767
2012,swe,7.967
2013,swe,8.000
2014,swe,7.933
2015,swe,7.733
2016,swe,7.583
2017,swe,7.500
2018,swe,7.400
2019,swe,7.400
2020,swe,7.300
1980,che,0.209
1981,che,0.190
1982,che,0.428
1983,che,0.850
1984,che,1.138
1985,che,0.982
1986,che,0.832
1987,che,0.798
1988,che,0.720
1989,che,0.564
1990,che,0.501
1991,che,1.083
1992,che,2.549
1993,che,4.504
1994,che,4.723
1995,che,4.233
1996,che,4.656
1997,che,5.199
1998,che,3.856
1999,che,2.723
2000,che,1.824
2001,che,1.703
2002,che,2.546
2003,che,3.691
2004,che,3.879
2005,che,3.763
2006,che,3.332
2007,che,2.766
2008,che,2.577
2009,che,3.701
2010,che,3.516
2011,che,2.843
2012,che,2.905
2013,che,3.158
2014,che,3.164
2015,che,3.375
2016,che,3.595
2017,che,3.395
2018,che,3.322
2019,che,3.251
2020,che,3.200
1997,syr,16.761
1998,syr,12.405
1999,syr,13.462
2000,syr,13.483
2001,syr,8.171
2002,syr,11.672
2003,syr,10.781
2004,syr,12.288
2005,syr,8.089
2006,syr,8.182
2007,syr,8.406
2008,syr,10.924
2009,syr,8.139
2010,syr,8.613
1980,twn,1.230
1981,twn,1.360
1982,twn,2.140
1983,twn,2.710
1984,twn,2.450
1985,twn,2.910
1986,twn,2.660
1987,twn,1.970
1988,twn,1.690
1989,twn,1.570
1990,twn,1.670
1991,twn,1.510
1992,twn,1.510
1993,twn,1.450
1994,twn,1.560
1995,twn,1.790
1996,twn,2.600
1997,twn,2.720
1998,twn,2.690
1999,twn,2.920
2000,twn,2.990
2001,twn,4.570
2002,twn,5.170
2003,twn,4.990
2004,twn,4.440
2005,twn,4.130
2006,twn,3.910
2007,twn,3.910
2008,twn,4.140
2009,twn,5.850
2010,twn,5.210
2011,twn,4.390
2012,twn,4.240
2013,twn,4.180
2014,twn,3.960
2015,twn,3.960
2016,twn,3.960
2017,twn,3.960
2018,twn,3.960
2019,twn,3.960
2020,twn,3.960
2001,tha,1.800
2002,tha,1.400
2003,tha,1.500
2004,tha,1.500
2005,tha,1.858
2006,tha,1.517
2007,tha,1.364
2008,tha,1.372
2009,tha,1.500
2010,tha,1.050
2011,tha,0.658
2012,tha,0.675
2013,tha,0.736
2014,tha,0.841
2015,tha,0.800
2016,tha,0.750
2017,tha,0.700
2018,tha,0.700
2019,tha,0.700
2020,tha,0.700
1981,tto,10.408
1982,tto,10.271
1983,tto,11.123
1984,tto,13.428
1985,tto,15.661
1986,tto,17.232
1987,tto,22.243
1988,tto,22.000
1989,tto,22.000
1990,tto,20.000
1991,tto,18.470
1992,tto,19.570
1993,tto,19.740
1994,tto,18.401
1995,tto,17.179
1996,tto,16.252
1997,tto,15.009
1998,tto,14.218
1999,tto,13.135
2000,tto,12.131
2001,tto,10.800
2002,tto,10.400
2003,tto,10.500
2004,tto,8.400
2005,tto,8.000
2006,tto,6.200
2007,tto,5.600
2008,tto,4.600
2009,tto,5.300
2010,tto,5.900
2011,tto,5.000
2012,tto,4.900
2013,tto,3.800
2014,tto,4.000
2015,tto,4.000
2016,tto,4.000
2017,tto,4.000
2018,tto,4.000
2019,tto,4.000
2020,tto,4.000
1990,tun,16.198
1991,tun,16.223
1992,tun,16.247
1993,tun,16.272
1994,tun,16.296
1995,tun,16.177
1996,tun,16.058
1997,tun,15.939
1998,tun,16.063
1999,tun,15.982
2000,tun,15.691
2001,tun,15.126
2002,tun,15.263
2003,tun,14.514
2004,tun,14.237
2005,tun,12.819
2006,tun,12.511
2007,tun,12.397
2008,tun,12.442
2009,tun,13.290
2010,tun,13.048
2011,tun,18.889
2012,tun,16.723
2013,tun,15.330
2014,tun,15.300
2015,tun,15.000
2016,tun,14.000
2017,tun,13.000
2018,tun,12.000
2019,tun,12.000
2020,tun,12.000
1980,tur,7.200
1981,tur,7.200
1982,tur,7.600
1983,tur,7.510
1984,tur,7.407
1985,tur,6.946
1986,tur,7.716
1987,tur,8.131
1988,tur,8.701
1989,tur,8.575
1990,tur,7.998
1991,tur,8.198
1992,tur,8.486
1993,tur,8.932
1994,tur,8.550
1995,tur,7.628
1996,tur,6.620
1997,tur,6.818
1998,tur,5.949
1999,tur,6.641
2000,tur,5.623
2001,tur,7.234
2002,tur,8.992
2003,tur,9.136
2004,tur,8.920
2005,tur,9.488
2006,tur,9.034
2007,tur,9.183
2008,tur,10.020
2009,tur,13.053
2010,tur,11.127
2011,tur,9.096
2012,tur,8.432
2013,tur,9.041
2014,tur,9.915
2015,tur,11.428
2016,tur,11.642
2017,tur,11.307
2018,tur,11.000
2019,tur,11.000
2020,tur,11.000
1995,ukr,14.800
1996,ukr,10.000
1997,ukr,9.800
1998,ukr,11.300
1999,ukr,11.900
2000,ukr,11.483
2001,ukr,10.789
2002,ukr,9.629
2003,ukr,9.057
2004,ukr,8.588
2005,ukr,7.185
2006,ukr,6.810
2007,ukr,6.351
2008,ukr,6.363
2009,ukr,8.843
2010,ukr,8.097
2011,ukr,7.856
2012,ukr,7.529
2013,ukr,7.253
2014,ukr,10.489
2015,ukr,11.469
2016,ukr,11.037
2017,ukr,9.606
2018,ukr,8.637
2019,ukr,8.113
2020,ukr,7.989
1980,gbr,7.133
1981,gbr,9.650
1982,gbr,10.725
1983,gbr,11.475
1984,gbr,11.750
1985,gbr,11.375
1986,gbr,11.325
1987,gbr,10.425
1988,gbr,8.575
1989,gbr,7.225
1990,gbr,7.100
1991,gbr,8.850
1992,gbr,9.950
1993,gbr,10.375
1994,gbr,9.500
1995,gbr,8.625
1996,gbr,8.100
1997,gbr,6.950
1998,gbr,6.250
1999,gbr,5.975
2000,gbr,5.450
2001,gbr,5.100
2002,gbr,5.200
2003,gbr,5.000
2004,gbr,4.750
2005,gbr,4.825
2006,gbr,5.425
2007,gbr,5.350
2008,gbr,5.725
2009,gbr,7.625
2010,gbr,7.900
2011,gbr,8.100
2012,gbr,7.975
2013,gbr,7.600
2014,gbr,6.200
2015,gbr,5.378
2016,gbr,5.406
2017,gbr,5.400
2018,gbr,5.400
2019,gbr,5.400
2020,gbr,5.400
1980,usa,7.175
1981,usa,7.617
1982,usa,9.708
1983,usa,9.600
1984,usa,7.508
1985,usa,7.192
1986,usa,7.000
1987,usa,6.175
1988,usa,5.492
1989,usa,5.258
1990,usa,5.617
1991,usa,6.850
1992,usa,7.492
1993,usa,6.908
1994,usa,6.100
1995,usa,5.592
1996,usa,5.408
1997,usa,4.942
1998,usa,4.500
1999,usa,4.217
2000,usa,3.967
2001,usa,4.742
2002,usa,5.783
2003,usa,5.992
2004,usa,5.542
2005,usa,5.083
2006,usa,4.608
2007,usa,4.617
2008,usa,5.800
2009,usa,9.283
2010,usa,9.608
2011,usa,8.942
2012,usa,8.067
2013,usa,7.367
2014,usa,6.150
2015,usa,5.468
2016,usa,5.150
2017,usa,5.030
2018,usa,4.908
2019,usa,4.868
2020,usa,4.843
1983,ury,14.500
1984,ury,14.000
1985,ury,13.100
1986,ury,10.100
1987,ury,9.100
1988,ury,8.600
1989,ury,8.000
1990,ury,8.500
1991,ury,8.900
1992,ury,9.000
1993,ury,8.300
1994,ury,9.200
1995,ury,10.300
1996,ury,11.900
1997,ury,11.558
1998,ury,10.125
1999,ury,11.200
2000,ury,13.400
2001,ury,15.192
2002,ury,16.750
2003,ury,17.150
2004,ury,13.342
2005,ury,12.142
2006,ury,10.783
2007,ury,9.400
2008,ury,7.925
2009,ury,7.783
2010,ury,7.033
2011,ury,6.333
2012,ury,6.333
2013,ury,6.508
2014,ury,6.486
2015,ury,6.772
2016,ury,6.952
2017,ury,7.044
2018,ury,7.169
2019,ury,7.203
2020,ury,7.205
1999,ven,14.525
2000,ven,14.008
2001,ven,13.358
2002,ven,15.996
2003,ven,18.188
2004,ven,15.067
2005,ven,12.242
2006,ven,9.958
2007,ven,8.492
2008,ven,7.354
2009,ven,7.879
2010,ven,8.508
2011,ven,8.204
2012,ven,7.823
2013,ven,7.470
2014,ven,7.990
2015,ven,12.807
2016,ven,16.137
2017,ven,18.707
2018,ven,20.839
2019,ven,23.757
2020,ven,25.252
1990,vnm,12.327
1991,vnm,10.393
1992,vnm,11.000
1993,vnm,10.600
1994,vnm,10.300
1995,vnm,5.820
1996,vnm,5.880
1997,vnm,6.010
1998,vnm,6.850
1999,vnm,6.740
2000,vnm,6.420
2001,vnm,6.280
2002,vnm,6.010
2003,vnm,5.780
2004,vnm,5.600
2005,vnm,5.310
2006,vnm,4.820
2007,vnm,4.640
2008,vnm,4.650
2009,vnm,4.600
2010,vnm,4.290
2011,vnm,4.513
2012,vnm,2.740
2013,vnm,2.750
2014,vnm,2.450
2015,vnm,2.450
2016,vnm,2.450
2017,vnm,2.450
2018,vnm,2.450
2019,vnm,2.450
2020,vnm,2.450
