year,country,ggx
2002,afg,12.411
2003,afg,26.242
2004,afg,37.101
2005,afg,47.868
2006,afg,63.294
2007,afg,91.817
2008,afg,108.251
2009,afg,128.548
2010,afg,148.052
2011,afg,183.220
2012,afg,258.692
2013,afg,278.933
2014,afg,306.002
2015,afg,341.958
2016,afg,407.747
2017,afg,455.949
2018,afg,534.480
2019,afg,630.937
2020,afg,660.433
1997,alb,100.391
1998,alb,141.437
1999,alb,164.607
2000,alb,169.596
2001,alb,184.163
2002,alb,192.517
2003,alb,201.152
2004,alb,222.439
2005,alb,232.339
2006,alb,254.762
2007,alb,282.987
2008,alb,342.860
2009,alb,373.832
2010,alb,364.290
2011,alb,376.183
2012,alb,376.241
2013,alb,394.117
2014,alb,444.744
2015,alb,477.213
2016,alb,494.066
2017,alb,512.613
2018,alb,563.315
2019,alb,608.989
2020,alb,646.877
1990,dza,142.540
1991,dza,239.630
1992,dza,308.724
1993,dza,390.484
1994,dza,461.895
1995,dza,589.085
1996,dza,724.609
1997,dza,845.196
1998,dza,875.739
1999,dza,"1,034.320"
2000,dza,"1,178.122"
2001,dza,"1,321.028"
2002,dza,"1,550.646"
2003,dza,"1,691.354"
2004,dza,"1,891.769"
2005,dza,"2,052.037"
2006,dza,"2,454.387"
2007,dza,"3,114.242"
2008,dza,"4,190.663"
2009,dza,"4,220.957"
2010,dza,"4,439.854"
2011,dza,"5,853.482"
2012,dza,"7,058.173"
2013,dza,"6,092.124"
2014,dza,"6,799.384"
2015,dza,"7,186.061"
2016,dza,"7,569.883"
2017,dza,"7,975.862"
2018,dza,"8,398.895"
2019,dza,"8,850.994"
2020,dza,"9,301.689"
2000,ago,45.484
2001,ago,82.661
2002,ago,207.753
2003,ago,457.154
2004,ago,586.399
2005,ago,854.785
2006,ago,"1,288.353"
2007,ago,"1,908.842"
2008,ago,"3,498.789"
2009,ago,"2,510.197"
2010,ago,"3,034.026"
2011,ago,"3,927.547"
2012,ago,"4,548.766"
2013,ago,"4,888.694"
2014,ago,"4,682.400"
2015,ago,"3,614.189"
2016,ago,"4,150.638"
2017,ago,"4,678.176"
2018,ago,"5,248.019"
2019,ago,"5,868.143"
2020,ago,"6,581.743"
1990,atg,0.234
1991,atg,0.283
1992,atg,0.265
1993,atg,0.297
1994,atg,0.357
1995,atg,0.349
1996,atg,0.359
1997,atg,0.332
1998,atg,0.532
1999,atg,0.455
2000,atg,0.693
2001,atg,0.668
2002,atg,0.843
2003,atg,0.884
2004,atg,0.798
2005,atg,0.942
2006,atg,0.952
2007,atg,0.932
2008,atg,0.986
2009,atg,1.203
2010,atg,0.697
2011,atg,0.733
2012,atg,0.683
2013,atg,0.741
2014,atg,0.776
2015,atg,1.097
2016,atg,0.717
2017,atg,0.745
2018,atg,0.784
2019,atg,0.818
2020,atg,0.858
1995,arg,65.957
1996,arg,69.032
1997,arg,73.939
1998,arg,77.307
1999,arg,80.730
2000,arg,80.221
2001,arg,79.401
2002,arg,76.368
2003,arg,92.521
2004,arg,111.566
2005,arg,142.260
2006,arg,180.742
2007,arg,252.906
2008,arg,334.988
2009,arg,415.432
2010,arg,535.717
2011,arg,732.914
2012,arg,936.155
2013,arg,"1,206.287"
2014,arg,"1,683.127"
2015,arg,"2,001.838"
2016,arg,"2,419.186"
2017,arg,"2,980.006"
2018,arg,"3,636.975"
2019,arg,"4,419.172"
2020,arg,"5,330.548"
2005,arm,445.685
2006,arm,531.250
2007,arm,706.059
2008,arm,793.430
2009,arm,897.051
2010,arm,906.591
2011,arm,943.140
2012,arm,956.318
2013,arm,"1,084.091"
2014,arm,"1,158.423"
2015,arm,"1,332.140"
2016,arm,"1,341.677"
2017,arm,"1,408.377"
2018,arm,"1,493.629"
2019,arm,"1,615.569"
2020,arm,"1,743.274"
1988,aus,104.260
1989,aus,113.262
1990,aus,124.312
1991,aus,135.342
1992,aus,144.803
1993,aus,152.558
1994,aus,160.206
1995,aus,169.325
1996,aus,178.864
1997,aus,184.883
1998,aus,206.421
1999,aus,227.301
2000,aus,237.968
2001,aus,260.233
2002,aus,273.547
2003,aus,290.655
2004,aus,311.553
2005,aus,333.388
2006,aus,359.172
2007,aus,388.671
2008,aus,433.350
2009,aus,477.739
2010,aus,504.048
2011,aus,532.414
2012,aus,552.242
2013,aus,573.996
2014,aus,601.595
2015,aus,616.469
2016,aus,636.237
2017,aus,661.951
2018,aus,689.121
2019,aus,722.565
2020,aus,760.259
1988,aut,55.881
1989,aut,58.159
1990,aut,62.893
1991,aut,68.910
1992,aut,74.954
1993,aut,85.338
1994,aut,89.609
1995,aut,96.795
1996,aut,100.157
1997,aut,98.170
1998,aut,102.010
1999,aut,105.223
2000,aut,107.322
2001,aut,112.292
2002,aut,114.731
2003,aut,117.848
2004,aut,129.060
2005,aut,128.992
2006,aut,133.780
2007,aut,138.645
2008,aut,145.355
2009,aut,154.828
2010,aut,155.344
2011,aut,157.018
2012,aut,161.715
2013,aut,164.328
2014,aut,175.309
2015,aut,174.690
2016,aut,178.150
2017,aut,182.744
2018,aut,187.459
2019,aut,192.309
2020,aut,197.328
2000,aze,0.983
2001,aze,0.992
2002,aze,1.678
2003,aze,2.038
2004,aze,2.206
2005,aze,2.839
2006,aze,5.037
2007,aze,7.356
2008,aze,11.829
2009,aze,12.028
2010,aze,13.450
2011,aze,17.368
2012,aze,19.782
2013,aze,21.932
2014,aze,22.304
2015,aze,22.194
2016,aze,21.475
2017,aze,22.575
2018,aze,23.973
2019,aze,25.093
2020,aze,26.423
1990,bhs,0.565
1991,bhs,0.600
1992,bhs,0.618
1993,bhs,0.618
1994,bhs,0.638
1995,bhs,0.663
1996,bhs,0.703
1997,bhs,0.832
1998,bhs,0.830
1999,bhs,0.868
2000,bhs,0.957
2001,bhs,0.976
2002,bhs,1.027
2003,bhs,1.090
2004,bhs,1.110
2005,bhs,1.215
2006,bhs,1.327
2007,bhs,1.521
2008,bhs,1.575
2009,bhs,1.686
2010,bhs,1.642
2011,bhs,1.804
2012,bhs,1.897
2013,bhs,1.901
2014,bhs,1.812
2015,bhs,1.974
2016,bhs,2.027
2017,bhs,2.088
2018,bhs,2.128
2019,bhs,2.184
2020,bhs,2.236
1990,bhr,0.630
1991,bhr,0.583
1992,bhr,0.627
1993,bhr,0.626
1994,bhr,0.657
1995,bhr,0.667
1996,bhr,0.627
1997,bhr,0.889
1998,bhr,0.705
1999,bhr,0.805
2000,bhr,0.787
2001,bhr,0.956
2002,bhr,1.150
2003,bhr,1.219
2004,bhr,1.288
2005,bhr,1.497
2006,bhr,1.678
2007,bhr,1.908
2008,bhr,2.286
2009,bhr,2.211
2010,bhr,2.760
2011,bhr,3.003
2012,bhr,3.418
2013,bhr,3.527
2014,bhr,3.845
2015,bhr,3.972
2016,bhr,3.959
2017,bhr,3.996
2018,bhr,4.234
2019,bhr,4.445
2020,bhr,4.640
1980,bgd,42.200
1981,bgd,45.350
1982,bgd,52.350
1983,bgd,59.225
1984,bgd,63.270
1985,bgd,71.680
1986,bgd,85.235
1987,bgd,94.450
1988,bgd,101.950
1989,bgd,116.973
1990,bgd,125.413
1991,bgd,133.980
1992,bgd,143.850
1993,bgd,167.032
1994,bgd,186.136
1995,bgd,218.280
1996,bgd,222.776
1997,bgd,244.024
1998,bgd,266.964
1999,bgd,255.656
2000,bgd,313.789
2001,bgd,374.460
2002,bgd,389.872
2003,bgd,423.610
2004,bgd,453.857
2005,bgd,525.030
2006,bgd,585.130
2007,bgd,634.030
2008,bgd,869.060
2009,bgd,893.230
2010,bgd,"1,012.810"
2011,bgd,"1,277.725"
2012,bgd,"1,500.918"
2013,bgd,"1,751.610"
2014,bgd,"1,878.926"
2015,bgd,"2,151.332"
2016,bgd,"2,551.598"
2017,bgd,"3,163.351"
2018,bgd,"3,622.766"
2019,bgd,"4,194.643"
2020,bgd,"4,678.407"
1994,brb,1.260
1995,brb,1.408
1996,brb,1.599
1997,brb,1.803
1998,brb,1.871
1999,brb,2.003
2000,brb,2.147
2001,brb,2.257
2002,brb,2.477
2003,brb,2.513
2004,brb,2.537
2005,brb,2.924
2006,brb,2.894
2007,brb,3.427
2008,brb,3.537
2009,brb,3.475
2010,brb,3.671
2011,brb,3.581
2012,brb,3.906
2013,brb,3.921
2014,brb,3.778
2015,brb,3.707
2016,brb,3.853
2017,brb,4.002
2018,brb,4.180
2019,brb,4.354
2020,brb,4.546
1993,blr,0.007
1994,blr,0.034
1995,blr,0.250
1996,blr,1.058
1997,blr,2.047
1998,blr,76.712
1999,blr,297.011
2000,blr,961.662
2001,blr,"7,823.046"
2002,blr,"11,834.035"
2003,blr,"15,899.698"
2004,blr,"22,229.223"
2005,blr,"29,578.974"
2006,blr,"37,939.969"
2007,blr,"46,573.517"
2008,blr,"63,309.379"
2009,blr,"63,442.500"
2010,blr,"69,169.308"
2011,blr,"102,584.515"
2012,blr,"206,057.300"
2013,blr,"273,070.580"
2014,blr,"312,629.827"
2015,blr,"431,933.870"
2016,blr,"508,209.618"
2017,blr,"600,138.608"
2018,blr,"710,615.310"
2019,blr,"840,627.069"
2020,blr,"989,189.527"
1980,bel,50.535
1981,bel,59.404
1982,bel,62.279
1983,bel,68.814
1984,bel,70.646
1985,bel,74.238
1986,bel,76.642
1987,bel,77.220
1988,bel,79.791
1989,bel,84.041
1990,bel,89.097
1991,bel,95.497
1992,bel,100.796
1993,bel,105.940
1994,bel,106.957
1995,bel,109.821
1996,bel,112.666
1997,bel,115.062
1998,bel,117.479
1999,bel,121.061
2000,bel,125.392
2001,bel,129.382
2002,bel,134.593
2003,bel,141.551
2004,bel,144.383
2005,bel,158.316
2006,bel,156.079
2007,bel,164.153
2008,bel,175.530
2009,bel,186.055
2010,bel,191.395
2011,bel,202.282
2012,bel,212.703
2013,bel,215.078
2014,bel,219.389
2015,bel,220.925
2016,bel,222.530
2017,bel,224.890
2018,bel,229.110
2019,bel,234.134
2020,bel,239.952
1996,blz,0.332
1997,blz,0.352
1998,blz,0.397
1999,blz,0.459
2000,blz,0.527
2001,blz,0.606
2002,blz,0.601
2003,blz,0.624
2004,blz,0.659
2005,blz,0.629
2006,blz,0.730
2007,blz,0.749
2008,blz,0.767
2009,blz,0.768
2010,blz,0.825
2011,blz,0.867
2012,blz,0.854
2013,blz,1.004
2014,blz,1.044
2015,blz,1.073
2016,blz,1.113
2017,blz,1.172
2018,blz,1.213
2019,blz,1.297
2020,blz,1.321
1990,ben,117.712
1991,ben,117.503
1992,ben,133.143
1993,ben,128.403
1994,ben,200.137
1995,ben,266.225
1996,ben,266.852
1997,ben,279.587
1998,ben,262.409
1999,ben,296.049
2000,ben,391.025
2001,ben,414.785
2002,ben,444.714
2003,ben,424.540
2004,ben,436.105
2005,ben,489.596
2006,ben,477.938
2007,ben,618.147
2008,ben,635.130
2009,ben,778.455
2010,ben,664.100
2011,ben,742.164
2012,ben,809.781
2013,ben,920.832
2014,ben,931.315
2015,ben,"1,083.512"
2016,ben,"1,259.411"
2017,ben,"1,367.433"
2018,ben,"1,475.058"
2019,ben,"1,465.834"
2020,ben,"1,532.021"
1981,btn,0.625
1982,btn,0.488
1983,btn,0.699
1984,btn,0.758
1985,btn,1.177
1986,btn,1.221
1987,btn,1.480
1988,btn,1.740
1989,btn,2.091
1990,btn,1.859
1991,btn,1.796
1992,btn,2.241
1993,btn,2.569
1994,btn,3.168
1995,btn,3.776
1996,btn,4.253
1997,btn,4.958
1998,btn,4.806
1999,btn,7.224
2000,btn,8.624
2001,btn,11.178
2002,btn,10.052
2003,btn,9.945
2004,btn,9.865
2005,btn,12.893
2006,btn,13.771
2007,btn,15.795
2008,btn,18.065
2009,btn,19.310
2010,btn,29.889
2011,btn,29.842
2012,btn,33.806
2013,btn,34.900
2014,btn,37.773
2015,btn,35.406
2016,btn,44.035
2017,btn,46.365
2018,btn,50.021
2019,btn,56.787
2020,btn,73.724
1984,bol,0.006
1985,bol,0.515
1986,bol,1.691
1987,bol,2.169
1988,bol,2.591
1989,bol,3.098
1990,bol,3.517
1991,bol,4.626
1992,bol,5.559
1993,bol,6.648
1994,bol,7.397
1995,bol,8.310
1996,bol,9.777
1997,bol,11.777
1998,bol,14.034
1999,bol,14.141
2000,bol,15.223
2001,bol,17.189
2002,bol,18.871
2003,bol,19.803
2004,bol,22.520
2005,bol,25.558
2006,bol,27.372
2007,bol,33.635
2008,bol,42.645
2009,bol,43.602
2010,bol,43.430
2011,bol,58.773
2012,bol,67.447
2013,bol,81.418
2014,bol,98.584
2015,bol,94.605
2016,bol,98.196
2017,bol,106.651
2018,bol,115.019
2019,bol,124.359
2020,bol,134.383
1998,bih,5.180
1999,bih,6.319
2000,bih,6.972
2001,bih,6.427
2002,bih,6.581
2003,bih,6.907
2004,bih,7.335
2005,bih,7.931
2006,bih,8.860
2007,bih,10.123
2008,bih,12.176
2009,bih,12.250
2010,bih,12.671
2011,bih,12.566
2012,bih,12.595
2013,bih,12.421
2014,bih,13.098
2015,bih,13.428
2016,bih,14.063
2017,bih,14.716
2018,bih,15.510
2019,bih,16.526
2020,bih,17.428
1980,bwa,0.291
1981,bwa,0.336
1982,bwa,0.405
1983,bwa,0.460
1984,bwa,0.590
1985,bwa,0.710
1986,bwa,0.959
1987,bwa,1.266
1988,bwa,1.710
1989,bwa,2.160
1990,bwa,2.830
1991,bwa,3.342
1992,bwa,3.761
1993,bwa,4.410
1994,bwa,4.434
1995,bwa,5.032
1996,bwa,5.994
1997,bwa,7.252
1998,bwa,8.864
1999,bwa,10.335
2000,bwa,11.536
2001,bwa,13.671
2002,bwa,15.710
2003,bwa,16.276
2004,bwa,17.383
2005,bwa,17.632
2006,bwa,19.737
2007,bwa,24.822
2008,bwa,35.150
2009,bwa,39.490
2010,bwa,38.417
2011,bwa,38.668
2012,bwa,40.736
2013,bwa,41.730
2014,bwa,51.263
2015,bwa,54.153
2016,bwa,50.240
2017,bwa,52.307
2018,bwa,55.857
2019,bwa,58.522
2020,bwa,60.920
1996,bra,326.941
1997,bra,367.515
1998,bra,409.966
1999,bra,430.610
2000,bra,413.470
2001,bra,476.748
2002,bra,579.415
2003,bra,704.306
2004,bra,748.630
2005,bra,863.682
2006,bra,944.677
2007,bra,"1,023.659"
2008,bra,"1,163.527"
2009,bra,"1,236.769"
2010,bra,"1,507.592"
2011,bra,"1,644.418"
2012,bra,"1,790.326"
2013,bra,"1,992.888"
2014,bra,"2,221.011"
2015,bra,"2,366.974"
2016,bra,"2,490.602"
2017,bra,"2,650.402"
2018,bra,"2,831.118"
2019,bra,"3,010.260"
2020,bra,"3,214.983"
1980,brn,1.141
1981,brn,1.378
1982,brn,2.165
1983,brn,5.631
1984,brn,4.137
1985,brn,4.318
1986,brn,2.867
1987,brn,2.473
1988,brn,2.713
1989,brn,2.901
1990,brn,2.852
1991,brn,2.782
1992,brn,3.071
1993,brn,3.427
1994,brn,4.314
1995,brn,4.457
1996,brn,3.744
1997,brn,4.076
1998,brn,4.066
1999,brn,4.324
2000,brn,4.298
2001,brn,3.945
2002,brn,4.803
2003,brn,3.910
2004,brn,4.888
2005,brn,5.107
2006,brn,5.613
2007,brn,5.998
2008,brn,6.146
2009,brn,6.038
2010,brn,6.762
2011,brn,6.922
2012,brn,7.377
2013,brn,7.602
2014,brn,7.343
2015,brn,7.183
2016,brn,7.360
2017,brn,7.591
2018,brn,7.853
2019,brn,8.136
2020,brn,8.417
2000,bgr,10.443
2001,bgr,11.303
2002,bgr,11.949
2003,bgr,13.103
2004,bgr,14.260
2005,bgr,16.002
2006,bgr,17.423
2007,bgr,21.026
2008,bgr,24.369
2009,bgr,24.714
2010,bgr,25.877
2011,bgr,25.923
2012,bgr,26.874
2013,bgr,29.175
2014,bgr,31.193
2015,bgr,31.262
2016,bgr,31.219
2017,bgr,31.839
2018,bgr,32.797
2019,bgr,33.893
2020,bgr,35.111
1985,bfa,78.956
1986,bfa,103.923
1987,bfa,122.143
1988,bfa,116.296
1989,bfa,100.236
1990,bfa,79.553
1991,bfa,139.694
1992,bfa,135.983
1993,bfa,182.033
1994,bfa,211.013
1995,bfa,259.625
1996,bfa,293.939
1997,bfa,321.771
1998,bfa,367.391
1999,bfa,446.325
2000,bfa,417.988
2001,bfa,459.374
2002,bfa,489.168
2003,bfa,483.810
2004,bfa,582.370
2005,bfa,655.175
2006,bfa,748.349
2007,bfa,833.588
2008,bfa,783.656
2009,bfa,956.439
2010,bfa,"1,015.535"
2011,bfa,"1,116.824"
2012,bfa,"1,453.721"
2013,bfa,"1,677.336"
2014,bfa,"1,440.710"
2015,bfa,"1,620.063"
2016,bfa,"1,761.219"
2017,bfa,"1,982.403"
2018,bfa,"2,206.906"
2019,bfa,"2,423.352"
2020,bfa,"2,649.597"
1992,bdi,58.259
1993,bdi,61.089
1994,bdi,55.328
1995,bdi,60.451
1996,bdi,70.629
1997,bdi,69.653
1998,bdi,89.725
1999,bdi,113.514
2000,bdi,123.506
2001,bdi,149.809
2002,bdi,151.499
2003,bdi,224.761
2004,bdi,291.190
2005,bdi,316.395
2006,bdi,360.970
2007,bdi,571.710
2008,bdi,786.676
2009,bdi,829.723
2010,bdi,"1,021.529"
2011,bdi,"1,189.465"
2012,bdi,"1,269.800"
2013,bdi,"1,325.711"
2014,bdi,"1,442.152"
2015,bdi,"1,566.637"
2016,bdi,"1,675.883"
2017,bdi,"1,874.596"
2018,bdi,"2,062.165"
2019,bdi,"2,256.684"
2020,bdi,"2,446.604"
2002,cpv,28.994
2003,cpv,25.290
2004,cpv,29.449
2005,cpv,32.437
2006,cpv,36.252
2007,cpv,35.986
2008,cpv,39.911
2009,cpv,44.615
2010,cpv,53.587
2011,cpv,49.235
2012,cpv,52.151
2013,cpv,51.332
2014,cpv,51.573
2015,cpv,54.279
2016,cpv,55.480
2017,cpv,57.547
2018,cpv,59.648
2019,cpv,58.022
2020,cpv,60.513
1996,khm,"1,441.472"
1997,khm,"1,259.754"
1998,khm,"1,571.199"
1999,khm,"1,846.720"
2000,khm,"2,118.698"
2001,khm,"2,365.731"
2002,khm,"2,832.527"
2003,khm,"2,919.100"
2004,khm,"2,972.355"
2005,khm,"3,175.972"
2006,khm,"3,866.216"
2007,khm,"5,066.400"
2008,khm,"6,551.123"
2009,khm,"8,633.830"
2010,khm,"9,363.435"
2011,khm,"10,236.115"
2012,khm,"11,740.132"
2013,khm,"12,685.050"
2014,khm,"13,627.015"
2015,khm,"15,436.839"
2016,khm,"17,220.758"
2017,khm,"19,187.089"
2018,khm,"21,345.193"
2019,khm,"23,470.551"
2020,khm,"25,963.812"
2000,cmr,"1,093.742"
2001,cmr,"1,189.866"
2002,cmr,"1,191.663"
2003,cmr,"1,219.119"
2004,cmr,"1,331.171"
2005,cmr,"1,278.296"
2006,cmr,"1,365.968"
2007,cmr,"1,528.323"
2008,cmr,"1,980.992"
2009,cmr,"1,931.276"
2010,cmr,"2,066.942"
2011,cmr,"2,576.093"
2012,cmr,"2,640.734"
2013,cmr,"3,199.758"
2014,cmr,"3,546.163"
2015,cmr,"3,746.617"
2016,cmr,"3,978.646"
2017,cmr,"4,232.872"
2018,cmr,"4,385.169"
2019,cmr,"4,601.327"
2020,cmr,"4,869.582"
1980,can,140.843
1981,can,164.205
1982,can,191.169
1983,can,208.071
1984,can,226.531
1985,can,247.135
1986,can,259.252
1987,can,275.182
1988,can,296.548
1989,can,309.503
1990,can,340.476
1991,can,370.082
1992,can,386.095
1993,can,392.348
1994,can,396.287
1995,can,404.555
1996,can,400.770
1997,can,397.758
1998,can,417.972
1999,can,428.877
2000,can,447.806
2001,can,469.408
2002,can,479.352
2003,can,502.712
2004,can,519.773
2005,can,544.412
2006,can,577.177
2007,can,604.848
2008,can,642.260
2009,can,679.425
2010,can,717.000
2011,can,738.489
2012,can,752.837
2013,can,770.882
2014,can,778.379
2015,can,801.432
2016,can,831.974
2017,can,864.503
2018,can,896.849
2019,can,930.888
2020,can,967.132
1988,caf,88.019
1989,caf,79.171
1990,caf,85.771
1991,caf,84.392
1992,caf,73.958
1993,caf,38.798
1994,caf,101.850
1995,caf,94.487
1996,caf,88.621
1997,caf,72.524
1998,caf,104.656
1999,caf,106.167
2000,caf,105.732
2001,caf,93.258
2002,caf,113.948
2003,caf,84.802
2004,caf,90.348
2005,caf,120.397
2006,caf,107.487
2007,caf,108.263
2008,caf,145.874
2009,caf,155.777
2010,caf,182.970
2011,caf,162.660
2012,caf,181.151
2013,caf,111.888
2014,caf,136.983
2015,caf,205.309
2016,caf,209.103
2017,caf,242.788
2018,caf,270.743
2019,caf,300.904
2020,caf,333.488
1995,tcd,130.298
1996,tcd,144.720
1997,tcd,158.902
1998,tcd,153.314
1999,tcd,178.781
2000,tcd,203.200
2001,tcd,220.500
2002,tcd,280.300
2003,tcd,348.100
2004,tcd,336.778
2005,tcd,404.946
2006,tcd,542.280
2007,tcd,709.295
2008,tcd,874.409
2009,tcd,"1,057.776"
2010,tcd,"1,288.501"
2011,tcd,"1,284.476"
2012,tcd,"1,512.111"
2013,tcd,"1,463.564"
2014,tcd,"1,519.186"
2015,tcd,"1,226.387"
2016,tcd,"1,443.164"
2017,tcd,"1,591.908"
2018,tcd,"1,932.208"
2019,tcd,"2,255.279"
2020,tcd,"2,507.653"
1990,chl,"2,126.566"
1991,chl,"2,845.849"
1992,chl,"3,530.895"
1993,chl,"4,275.713"
1994,chl,"4,996.611"
1995,chl,"5,732.209"
1996,chl,"6,700.756"
1997,chl,"7,428.632"
1998,chl,"8,291.883"
1999,chl,"9,123.605"
2000,chl,"9,670.135"
2001,chl,"10,545.969"
2002,chl,"11,264.236"
2003,chl,"11,774.611"
2004,chl,"12,605.227"
2005,chl,"13,930.210"
2006,chl,"15,348.976"
2007,chl,"17,509.243"
2008,chl,"20,364.623"
2009,chl,"23,797.395"
2010,chl,"26,499.255"
2011,chl,"28,195.513"
2012,chl,"30,614.297"
2013,chl,"32,498.617"
2014,chl,"35,686.682"
2015,chl,"39,740.874"
2016,chl,"43,638.814"
2017,chl,"46,487.534"
2018,chl,"49,677.017"
2019,chl,"53,053.691"
2020,chl,"56,717.585"
1982,chn,130.761
1983,chn,149.013
1984,chn,170.968
1985,chn,204.914
1986,chn,232.160
1987,chn,249.266
1988,chn,276.599
1989,chn,320.774
1990,chn,345.374
1991,chn,366.095
1992,chn,400.306
1993,chn,481.337
1994,chn,603.633
1995,chn,682.372
1996,chn,793.755
1997,chn,923.356
1998,chn,"1,079.818"
1999,chn,"1,353.667"
2000,chn,"1,623.550"
2001,chn,"1,925.158"
2002,chn,"2,240.215"
2003,chn,"2,499.895"
2004,chn,"2,883.589"
2005,chn,"3,427.928"
2006,chn,"4,027.173"
2007,chn,"4,909.835"
2008,chn,"7,164.539"
2009,chn,"8,928.897"
2010,chn,"10,600.183"
2011,chn,"12,816.444"
2012,chn,"15,005.780"
2013,chn,"17,183.895"
2014,chn,"18,882.711"
2015,chn,"21,301.113"
2016,chn,"22,431.258"
2017,chn,"23,731.204"
2018,chn,"25,315.836"
2019,chn,"27,091.205"
2020,chn,"29,005.856"
1982,col,523.200
1983,col,640.400
1984,col,821.800
1985,col,"1,015.600"
1986,col,"1,338.700"
1987,col,"1,807.748"
1988,col,"2,375.642"
1989,col,"3,728.400"
1990,col,"4,911.700"
1991,col,"6,427.500"
1992,col,"8,585.800"
1993,col,"12,219.899"
1994,col,"16,599.933"
1995,col,"22,394.002"
1996,col,"30,166.298"
1997,col,"38,066.131"
1998,col,"44,215.075"
1999,col,"51,176.496"
2000,col,"55,106.927"
2001,col,"62,193.852"
2002,col,"68,437.998"
2003,col,"75,813.234"
2004,col,"81,313.885"
2005,col,"87,471.638"
2006,col,"108,552.222"
2007,col,"120,816.160"
2008,col,"127,887.564"
2009,col,"148,980.258"
2010,col,"160,177.848"
2011,col,"178,027.123"
2012,col,"187,773.255"
2013,col,"206,555.415"
2014,col,"227,972.658"
2015,col,"235,144.374"
2016,col,"246,447.728"
2017,col,"261,346.903"
2018,col,"277,051.340"
2019,col,"293,487.561"
2020,col,"311,022.976"
1984,com,19.053
1985,com,20.975
1986,com,22.385
1987,com,20.858
1988,com,19.954
1989,com,20.609
1990,com,22.039
1991,com,22.482
1992,com,23.557
1993,com,21.936
1994,com,29.189
1995,com,27.256
1996,com,23.307
1997,com,23.030
1998,com,23.030
1999,com,19.629
2000,com,17.614
2001,com,26.592
2002,com,31.699
2003,com,30.347
2004,com,28.847
2005,com,30.425
2006,com,33.599
2007,com,37.314
2008,com,46.338
2009,com,43.627
2010,com,44.703
2011,com,47.793
2012,com,57.803
2013,com,61.305
2014,com,61.834
2015,com,70.600
2016,com,79.128
2017,com,86.544
2018,com,94.998
2019,com,92.946
2020,com,103.082
1996,cod,0.277
1997,cod,0.861
1998,cod,1.223
1999,cod,4.891
2000,cod,32.701
2001,cod,115.341
2002,cod,157.318
2003,cod,361.756
2004,cod,359.460
2005,cod,621.780
2006,cod,664.658
2007,cod,898.018
2008,cod,"1,358.803"
2009,cod,"2,055.554"
2010,cod,"3,319.015"
2011,cod,"3,543.566"
2012,cod,"3,910.334"
2013,cod,"3,681.211"
2014,cod,"3,766.247"
2015,cod,"5,098.227"
2016,cod,"5,992.205"
2017,cod,"6,552.350"
2018,cod,"7,453.809"
2019,cod,"8,481.294"
2020,cod,"9,414.537"
1990,cog,241.074
1991,cog,291.817
1992,cog,284.514
1993,cog,279.340
1994,cog,352.623
1995,cog,338.267
1996,cog,228.396
1997,cog,340.785
1998,cog,340.430
1999,cog,467.830
2000,cog,583.502
2001,cog,501.624
2002,cog,582.535
2003,cog,605.308
2004,cog,656.310
2005,cog,775.762
2006,cog,"1,123.053"
2007,cog,"1,201.487"
2008,cog,"1,255.619"
2009,cog,"1,117.279"
2010,cog,"1,274.933"
2011,cog,"1,774.400"
2012,cog,"2,525.900"
2013,cog,"2,555.100"
2014,cog,"2,733.600"
2015,cog,"2,748.664"
2016,cog,"2,706.608"
2017,cog,"2,794.361"
2018,cog,"2,915.826"
2019,cog,"3,108.905"
2020,cog,"3,172.701"
2000,cri,780.593
2001,cri,907.889
2002,cri,"1,106.632"
2003,cri,"1,209.607"
2004,cri,"1,386.017"
2005,cri,"1,588.001"
2006,cri,"1,804.298"
2007,cri,"2,061.768"
2008,cri,"2,535.591"
2009,cri,"2,969.599"
2010,cri,"3,623.086"
2011,cri,"3,762.334"
2012,cri,"4,177.726"
2013,cri,"4,765.369"
2014,cri,"5,211.110"
2015,cri,"5,739.053"
2016,cri,"6,259.227"
2017,cri,"6,847.087"
2018,cri,"7,497.370"
2019,cri,"8,204.204"
2020,cri,"8,922.193"
1997,civ,"1,503.903"
1998,civ,"1,589.188"
1999,civ,"1,519.928"
2000,civ,"1,358.200"
2001,civ,"1,297.300"
2002,civ,"1,558.053"
2003,civ,"1,558.621"
2004,civ,"1,632.955"
2005,civ,"1,693.698"
2006,civ,"1,867.714"
2007,civ,"1,916.140"
2008,civ,"2,199.490"
2009,civ,"2,279.493"
2010,civ,"2,464.357"
2011,civ,"2,209.595"
2012,civ,"3,051.751"
2013,civ,"3,385.584"
2014,civ,"3,866.069"
2015,civ,"4,183.063"
2016,civ,"4,628.131"
2017,civ,"5,132.053"
2018,civ,"5,607.992"
2019,civ,"6,160.876"
2020,civ,"6,638.544"
2002,hrv,101.187
2003,hrv,108.625
2004,hrv,117.007
2005,hrv,121.688
2006,hrv,132.271
2007,hrv,144.083
2008,hrv,154.163
2009,hrv,156.134
2010,hrv,153.578
2011,hrv,160.415
2012,hrv,155.087
2013,hrv,155.150
2014,hrv,154.257
2015,hrv,157.270
2016,hrv,158.068
2017,hrv,161.708
2018,hrv,167.693
2019,hrv,175.110
2020,hrv,182.626
1995,cyp,2.388
1996,cyp,2.636
1997,cyp,2.844
1998,cyp,3.129
1999,cyp,3.364
2000,cyp,3.688
2001,cyp,4.069
2002,cyp,4.435
2003,cyp,5.192
2004,cyp,5.375
2005,cyp,5.900
2006,cyp,6.277
2007,cyp,6.606
2008,cyp,7.268
2009,cyp,7.833
2010,cyp,8.098
2011,cyp,8.334
2012,cyp,8.169
2013,cyp,7.592
2014,cyp,7.042
2015,cyp,7.079
2016,cyp,6.969
2017,cyp,7.101
2018,cyp,7.248
2019,cyp,7.582
2020,cyp,7.842
1995,cze,813.015
1996,cze,734.087
1997,cze,802.486
1998,cze,885.611
1999,cze,907.393
2000,cze,945.255
2001,cze,"1,074.920"
2002,cze,"1,170.746"
2003,cze,"1,343.996"
2004,cze,"1,267.720"
2005,cze,"1,340.123"
2006,cze,"1,406.993"
2007,cze,"1,503.113"
2008,cze,"1,583.527"
2009,cze,"1,679.551"
2010,cze,"1,658.200"
2011,cze,"1,650.000"
2012,cze,"1,711.712"
2013,cze,"1,644.746"
2014,cze,"1,705.784"
2015,cze,"1,766.368"
2016,cze,"1,796.491"
2017,cze,"1,868.318"
2018,cze,"1,945.724"
2019,cze,"2,027.782"
2020,cze,"2,090.016"
1980,dnk,209.858
1981,dnk,246.168
1982,dnk,287.738
1983,dnk,317.771
1984,dnk,341.567
1985,dnk,364.463
1986,dnk,370.009
1987,dnk,397.093
1988,dnk,428.873
1989,dnk,453.597
1990,dnk,470.150
1991,dnk,493.162
1992,dnk,520.041
1993,dnk,550.531
1994,dnk,588.947
1995,dnk,606.612
1996,dnk,631.037
1997,dnk,640.772
1998,dnk,656.981
1999,dnk,677.042
2000,dnk,699.107
2001,dnk,724.679
2002,dnk,750.466
2003,dnk,770.664
2004,dnk,798.141
2005,dnk,812.682
2006,dnk,838.266
2007,dnk,862.318
2008,dnk,908.135
2009,dnk,973.636
2010,dnk,"1,026.310"
2011,dnk,"1,042.167"
2012,dnk,"1,097.843"
2013,dnk,"1,076.706"
2014,dnk,"1,045.815"
2015,dnk,"1,073.820"
2016,dnk,"1,104.430"
2017,dnk,"1,120.696"
2018,dnk,"1,159.994"
2019,dnk,"1,205.363"
2020,dnk,"1,254.915"
1990,dji,36.297
1991,dji,33.387
1992,dji,44.010
1993,dji,43.585
1994,dji,41.567
1995,dji,34.694
1996,dji,30.430
1997,dji,31.649
1998,dji,30.823
1999,dji,31.747
2000,dji,32.204
2001,dji,30.215
2002,dji,34.817
2003,dji,40.491
2004,dji,44.399
2005,dji,46.383
2006,dji,51.083
2007,dji,56.885
2008,dji,70.955
2009,dji,78.562
2010,dji,73.054
2011,dji,78.180
2012,dji,89.473
2013,dji,97.425
2014,dji,134.193
2015,dji,154.035
2016,dji,157.718
2017,dji,133.561
2018,dji,134.246
2019,dji,140.676
2020,dji,147.965
1990,dma,0.179
1991,dma,0.177
1992,dma,0.177
1993,dma,0.173
1994,dma,0.198
1995,dma,0.220
1996,dma,0.229
1997,dma,0.238
1998,dma,0.292
1999,dma,0.316
2000,dma,0.350
2001,dma,0.269
2002,dma,0.261
2003,dma,0.289
2004,dma,0.299
2005,dma,0.315
2006,dma,0.325
2007,dma,0.404
2008,dma,0.444
2009,dma,0.476
2010,dma,0.530
2011,dma,0.469
2012,dma,0.481
2013,dma,0.456
2014,dma,0.474
2015,dma,0.484
2016,dma,0.504
2017,dma,0.523
2018,dma,0.544
2019,dma,0.567
2020,dma,0.590
1997,dom,38.097
1998,dom,41.407
1999,dom,48.460
2000,dom,57.179
2001,dom,67.232
2002,dom,75.648
2003,dom,119.521
2004,dom,159.845
2005,dom,164.072
2006,dom,203.835
2007,dom,237.327
2008,dom,303.843
2009,dom,282.076
2010,dom,313.323
2011,dom,352.462
2012,dom,480.010
2013,dom,463.458
2014,dom,504.039
2015,dom,512.221
2016,dom,544.320
2017,dom,590.075
2018,dom,639.831
2019,dom,696.938
2020,dom,775.458
1993,ecu,0.000
1994,ecu,0.000
1995,ecu,4.789
1996,ecu,5.190
1997,ecu,5.634
1998,ecu,5.618
1999,ecu,4.524
2000,ecu,4.221
2001,ecu,4.910
2002,ecu,6.114
2003,ecu,6.587
2004,ecu,7.470
2005,ecu,8.880
2006,ecu,9.928
2007,ecu,12.554
2008,ecu,21.762
2009,ecu,20.610
2010,ecu,24.123
2011,ecu,31.195
2012,ecu,35.394
2013,ecu,41.607
2014,ecu,44.311
2015,ecu,40.391
2016,ecu,42.753
2017,ecu,45.353
2018,ecu,46.192
2019,ecu,47.204
2020,ecu,49.555
2002,egy,139.233
2003,egy,147.025
2004,egy,164.339
2005,egy,179.025
2006,egy,233.281
2007,egy,262.665
2008,egy,322.510
2009,egy,360.417
2010,egy,403.316
2011,egy,436.148
2012,egy,514.554
2013,egy,650.489
2014,egy,770.551
2015,egy,809.136
2016,egy,865.060
2017,egy,964.489
2018,egy,"1,086.210"
2019,egy,"1,206.274"
2020,egy,"1,334.454"
1992,slv,1.189
1993,slv,1.249
1994,slv,1.417
1995,slv,1.650
1996,slv,1.996
1997,slv,1.733
1998,slv,2.002
1999,slv,2.125
2000,slv,2.405
2001,slv,2.543
2002,slv,2.583
2003,slv,2.875
2004,slv,2.892
2005,slv,3.187
2006,slv,3.589
2007,slv,3.625
2008,slv,4.123
2009,slv,4.422
2010,slv,4.620
2011,slv,4.982
2012,slv,5.196
2013,slv,5.366
2014,slv,5.409
2015,slv,5.875
2016,slv,6.252
2017,slv,6.568
2018,slv,6.916
2019,slv,7.287
2020,slv,7.687
1980,gnq,3.724
1981,gnq,3.754
1982,gnq,5.760
1983,gnq,6.799
1984,gnq,6.838
1985,gnq,8.610
1986,gnq,8.420
1987,gnq,8.136
1988,gnq,19.087
1989,gnq,19.490
1990,gnq,20.418
1991,gnq,20.075
1992,gnq,19.420
1993,gnq,21.097
1994,gnq,18.934
1995,gnq,18.024
1996,gnq,27.826
1997,gnq,45.028
1998,gnq,77.190
1999,gnq,84.907
2000,gnq,186.337
2001,gnq,165.219
2002,gnq,161.699
2003,gnq,254.804
2004,gnq,484.924
2005,gnq,609.587
2006,gnq,954.248
2007,gnq,"1,233.481"
2008,gnq,"1,759.331"
2009,gnq,"2,827.522"
2010,gnq,"2,516.853"
2011,gnq,"2,767.018"
2012,gnq,"4,023.498"
2013,gnq,"3,276.879"
2014,gnq,"2,982.019"
2015,gnq,"2,786.251"
2016,gnq,"2,002.768"
2017,gnq,"1,693.044"
2018,gnq,"1,467.896"
2019,gnq,"1,116.616"
2020,gnq,"1,100.383"
1992,eri,0.553
1993,eri,1.315
1994,eri,1.345
1995,eri,2.478
1996,eri,2.528
1997,eri,2.489
1998,eri,4.057
1999,eri,5.311
2000,eri,5.042
2001,eri,5.875
2002,eri,6.368
2003,eri,8.093
2004,eri,8.386
2005,eri,9.704
2006,eri,7.664
2007,eri,8.093
2008,eri,8.941
2009,eri,8.745
2010,eri,11.270
2011,eri,13.474
2012,eri,14.583
2013,eri,15.759
2014,eri,17.200
2015,eri,18.822
2016,eri,21.032
2017,eri,23.631
2018,eri,26.270
2019,eri,29.661
2020,eri,31.045
1995,est,1.121
1996,est,1.410
1997,est,1.623
1998,est,1.967
1999,est,2.179
2000,est,2.225
2001,est,2.426
2002,est,2.781
2003,est,3.036
2004,est,3.291
2005,est,3.757
2006,est,4.500
2007,est,5.460
2008,est,6.440
2009,est,6.258
2010,est,5.945
2011,est,6.235
2012,est,7.010
2013,est,7.287
2014,est,7.430
2015,est,7.992
2016,est,8.416
2017,est,8.901
2018,est,9.433
2019,est,10.012
2020,est,10.614
1980,eth,2.004
1981,eth,2.160
1982,eth,2.630
1983,eth,3.786
1984,eth,3.169
1985,eth,3.883
1986,eth,4.065
1987,eth,4.024
1988,eth,4.893
1989,eth,5.732
1990,eth,5.281
1991,eth,4.849
1992,eth,4.205
1993,eth,5.219
1994,eth,7.094
1995,eth,8.372
1996,eth,10.194
1997,eth,10.017
1998,eth,11.328
1999,eth,15.454
2000,eth,17.184
2001,eth,15.382
2002,eth,16.679
2003,eth,19.840
2004,eth,20.236
2005,eth,24.572
2006,eth,29.276
2007,eth,35.563
2008,eth,46.915
2009,eth,57.774
2010,eth,71.335
2011,eth,93.831
2012,eth,124.417
2013,eth,153.929
2014,eth,185.472
2015,eth,235.925
2016,eth,273.417
2017,eth,316.542
2018,eth,369.726
2019,eth,432.790
2020,eth,505.307
1992,fji,0.661
1993,fji,0.738
1994,fji,0.736
1995,fji,0.730
1996,fji,0.890
1997,fji,1.003
1998,fji,1.015
1999,fji,1.022
2000,fji,1.025
2001,fji,1.146
2002,fji,1.261
2003,fji,1.324
2004,fji,1.322
2005,fji,1.388
2006,fji,1.558
2007,fji,1.497
2008,fji,1.427
2009,fji,1.645
2010,fji,1.669
2011,fji,1.897
2012,fji,2.005
2013,fji,2.131
2014,fji,2.429
2015,fji,2.699
2016,fji,2.702
2017,fji,2.876
2018,fji,3.058
2019,fji,3.251
2020,fji,3.456
1980,fin,14.841
1981,fin,17.044
1982,fin,19.975
1983,fin,23.137
1984,fin,25.536
1985,fin,28.921
1986,fin,31.535
1987,fin,34.692
1988,fin,38.199
1989,fin,40.396
1990,fin,43.022
1991,fin,48.682
1992,fin,51.792
1993,fin,54.744
1994,fin,56.641
1995,fin,59.369
1996,fin,59.609
1997,fin,60.753
1998,fin,61.729
1999,fin,63.349
2000,fin,64.004
2001,fin,66.854
2002,fin,70.444
2003,fin,73.255
2004,fin,76.498
2005,fin,81.002
2006,fin,83.443
2007,fin,87.317
2008,fin,93.489
2009,fin,99.169
2010,fin,102.355
2011,fin,107.029
2012,fin,112.113
2013,fin,116.332
2014,fin,118.868
2015,fin,120.617
2016,fin,123.514
2017,fin,126.537
2018,fin,130.452
2019,fin,135.261
2020,fin,140.343
1980,fra,208.946
1981,fra,248.791
1982,fra,293.349
1983,fra,328.801
1984,fra,363.885
1985,fra,394.652
1986,fra,420.858
1987,fra,437.197
1988,fra,466.294
1989,fra,490.809
1990,fra,525.243
1991,fra,556.634
1992,fra,591.416
1993,fra,627.189
1994,fra,640.746
1995,fra,663.738
1996,fra,683.147
1997,fra,700.774
1998,fra,711.237
1999,fra,733.042
2000,fra,759.412
2001,fra,791.080
2002,fra,833.772
2003,fra,864.309
2004,fra,898.557
2005,fra,936.989
2006,fra,972.837
2007,fra,"1,016.166"
2008,fra,"1,057.610"
2009,fra,"1,100.609"
2010,fra,"1,128.022"
2011,fra,"1,151.537"
2012,fra,"1,185.376"
2013,fra,"1,207.492"
2014,fra,"1,231.571"
2015,fra,"1,245.430"
2016,fra,"1,261.202"
2017,fra,"1,277.689"
2018,fra,"1,296.146"
2019,fra,"1,318.014"
2020,fra,"1,343.295"
1990,gab,389.896
1991,gab,407.140
1992,gab,418.319
1993,gab,438.187
1994,gab,592.424
1995,gab,660.906
1996,gab,689.479
1997,gab,983.229
1998,gab,"1,281.504"
1999,gab,779.527
2000,gab,779.878
2001,gab,"1,023.987"
2002,gab,952.054
2003,gab,802.440
2004,gab,855.320
2005,gab,"1,036.152"
2006,gab,"1,122.143"
2007,gab,"1,155.853"
2008,gab,"1,314.592"
2009,gab,"1,296.716"
2010,gab,"1,642.091"
2011,gab,"2,275.218"
2012,gab,"2,497.824"
2013,gab,"2,468.031"
2014,gab,"2,118.482"
2015,gab,"2,043.262"
2016,gab,"2,210.848"
2017,gab,"2,320.805"
2018,gab,"2,445.538"
2019,gab,"2,596.657"
2020,gab,"2,809.987"
2000,gmb,1.231
2001,gmb,1.522
2002,gmb,1.887
2003,gmb,2.315
2004,gmb,3.769
2005,gmb,3.870
2006,gmb,4.148
2007,gmb,3.563
2008,gmb,4.162
2009,gmb,5.546
2010,gmb,6.403
2011,gmb,6.871
2012,gmb,8.675
2013,gmb,8.753
2014,gmb,10.797
2015,gmb,11.719
2016,gmb,11.627
2017,gmb,13.193
2018,gmb,14.144
2019,gmb,15.704
2020,gmb,17.286
2000,geo,1.051
2001,geo,1.154
2002,geo,1.225
2003,geo,1.416
2004,geo,1.904
2005,geo,2.582
2006,geo,3.212
2007,geo,4.831
2008,geo,6.231
2009,geo,6.441
2010,geo,6.858
2011,geo,7.081
2012,geo,7.737
2013,geo,7.705
2014,geo,8.656
2015,geo,9.478
2016,geo,10.282
2017,geo,11.117
2018,geo,12.102
2019,geo,13.166
2020,geo,14.415
1991,deu,707.050
1992,deu,775.338
1993,deu,814.708
1994,deu,849.767
1995,deu,"1,014.050"
1996,deu,919.840
1997,deu,922.340
1998,deu,940.700
1999,deu,964.540
2000,deu,923.360
2001,deu,"1,000.780"
2002,deu,"1,022.330"
2003,deu,"1,040.720"
2004,deu,"1,033.600"
2005,deu,"1,043.450"
2006,deu,"1,049.290"
2007,deu,"1,056.760"
2008,deu,"1,090.460"
2009,deu,"1,146.270"
2010,deu,"1,194.130"
2011,deu,"1,178.650"
2012,deu,"1,215.231"
2013,deu,"1,245.262"
2014,deu,"1,275.796"
2015,deu,"1,332.096"
2016,deu,"1,363.880"
2017,deu,"1,401.286"
2018,deu,"1,429.835"
2019,deu,"1,467.936"
2020,deu,"1,506.494"
1980,gha,0.001
1981,gha,0.001
1982,gha,0.001
1983,gha,0.002
1984,gha,0.003
1985,gha,0.005
1986,gha,0.010
1987,gha,0.014
1988,gha,0.020
1989,gha,0.027
1990,gha,0.034
1991,gha,0.046
1992,gha,0.071
1993,gha,0.114
1994,gha,0.163
1995,gha,0.244
1996,gha,0.338
1997,gha,0.417
1998,gha,0.505
1999,gha,0.568
2000,gha,0.806
2001,gha,1.229
2002,gha,1.286
2003,gha,1.975
2004,gha,2.690
2005,gha,3.081
2006,gha,4.072
2007,gha,5.299
2008,gha,7.361
2009,gha,8.582
2010,gha,12.008
2011,gha,15.826
2012,gha,23.110
2013,gha,25.955
2014,gha,31.937
2015,gha,34.046
2016,gha,37.390
2017,gha,41.295
2018,gha,49.707
2019,gha,54.955
2020,gha,59.743
1980,grc,1.850
1981,grc,2.537
1982,grc,3.261
1983,grc,4.100
1984,grc,5.387
1985,grc,7.043
1986,grc,8.301
1987,grc,9.424
1988,grc,11.396
1989,grc,13.931
1990,grc,18.609
1991,grc,21.007
1992,grc,25.466
1993,grc,30.010
1994,grc,32.534
1995,grc,46.073
1996,grc,48.369
1997,grc,53.810
1998,grc,54.071
1999,grc,58.680
2000,grc,64.474
2001,grc,66.458
2002,grc,70.691
2003,grc,77.145
2004,grc,84.343
2005,grc,86.104
2006,grc,97.639
2007,grc,109.004
2008,grc,122.324
2009,grc,128.150
2010,grc,117.774
2011,grc,111.633
2012,grc,98.808
2013,grc,87.171
2014,grc,82.915
2015,grc,80.894
2016,grc,81.800
2017,grc,84.421
2018,grc,86.750
2019,grc,89.590
2020,grc,90.820
1990,grd,0.218
1991,grd,0.218
1992,grd,0.183
1993,grd,0.193
1994,grd,0.217
1995,grd,0.215
1996,grd,0.260
1997,grd,0.281
1998,grd,0.305
1999,grd,0.323
2000,grd,0.366
2001,grd,0.421
2002,grd,0.530
2003,grd,0.471
2004,grd,0.407
2005,grd,0.509
2006,grd,0.618
2007,grd,0.576
2008,grd,0.632
2009,grd,0.583
2010,grd,0.588
2011,grd,0.605
2012,grd,0.576
2013,grd,0.640
2014,grd,0.731
2015,grd,0.668
2016,grd,0.642
2017,grd,0.689
2018,grd,0.725
2019,grd,0.763
2020,grd,0.796
2000,gtm,19.110
2001,gtm,21.327
2002,gtm,22.541
2003,gtm,26.333
2004,gtm,25.542
2005,gtm,28.500
2006,gtm,33.721
2007,gtm,37.382
2008,gtm,40.355
2009,gtm,43.709
2010,gtm,48.385
2011,gtm,53.511
2012,gtm,55.320
2013,gtm,58.269
2014,gtm,60.819
2015,gtm,67.028
2016,gtm,71.790
2017,gtm,77.748
2018,gtm,84.379
2019,gtm,91.396
2020,gtm,99.453
1990,gin,458.469
1991,gin,515.206
1992,gin,571.547
1993,gin,579.613
1994,gin,580.529
1995,gin,646.925
1996,gin,639.357
1997,gin,726.381
1998,gin,655.567
1999,gin,773.614
2000,gin,893.000
2001,gin,"1,113.830"
2002,gin,"1,157.351"
2003,gin,"1,395.299"
2004,gin,"1,464.150"
2005,gin,"1,807.880"
2006,gin,"2,871.410"
2007,gin,"2,287.200"
2008,gin,"3,231.882"
2009,gin,"5,240.250"
2010,gin,"8,049.100"
2011,gin,"7,246.900"
2012,gin,"10,342.150"
2013,gin,"10,785.420"
2014,gin,"13,971.458"
2015,gin,"16,807.875"
2016,gin,"15,849.717"
2017,gin,"18,035.619"
2018,gin,"20,182.814"
2019,gin,"22,847.850"
2020,gin,"25,867.411"
2000,gnb,65.355
2001,gnb,57.642
2002,gnb,41.625
2003,gnb,51.759
2004,gnb,68.085
2005,gnb,63.717
2006,gnb,63.337
2007,gnb,76.760
2008,gnb,86.497
2009,gnb,81.391
2010,gnb,78.552
2011,gnb,91.153
2012,gnb,66.998
2013,gnb,65.466
2014,gnb,124.329
2015,gnb,137.851
2016,gnb,149.662
2017,gnb,160.941
2018,gnb,171.544
2019,gnb,184.039
2020,gnb,197.330
1997,guy,47.180
1998,guy,44.402
1999,guy,46.664
2000,guy,62.471
2001,guy,67.665
2002,guy,68.532
2003,guy,72.539
2004,guy,77.728
2005,guy,97.083
2006,guy,110.215
2007,guy,114.641
2008,guy,120.815
2009,guy,134.188
2010,guy,140.686
2011,guy,159.650
2012,guy,181.379
2013,guy,183.257
2014,guy,216.192
2015,guy,227.293
2016,guy,227.241
2017,guy,244.554
2018,guy,240.898
2019,guy,246.062
2020,guy,248.756
1997,hti,5.021
1998,hti,5.758
1999,hti,6.648
2000,hti,7.825
2001,hti,8.728
2002,hti,10.736
2003,hti,15.084
2004,hti,15.757
2005,hti,26.597
2006,hti,29.897
2007,hti,34.258
2008,hti,44.952
2009,hti,60.034
2010,hti,60.914
2011,hti,77.352
2012,hti,92.425
2013,hti,102.132
2014,hti,100.973
2015,hti,102.710
2016,hti,110.216
2017,hti,121.797
2018,hti,131.725
2019,hti,144.598
2020,hti,156.642
1990,hnd,3.540
1991,hnd,4.938
1992,hnd,5.929
1993,hnd,8.109
1994,hnd,8.002
1995,hnd,9.406
1996,hnd,12.282
1997,hnd,15.591
1998,hnd,17.838
1999,hnd,22.875
2000,hnd,25.116
2001,hnd,31.629
2002,hnd,36.900
2003,hnd,40.241
2004,hnd,43.962
2005,hnd,46.228
2006,hnd,53.623
2007,hnd,60.851
2008,hnd,73.849
2009,hnd,79.645
2010,hnd,80.734
2011,hnd,86.747
2012,hnd,96.421
2013,hnd,115.033
2014,hnd,117.473
2015,hnd,123.725
2016,hnd,132.218
2017,hnd,142.210
2018,hnd,153.370
2019,hnd,166.023
2020,hnd,179.569
1984,hkg,36.087
1985,hkg,40.845
1986,hkg,42.704
1987,hkg,48.375
1988,hkg,56.592
1989,hkg,71.367
1990,hkg,85.556
1991,hkg,92.191
1992,hkg,113.332
1993,hkg,147.400
1994,hkg,164.200
1995,hkg,183.200
1996,hkg,182.700
1997,hkg,194.360
1998,hkg,239.356
1999,hkg,223.043
2000,hkg,232.894
2001,hkg,238.890
2002,hkg,239.177
2003,hkg,247.466
2004,hkg,242.235
2005,hkg,233.071
2006,hkg,229.413
2007,hkg,234.814
2008,hkg,315.112
2009,hkg,292.525
2010,hkg,301.360
2011,hkg,364.037
2012,hkg,377.325
2013,hkg,433.543
2014,hkg,397.309
2015,hkg,441.304
2016,hkg,485.357
2017,hkg,508.346
2018,hkg,527.601
2019,hkg,525.446
2020,hkg,562.735
1995,hun,"2,733.149"
1996,hun,"3,275.223"
1997,hun,"4,244.988"
1998,hun,"4,868.400"
1999,hun,"5,350.400"
2000,hun,"6,426.871"
2001,hun,"7,200.315"
2002,hun,"8,794.749"
2003,hun,"9,299.903"
2004,hun,"10,139.443"
2005,hun,"11,018.442"
2006,hun,"12,350.171"
2007,hun,"12,655.972"
2008,hun,"13,070.489"
2009,hun,"13,184.146"
2010,hun,"13,405.571"
2011,hun,"13,927.743"
2012,hun,"13,911.311"
2013,hun,"14,838.082"
2014,hun,"15,808.100"
2015,hun,"16,434.490"
2016,hun,"16,404.107"
2017,hun,"17,388.599"
2018,hun,"18,461.487"
2019,hun,"19,591.592"
2020,hun,"20,894.562"
1980,isl,5.544
1981,isl,8.966
1982,isl,14.346
1983,isl,26.019
1984,isl,31.540
1985,isl,45.875
1986,isl,64.642
1987,isl,77.911
1988,isl,108.691
1989,isl,138.599
1990,isl,160.264
1991,isl,174.405
1992,isl,181.377
1993,isl,188.442
1994,isl,199.626
1995,isl,203.004
1996,isl,215.431
1997,isl,224.439
1998,isl,244.850
1999,isl,268.263
2000,isl,289.731
2001,isl,331.651
2002,isl,364.489
2003,isl,387.439
2004,isl,413.039
2005,isl,437.361
2006,isl,492.003
2007,isl,559.394
2008,isl,858.137
2009,isl,770.944
2010,isl,798.968
2011,isl,777.410
2012,isl,806.287
2013,isl,827.904
2014,isl,902.811
2015,isl,928.612
2016,isl,957.550
2017,isl,979.001
2018,isl,"1,025.242"
2019,isl,"1,074.989"
2020,isl,"1,121.415"
1988,ind,756.195
1989,ind,896.350
1990,ind,"1,052.570"
1991,ind,"1,278.167"
1992,ind,"1,874.002"
1993,ind,"2,172.350"
1994,ind,"2,583.139"
1995,ind,"2,899.764"
1996,ind,"3,251.122"
1997,ind,"3,735.786"
1998,ind,"4,435.301"
1999,ind,"4,914.595"
2000,ind,"5,369.847"
2001,ind,"6,304.652"
2002,ind,"6,970.042"
2003,ind,"8,104.151"
2004,ind,"8,810.521"
2005,ind,"9,689.443"
2006,ind,"11,382.975"
2007,ind,"13,150.339"
2008,ind,"16,703.982"
2009,ind,"18,312.313"
2010,ind,"21,190.950"
2011,ind,"24,026.554"
2012,ind,"27,171.528"
2013,ind,"30,638.736"
2014,ind,"33,564.354"
2015,ind,"37,616.070"
2016,ind,"42,756.661"
2017,ind,"48,030.156"
2018,ind,"54,100.304"
2019,ind,"60,865.757"
2020,ind,"68,755.636"
1993,idn,"56,155.900"
1994,idn,"62,455.700"
1995,idn,"65,390.000"
1996,idn,"74,051.600"
1997,idn,"115,655.100"
1998,idn,"174,129.300"
1999,idn,"201,176.700"
2000,idn,"231,311.551"
2001,idn,"349,318.990"
2002,idn,"335,485.778"
2003,idn,"398,067.721"
2004,idn,"445,297.685"
2005,idn,"526,114.278"
2006,idn,"671,708.925"
2007,idn,"804,822.771"
2008,idn,"1,050,154.508"
2009,idn,"1,023,520.332"
2010,idn,"1,159,098.284"
2011,idn,"1,382,960.413"
2012,idn,"1,622,837.246"
2013,idn,"1,822,525.027"
2014,idn,"1,978,869.260"
2015,idn,"2,062,872.755"
2016,idn,"2,348,823.412"
2017,idn,"2,606,000.330"
2018,idn,"2,901,898.975"
2019,idn,"3,238,730.753"
2020,idn,"3,607,365.760"
1990,irn,"7,750.800"
1991,irn,"9,490.000"
1992,irn,"13,074.000"
1993,irn,"35,734.000"
1994,irn,"39,208.000"
1995,irn,"51,467.000"
1996,irn,"58,398.000"
1997,irn,"68,591.000"
1998,irn,"74,187.000"
1999,irn,"92,782.400"
2000,irn,"104,703.700"
2001,irn,"125,741.679"
2002,irn,"206,265.070"
2003,irn,"251,732.394"
2004,irn,"297,493.480"
2005,irn,"450,083.998"
2006,irn,"564,866.156"
2007,irn,"617,566.698"
2008,irn,"828,825.507"
2009,irn,"810,201.928"
2010,irn,"917,548.274"
2011,irn,"1,189,794.916"
2012,irn,"1,039,256.000"
2013,irn,"1,415,137.600"
2014,irn,"1,670,958.290"
2015,irn,"1,939,773.238"
2016,irn,"2,257,671.374"
2017,irn,"2,634,560.906"
2018,irn,"3,075,227.351"
2019,irn,"3,570,848.116"
2020,irn,"4,086,366.355"
2004,irq,"48,683.837"
2005,irq,"46,477.127"
2006,irq,"48,108.374"
2007,irq,"51,406.137"
2008,irq,"89,904.108"
2009,irq,"76,920.414"
2010,irq,"80,344.082"
2011,irq,"94,252.996"
2012,irq,"109,041.145"
2013,irq,"131,242.204"
2014,irq,"112,036.601"
2015,irq,"103,218.262"
2016,irq,"117,827.371"
2017,irq,"119,090.252"
2018,irq,"128,982.898"
2019,irq,"141,563.767"
2020,irq,"155,739.234"
1980,irl,6.191
1981,irl,7.759
1982,irl,9.741
1983,irl,10.789
1984,irl,11.684
1985,irl,14.313
1986,irl,14.800
1987,irl,14.668
1988,irl,14.837
1989,irl,14.564
1990,irl,16.096
1991,irl,17.323
1992,irl,18.743
1993,irl,19.226
1994,irl,20.499
1995,irl,21.628
1996,irl,23.319
1997,irl,26.697
1998,irl,27.852
1999,irl,31.486
2000,irl,33.486
2001,irl,39.631
2002,irl,44.903
2003,irl,48.000
2004,irl,51.699
2005,irl,56.672
2006,irl,62.614
2007,irl,70.777
2008,irl,78.534
2009,irl,80.010
2010,irl,108.953
2011,irl,78.907
2012,irl,72.984
2013,irl,70.804
2014,irl,71.415
2015,irl,70.179
2016,irl,70.210
2017,irl,70.001
2018,irl,69.910
2019,irl,71.830
2020,irl,74.027
2000,isr,259.482
2001,isr,275.568
2002,isr,294.230
2003,isr,289.505
2004,isr,286.367
2005,isr,294.578
2006,isr,306.013
2007,isr,313.948
2008,isr,328.958
2009,isr,346.973
2010,isr,365.245
2011,isr,386.055
2012,isr,412.995
2013,isr,432.442
2014,isr,445.072
2015,isr,466.224
2016,isr,489.838
2017,isr,513.008
2018,isr,536.864
2019,isr,561.892
2020,isr,588.108
1988,ita,242.896
1989,ita,273.102
1990,ita,309.525
1991,ita,363.284
1992,ita,392.420
1993,ita,411.218
1994,ita,414.557
1995,ita,463.826
1996,ita,532.413
1997,ita,542.783
1998,ita,546.498
1999,ita,555.102
2000,ita,563.841
2001,ita,617.210
2002,ita,629.649
2003,ita,657.039
2004,ita,678.387
2005,ita,702.315
2006,ita,737.532
2007,ita,753.127
2008,ita,780.664
2009,ita,804.661
2010,ita,800.494
2011,ita,804.933
2012,ita,820.320
2013,ita,817.509
2014,ita,835.274
2015,ita,828.865
2016,ita,831.446
2017,ita,843.700
2018,ita,855.826
2019,ita,867.515
2020,ita,883.036
1990,jam,8.842
1991,jam,13.018
1992,jam,20.386
1993,jam,29.997
1994,jam,39.802
1995,jam,54.718
1996,jam,78.052
1997,jam,86.389
1998,jam,93.267
1999,jam,102.948
2000,jam,104.193
2001,jam,123.792
2002,jam,149.905
2003,jam,181.575
2004,jam,201.443
2005,jam,210.400
2006,jam,250.752
2007,jam,286.789
2008,jam,352.230
2009,jam,421.458
2010,jam,388.768
2011,jam,403.192
2012,jam,399.279
2013,jam,395.242
2014,jam,424.887
2015,jam,462.034
2016,jam,479.509
2017,jam,517.308
2018,jam,545.120
2019,jam,585.705
2020,jam,615.841
1980,jpn,"78,325.263"
1981,jpn,"86,053.278"
1982,jpn,"90,748.917"
1983,jpn,"95,115.487"
1984,jpn,"98,615.201"
1985,jpn,"102,398.131"
1986,jpn,"107,167.964"
1987,jpn,"112,359.586"
1988,jpn,"117,547.564"
1989,jpn,"123,253.590"
1990,jpn,"134,694.288"
1991,jpn,"141,849.899"
1992,jpn,"149,648.770"
1993,jpn,"159,193.296"
1994,jpn,"163,728.500"
1995,jpn,"170,730.200"
1996,jpn,"177,003.900"
1997,jpn,"175,627.800"
1998,jpn,"175,374.000"
1999,jpn,"183,998.800"
2000,jpn,"188,906.000"
2001,jpn,"183,849.000"
2002,jpn,"182,797.900"
2003,jpn,"180,640.300"
2004,jpn,"170,517.500"
2005,jpn,"171,889.900"
2006,jpn,"174,749.200"
2007,jpn,"170,881.700"
2008,jpn,"179,081.500"
2009,jpn,"188,371.600"
2010,jpn,"187,708.500"
2011,jpn,"191,390.200"
2012,jpn,"189,410.900"
2013,jpn,"194,470.200"
2014,jpn,"196,396.961"
2015,jpn,"198,061.696"
2016,jpn,"195,518.014"
2017,jpn,"197,323.136"
2018,jpn,"200,973.459"
2019,jpn,"205,584.076"
2020,jpn,"212,490.754"
1985,jor,0.840
1986,jor,0.763
1987,jor,0.968
1988,jor,1.046
1989,jor,1.038
1990,jor,1.222
1991,jor,1.336
1992,jor,1.303
1993,jor,1.436
1994,jor,1.524
1995,jor,1.703
1996,jor,1.813
1997,jor,1.776
1998,jor,2.017
1999,jor,1.948
2000,jor,2.028
2001,jor,2.116
2002,jor,2.285
2003,jor,2.658
2004,jor,3.052
2005,jor,3.467
2006,jor,3.882
2007,jor,4.485
2008,jor,5.356
2009,jor,5.914
2010,jor,5.709
2011,jor,6.802
2012,jor,6.929
2013,jor,8.489
2014,jor,9.629
2015,jor,7.763
2016,jor,8.589
2017,jor,9.243
2018,jor,9.859
2019,jor,10.549
2020,jor,11.405
2002,kaz,775.163
2003,kaz,984.892
2004,kaz,"1,289.822"
2005,kaz,"1,679.883"
2006,kaz,"2,022.200"
2007,kaz,"3,045.952"
2008,kaz,"4,345.252"
2009,kaz,"3,991.720"
2010,kaz,"4,902.693"
2011,kaz,"5,997.106"
2012,kaz,"6,796.054"
2013,kaz,"7,130.917"
2014,kaz,"8,686.454"
2015,kaz,"9,083.547"
2016,kaz,"10,074.431"
2017,kaz,"10,766.888"
2018,kaz,"11,938.188"
2019,kaz,"12,762.726"
2020,kaz,"13,832.139"
1982,ken,22.184
1983,ken,22.602
1984,ken,25.821
1985,ken,30.703
1986,ken,35.331
1987,ken,39.740
1988,ken,45.772
1989,ken,53.907
1990,ken,65.585
1991,ken,71.266
1992,ken,87.909
1993,ken,118.369
1994,ken,136.045
1995,ken,145.882
1996,ken,161.600
1997,ken,184.680
1998,ken,196.652
1999,ken,187.803
2000,ken,203.954
2001,ken,227.891
2002,ken,245.698
2003,ken,269.174
2004,ken,288.458
2005,ken,342.308
2006,ken,399.930
2007,ken,475.345
2008,ken,566.781
2009,ken,662.490
2010,ken,767.359
2011,ken,878.277
2012,ken,"1,030.232"
2013,ken,"1,205.073"
2014,ken,"1,457.030"
2015,ken,"1,753.119"
2016,ken,"1,951.482"
2017,ken,"2,145.102"
2018,ken,"2,422.992"
2019,ken,"2,703.936"
2020,ken,"2,981.776"
1990,kir,0.049
1991,kir,0.043
1992,kir,0.055
1993,kir,0.048
1994,kir,0.050
1995,kir,0.064
1996,kir,0.071
1997,kir,0.077
1998,kir,0.089
1999,kir,0.093
2000,kir,0.085
2001,kir,0.127
2002,kir,0.133
2003,kir,0.125
2004,kir,0.147
2005,kir,0.143
2006,kir,0.123
2007,kir,0.128
2008,kir,0.140
2009,kir,0.135
2010,kir,0.140
2011,kir,0.142
2012,kir,0.168
2013,kir,0.181
2014,kir,0.264
2015,kir,0.266
2016,kir,0.206
2017,kir,0.193
2018,kir,0.187
2019,kir,0.180
2020,kir,0.181
1995,kor,"61,095.000"
1996,kor,"71,299.000"
1997,kor,"77,765.000"
1998,kor,"89,276.571"
1999,kor,"98,984.558"
2000,kor,"108,258.653"
2001,kor,"124,132.679"
2002,kor,"129,187.041"
2003,kor,"155,120.506"
2004,kor,"174,436.552"
2005,kor,"180,663.100"
2006,kor,"195,700.800"
2007,kor,"213,396.122"
2008,kor,"229,789.559"
2009,kor,"245,273.347"
2010,kor,"246,379.731"
2011,kor,"264,870.529"
2012,kor,"283,219.000"
2013,kor,"298,734.000"
2014,kor,"317,071.519"
2015,kor,"331,756.307"
2016,kor,"343,983.986"
2017,kor,"359,541.314"
2018,kor,"376,661.087"
2019,kor,"393,868.696"
2020,kor,"411,979.417"
1999,uvk,0.044
2000,uvk,0.204
2001,uvk,0.239
2002,uvk,0.402
2003,uvk,0.543
2004,uvk,0.749
2005,uvk,0.720
2006,uvk,0.634
2007,uvk,0.655
2008,uvk,0.950
2009,uvk,1.177
2010,uvk,1.262
2011,uvk,1.389
2012,uvk,1.451
2013,uvk,1.480
2014,uvk,1.476
2015,uvk,1.690
2016,uvk,1.780
2017,uvk,1.877
2018,uvk,1.984
2019,uvk,2.102
2020,uvk,2.232
1990,kwt,4.918
1991,kwt,6.392
1992,kwt,5.292
1993,kwt,4.438
1994,kwt,4.319
1995,kwt,4.429
1996,kwt,4.198
1997,kwt,4.021
1998,kwt,4.112
1999,kwt,4.119
2000,kwt,4.230
2001,kwt,4.594
2002,kwt,4.852
2003,kwt,5.281
2004,kwt,5.991
2005,kwt,6.635
2006,kwt,9.405
2007,kwt,9.809
2008,kwt,16.009
2009,kwt,12.868
2010,kwt,14.806
2011,kwt,16.619
2012,kwt,18.469
2013,kwt,18.715
2014,kwt,22.042
2015,kwt,21.188
2016,kwt,21.670
2017,kwt,23.165
2018,kwt,24.634
2019,kwt,26.141
2020,kwt,27.712
2000,kgz,19.772
2001,kgz,20.777
2002,kgz,22.311
2003,kgz,23.977
2004,kgz,27.418
2005,kgz,29.873
2006,kgz,34.260
2007,kgz,45.151
2008,kgz,55.105
2009,kgz,69.164
2010,kgz,81.754
2011,kgz,106.866
2012,kgz,125.997
2013,kgz,135.541
2014,kgz,142.175
2015,kgz,173.555
2016,kgz,188.802
2017,kgz,207.944
2018,kgz,219.295
2019,kgz,234.171
2020,kgz,257.705
2000,lao,"2,822.400"
2001,lao,"3,427.631"
2002,lao,"3,082.811"
2003,lao,"4,167.828"
2004,lao,"3,721.043"
2005,lao,"5,124.350"
2006,lao,"5,937.910"
2007,lao,"7,192.402"
2008,lao,"7,768.047"
2009,lao,"10,056.417"
2010,lao,"13,833.215"
2011,lao,"14,972.583"
2012,lao,"17,315.753"
2013,lao,"23,700.881"
2014,lao,"25,738.599"
2015,lao,"27,913.666"
2016,lao,"31,325.869"
2017,lao,"35,645.325"
2018,lao,"41,877.559"
2019,lao,"48,799.084"
2020,lao,"55,080.523"
1998,lva,2.230
1999,lva,2.465
2000,lva,2.481
2001,lva,2.563
2002,lva,2.877
2003,lva,3.148
2004,lva,3.699
2005,lva,4.692
2006,lva,5.792
2007,lva,7.478
2008,lva,9.875
2009,lva,8.197
2010,lva,7.886
2011,lva,7.878
2012,lva,8.141
2013,lva,8.648
2014,lva,8.935
2015,lva,9.132
2016,lva,9.179
2017,lva,9.607
2018,lva,10.093
2019,lva,10.593
2020,lva,11.053
1995,lbn,"5,532.090"
1996,lbn,"8,779.858"
1997,lbn,"9,696.962"
1998,lbn,"8,970.182"
1999,lbn,"9,209.273"
2000,lbn,"10,991.882"
2001,lbn,"10,187.392"
2002,lbn,"10,444.805"
2003,lbn,"10,699.550"
2004,lbn,"10,621.575"
2005,lbn,"10,183.187"
2006,lbn,"11,995.810"
2007,lbn,"13,171.952"
2008,lbn,"15,067.536"
2009,lbn,"17,122.839"
2010,lbn,"16,894.318"
2011,lbn,"17,347.142"
2012,lbn,"20,058.556"
2013,lbn,"20,434.523"
2014,lbn,"21,358.514"
2015,lbn,"23,712.446"
2016,lbn,"25,079.425"
2017,lbn,"26,995.806"
2018,lbn,"29,108.883"
2019,lbn,"31,556.581"
2020,lbn,"33,773.944"
1982,lso,0.150
1983,lso,0.154
1984,lso,0.175
1985,lso,0.261
1986,lso,0.314
1987,lso,0.447
1988,lso,0.497
1989,lso,0.604
1990,lso,0.662
1991,lso,0.761
1992,lso,0.856
1993,lso,0.973
1994,lso,1.112
1995,lso,1.303
1996,lso,1.583
1997,lso,1.835
1998,lso,1.952
1999,lso,2.538
2000,lso,2.418
2001,lso,2.947
2002,lso,3.367
2003,lso,3.519
2004,lso,3.639
2005,lso,4.271
2006,lso,5.062
2007,lso,5.916
2008,lso,7.707
2009,lso,9.909
2010,lso,9.382
2011,lso,11.557
2012,lso,12.160
2013,lso,13.826
2014,lso,15.012
2015,lso,15.506
2016,lso,17.583
2017,lso,19.436
2018,lso,21.466
2019,lso,23.505
2020,lso,24.896
2000,lbr,0.084
2001,lbr,0.072
2002,lbr,0.079
2003,lbr,0.045
2004,lbr,0.069
2005,lbr,0.077
2006,lbr,0.079
2007,lbr,0.148
2008,lbr,0.231
2009,lbr,0.267
2010,lbr,0.316
2011,lbr,0.444
2012,lbr,0.524
2013,lbr,0.644
2014,lbr,0.629
2015,lbr,0.738
2016,lbr,0.723
2017,lbr,0.738
2018,lbr,0.808
2019,lbr,0.897
2020,lbr,0.956
1990,lby,2.684
1991,lby,2.698
1992,lby,2.675
1993,lby,3.083
1994,lby,3.109
1995,lby,3.230
1996,lby,4.096
1997,lby,4.937
1998,lby,4.749
1999,lby,4.642
2000,lby,5.415
2001,lby,7.877
2002,lby,10.973
2003,lby,14.475
2004,lby,18.245
2005,lby,17.994
2006,lby,22.493
2007,lby,28.727
2008,lby,43.534
2009,lby,45.947
2010,lby,50.552
2011,lby,23.366
2012,lby,45.978
2013,lby,58.133
2014,lby,44.178
2015,lby,44.816
2016,lby,48.517
2017,lby,58.918
2018,lby,64.183
2019,lby,69.299
2020,lby,75.060
1990,ltu,0.312
1991,ltu,0.311
1992,ltu,0.311
1993,ltu,1.190
1994,ltu,1.791
1995,ltu,2.568
1996,ltu,3.116
1997,ltu,3.822
1998,ltu,4.794
1999,ltu,5.017
2000,ltu,4.795
2001,ltu,4.973
2002,ltu,5.042
2003,ltu,5.345
2004,ltu,6.054
2005,ltu,7.020
2006,ltu,8.123
2007,ltu,10.004
2008,ltu,12.110
2009,ltu,11.757
2010,ltu,11.550
2011,ltu,12.981
2012,ltu,11.744
2013,ltu,12.136
2014,ltu,12.182
2015,ltu,12.835
2016,ltu,13.513
2017,ltu,14.324
2018,ltu,15.218
2019,ltu,16.180
2020,ltu,17.165
1995,lux,6.115
1996,lux,6.595
1997,lux,6.758
1998,lux,7.243
1999,lux,7.885
2000,lux,8.415
2001,lux,8.715
2002,lux,10.042
2003,lux,10.906
2004,lux,11.775
2005,lux,12.656
2006,lux,13.185
2007,lux,13.695
2008,lux,14.767
2009,lux,16.238
2010,lux,17.299
2011,lux,17.946
2012,lux,19.032
2013,lux,19.850
2014,lux,20.769
2015,lux,21.567
2016,lux,22.303
2017,lux,23.158
2018,lux,24.144
2019,lux,25.133
2020,lux,26.279
1997,mkd,64.408
1998,mkd,67.274
1999,mkd,72.962
2000,mkd,79.628
2001,mkd,94.299
2002,mkd,98.758
2003,mkd,96.729
2004,mkd,95.795
2005,mkd,100.217
2006,mkd,105.317
2007,mkd,117.269
2008,mkd,140.074
2009,mkd,139.156
2010,mkd,142.167
2011,mkd,147.870
2012,mkd,155.211
2013,mkd,158.964
2014,mkd,167.335
2015,mkd,180.314
2016,mkd,185.826
2017,mkd,192.289
2018,mkd,204.423
2019,mkd,218.128
2020,mkd,231.390
1980,mdg,50.615
1981,mdg,47.518
1982,mdg,48.389
1983,mdg,54.845
1984,mdg,63.587
1985,mdg,60.430
1986,mdg,65.874
1987,mdg,72.290
1988,mdg,103.840
1989,mdg,159.474
1990,mdg,158.685
1991,mdg,163.036
1992,mdg,226.846
1993,mdg,268.799
1994,mdg,365.090
1995,mdg,480.381
1996,mdg,583.456
1997,mdg,634.796
1998,mdg,820.837
1999,mdg,842.011
2000,mdg,961.580
2001,mdg,"1,097.132"
2002,mdg,909.862
2003,mdg,"1,307.076"
2004,mdg,"2,054.060"
2005,mdg,"2,153.980"
2006,mdg,"2,531.200"
2007,mdg,"2,569.674"
2008,mdg,"2,878.678"
2009,mdg,"2,353.155"
2010,mdg,"2,562.129"
2011,mdg,"2,816.857"
2012,mdg,"2,926.782"
2013,mdg,"3,482.625"
2014,mdg,"3,701.803"
2015,mdg,"4,793.031"
2016,mdg,"5,531.654"
2017,mdg,"6,390.536"
2018,mdg,"7,160.722"
2019,mdg,"7,951.666"
2020,mdg,"8,750.276"
2002,mwi,51.947
2003,mwi,67.363
2004,mwi,90.935
2005,mwi,105.932
2006,mwi,136.066
2007,mwi,181.035
2008,mwi,217.310
2009,mwi,247.143
2010,mwi,285.886
2011,mwi,296.678
2012,mwi,399.460
2013,mwi,595.805
2014,mwi,669.399
2015,mwi,814.292
2016,mwi,891.348
2017,mwi,"1,022.152"
2018,mwi,"1,142.171"
2019,mwi,"1,233.318"
2020,mwi,"1,377.773"
1990,mys,42.385
1991,mys,43.812
1992,mys,50.295
1993,mys,49.951
1994,mys,53.591
1995,mys,58.597
1996,mys,65.801
1997,mys,68.582
1998,mys,71.303
1999,mys,80.722
2000,mys,99.496
2001,mys,108.379
2002,mys,113.290
2003,mys,128.022
2004,mys,133.642
2005,mys,139.711
2006,mys,159.865
2007,mys,180.421
2008,mys,217.105
2009,mys,230.643
2010,mys,221.643
2011,mys,250.477
2012,mys,279.700
2013,mys,289.058
2014,mys,298.175
2015,mys,300.013
2016,mys,324.337
2017,mys,349.225
2018,mys,379.135
2019,mys,412.852
2020,mys,438.840
1990,mdv,0.735
1991,mdv,1.014
1992,mdv,1.167
1993,mdv,1.317
1994,mdv,1.356
1995,mdv,1.714
1996,mdv,1.689
1997,mdv,1.932
1998,mdv,2.112
1999,mdv,2.491
2000,mdv,2.736
2001,mdv,2.896
2002,mdv,3.131
2003,mdv,3.524
2004,mdv,3.758
2005,mdv,5.740
2006,mdv,7.017
2007,mdv,8.289
2008,mdv,10.300
2009,mdv,11.090
2010,mdv,10.947
2011,mdv,12.129
2012,mdv,13.152
2013,mdv,15.020
2014,mdv,18.866
2015,mdv,19.797
2016,mdv,21.092
2017,mdv,22.997
2018,mdv,25.194
2019,mdv,27.084
2020,mdv,29.154
2000,mli,407.862
2001,mli,465.943
2002,mli,540.579
2003,mli,568.990
2004,mli,625.835
2005,mli,712.656
2006,mli,796.302
2007,mli,838.950
2008,mli,828.240
2009,mli,"1,097.792"
2010,mli,"1,071.602"
2011,mli,"1,258.365"
2012,mli,986.591
2013,mli,"1,307.250"
2014,mli,"1,578.449"
2015,mli,"1,684.498"
2016,mli,"1,796.840"
2017,mli,"1,952.286"
2018,mli,"2,108.913"
2019,mli,"2,280.264"
2020,mli,"2,470.852"
2000,mlt,1.768
2001,mlt,1.895
2002,mlt,1.962
2003,mlt,2.165
2004,mlt,2.055
2005,mlt,2.172
2006,mlt,2.278
2007,mlt,2.369
2008,mlt,2.609
2009,mlt,2.570
2010,mlt,2.708
2011,mlt,2.820
2012,mlt,3.063
2013,mlt,3.196
2014,mlt,3.399
2015,mlt,3.689
2016,mlt,3.762
2017,mlt,3.912
2018,mlt,4.068
2019,mlt,4.226
2020,mlt,4.388
1995,mhl,0.100
1996,mhl,0.060
1997,mhl,0.060
1998,mhl,0.057
1999,mhl,0.055
2000,mhl,0.065
2001,mhl,0.072
2002,mhl,0.073
2003,mhl,0.069
2004,mhl,0.072
2005,mhl,0.118
2006,mhl,0.088
2007,mhl,0.101
2008,mhl,0.094
2009,mhl,0.095
2010,mhl,0.095
2011,mhl,0.096
2012,mhl,0.096
2013,mhl,0.102
2014,mhl,0.106
2015,mhl,0.120
2016,mhl,0.126
2017,mhl,0.128
2018,mhl,0.127
2019,mhl,0.129
2020,mhl,0.132
2004,mrt,149.569
2005,mrt,166.250
2006,mrt,199.986
2007,mrt,220.941
2008,mrt,245.739
2009,mrt,227.982
2010,mrt,269.005
2011,mrt,323.972
2012,mrt,429.956
2013,mrt,436.742
2014,mrt,479.104
2015,mrt,477.847
2016,mrt,489.726
2017,mrt,543.722
2018,mrt,585.974
2019,mrt,617.611
2020,mrt,682.852
2000,mus,28.800
2001,mus,31.851
2002,mus,35.739
2003,mus,40.258
2004,mus,43.175
2005,mus,46.631
2006,mus,50.054
2007,mus,55.681
2008,mus,65.388
2009,mus,74.366
2010,mus,75.049
2011,mus,79.570
2012,mus,80.115
2013,mus,91.109
2014,mus,93.028
2015,mus,101.137
2016,mus,107.773
2017,mus,114.882
2018,mus,123.031
2019,mus,130.798
2020,mus,139.180
1990,mex,206.968
1991,mex,229.524
1992,mex,253.790
1993,mex,282.398
1994,mex,324.101
1995,mex,490.989
1996,mex,713.951
1997,mex,911.513
1998,mex,"1,025.293"
1999,mex,"1,241.348"
2000,mex,"1,351.317"
2001,mex,"1,438.197"
2002,mex,"1,583.758"
2003,mex,"1,690.459"
2004,mex,"1,826.364"
2005,mex,"2,048.766"
2006,mex,"2,408.422"
2007,mex,"2,657.724"
2008,mex,"3,178.805"
2009,mex,"3,283.374"
2010,mex,"3,569.368"
2011,mex,"3,922.730"
2012,mex,"4,300.100"
2013,mex,"4,522.788"
2014,mex,"4,787.203"
2015,mex,"4,727.128"
2016,mex,"4,859.592"
2017,mex,"5,172.878"
2018,mex,"5,453.480"
2019,mex,"5,818.688"
2020,mex,"6,236.044"
1995,fsm,0.171
1996,fsm,0.158
1997,fsm,0.133
1998,fsm,0.159
1999,fsm,0.161
2000,fsm,0.157
2001,fsm,0.154
2002,fsm,0.143
2003,fsm,0.164
2004,fsm,0.170
2005,fsm,0.148
2006,fsm,0.152
2007,fsm,0.152
2008,fsm,0.155
2009,fsm,0.178
2010,fsm,0.199
2011,fsm,0.203
2012,fsm,0.213
2013,fsm,0.187
2014,fsm,0.177
2015,fsm,0.186
2016,fsm,0.180
2017,fsm,0.185
2018,fsm,0.191
2019,fsm,0.196
2020,fsm,0.202
1995,mda,2.795
1996,mda,3.239
1997,mda,4.128
1998,mda,3.597
1999,mda,4.140
2000,mda,5.529
2001,mda,5.604
2002,mda,6.856
2003,mda,9.202
2004,mda,11.092
2005,mda,13.937
2006,mda,17.974
2007,mda,22.738
2008,mda,26.147
2009,mda,27.347
2010,mda,29.326
2011,mda,32.101
2012,mda,35.374
2013,mda,38.673
2014,mda,44.403
2015,mda,51.450
2016,mda,56.167
2017,mda,60.358
2018,mda,63.906
2019,mda,68.329
2020,mda,74.558
1981,mng,4.146
1982,mng,4.622
1983,mng,4.992
1984,mng,5.245
1985,mng,5.561
1986,mng,6.005
1987,mng,6.360
1988,mng,6.691
1989,mng,7.008
1990,mng,6.711
1991,mng,10.797
1992,mng,16.966
1993,mng,82.972
1994,mng,114.823
1995,mng,173.265
1996,mng,211.231
1997,mng,287.648
1998,mng,342.146
1999,mng,364.556
2000,mng,422.650
2001,mng,489.730
2002,mng,550.481
2003,mng,615.753
2004,mng,752.475
2005,mng,764.597
2006,mng,"1,054.924"
2007,mng,"1,749.701"
2008,mng,"2,466.774"
2009,mng,"2,336.630"
2010,mng,"3,080.685"
2011,mng,"4,997.040"
2012,mng,"6,492.904"
2013,mng,"7,688.585"
2014,mng,"8,518.469"
2015,mng,"8,562.476"
2016,mng,"8,924.698"
2017,mng,"9,511.973"
2018,mng,"10,392.616"
2019,mng,"11,376.707"
2020,mng,"13,232.080"
2002,mne,0.503
2003,mne,0.643
2004,mne,0.665
2005,mne,0.693
2006,mne,0.898
2007,mne,1.149
2008,mne,1.593
2009,mne,1.426
2010,mne,1.424
2011,mne,1.415
2012,mne,1.444
2013,mne,1.490
2014,mne,1.525
2015,mne,1.702
2016,mne,1.866
2017,mne,1.913
2018,mne,1.830
2019,mne,1.836
2020,mne,1.904
1990,mar,60.806
1991,mar,63.270
1992,mar,69.404
1993,mar,73.620
1994,mar,77.088
1995,mar,76.731
1996,mar,71.608
1997,mar,75.067
1998,mar,81.471
1999,mar,81.421
2000,mar,101.676
2001,mar,114.404
2002,mar,130.041
2003,mar,130.010
2004,mar,140.072
2005,mar,171.276
2006,mar,169.742
2007,mar,185.214
2008,mar,219.231
2009,mar,227.663
2010,mar,243.780
2011,mar,277.171
2012,mar,298.591
2013,mar,295.711
2014,mar,304.214
2015,mar,305.195
2016,mar,323.523
2017,mar,347.441
2018,mar,369.164
2019,mar,394.069
2020,mar,423.138
1980,moz,0.023
1981,moz,0.030
1982,moz,0.037
1983,moz,0.047
1984,moz,0.045
1985,moz,0.041
1986,moz,0.052
1987,moz,0.159
1988,moz,0.301
1989,moz,0.472
1990,moz,0.690
1991,moz,0.958
1992,moz,1.483
1993,moz,2.307
1994,moz,4.098
1995,moz,5.182
1996,moz,6.773
1997,moz,9.309
1998,moz,9.851
1999,moz,12.533
2000,moz,15.527
2001,moz,24.294
2002,moz,26.231
2003,moz,29.134
2004,moz,31.845
2005,moz,34.734
2006,moz,48.649
2007,moz,58.447
2008,moz,66.853
2009,moz,86.701
2010,moz,103.522
2011,moz,122.808
2012,moz,133.121
2013,moz,164.185
2014,moz,211.912
2015,moz,209.971
2016,moz,234.224
2017,moz,261.481
2018,moz,290.737
2019,moz,324.054
2020,moz,390.567
1998,mmr,408.400
1999,mmr,487.625
2000,mmr,591.768
2001,mmr,666.970
2002,mmr,853.996
2003,mmr,"1,245.703"
2004,mmr,"1,480.696"
2005,mmr,"2,064.628"
2006,mmr,"3,187.294"
2007,mmr,"4,177.072"
2008,mmr,"4,451.548"
2009,mmr,"5,462.956"
2010,mmr,"6,721.967"
2011,mmr,"7,207.807"
2012,mmr,"11,954.915"
2013,mmr,"13,800.719"
2014,mmr,"18,166.669"
2015,mmr,"22,417.398"
2016,mmr,"27,263.448"
2017,mmr,"31,372.590"
2018,mmr,"36,042.874"
2019,mmr,"41,129.789"
2020,mmr,"46,794.869"
1990,nam,2.009
1991,nam,2.590
1992,nam,3.083
1993,nam,3.346
1994,nam,3.604
1995,nam,4.243
1996,nam,5.170
1997,nam,5.856
1998,nam,6.626
1999,nam,7.440
2000,nam,8.233
2001,nam,9.456
2002,nam,10.658
2003,nam,11.697
2004,nam,12.220
2005,nam,12.906
2006,nam,14.285
2007,nam,15.926
2008,nam,19.670
2009,nam,23.976
2010,nam,27.367
2011,nam,34.574
2012,nam,37.448
2013,nam,45.320
2014,nam,56.349
2015,nam,62.266
2016,nam,67.511
2017,nam,75.129
2018,nam,84.668
2019,nam,95.088
2020,nam,106.458
2000,npl,53.240
2001,npl,65.095
2002,npl,68.149
2003,npl,67.170
2004,npl,72.263
2005,npl,81.069
2006,npl,83.384
2007,npl,108.883
2008,npl,125.233
2009,npl,191.663
2010,npl,223.973
2011,npl,254.960
2012,npl,294.827
2013,npl,291.755
2014,npl,361.817
2015,npl,438.776
2016,npl,503.045
2017,npl,571.623
2018,npl,645.894
2019,npl,725.431
2020,npl,802.636
1995,nld,172.305
1996,nld,158.064
1997,nld,162.715
1998,nld,169.176
1999,nld,180.336
2000,nld,187.162
2001,nld,205.646
2002,nld,217.150
2003,nld,226.698
2004,nld,228.657
2005,nld,230.884
2006,nld,249.298
2007,nld,260.353
2008,nld,278.455
2009,nld,297.536
2010,nld,304.447
2011,nld,302.269
2012,nld,304.035
2013,nld,300.788
2014,nld,301.962
2015,nld,293.388
2016,nld,296.508
2017,nld,302.066
2018,nld,311.352
2019,nld,320.762
2020,nld,330.462
1985,nzl,18.792
1986,nzl,22.103
1987,nzl,25.898
1988,nzl,28.794
1989,nzl,31.737
1990,nzl,34.180
1991,nzl,35.888
1992,nzl,36.534
1993,nzl,34.902
1994,nzl,34.314
1995,nzl,35.516
1996,nzl,36.069
1997,nzl,36.777
1998,nzl,38.247
1999,nzl,39.302
2000,nzl,40.799
2001,nzl,42.333
2002,nzl,44.242
2003,nzl,46.723
2004,nzl,49.792
2005,nzl,53.709
2006,nzl,57.554
2007,nzl,61.139
2008,nzl,65.758
2009,nzl,69.843
2010,nzl,78.983
2011,nzl,81.713
2012,nzl,76.515
2013,nzl,78.532
2014,nzl,81.864
2015,nzl,84.664
2016,nzl,87.107
2017,nzl,89.711
2018,nzl,92.660
2019,nzl,96.360
2020,nzl,101.017
2000,nic,16.425
2001,nic,16.957
2002,nic,17.182
2003,nic,19.144
2004,nic,21.805
2005,nic,25.182
2006,nic,24.944
2007,nic,28.591
2008,nic,34.900
2009,nic,37.489
2010,nic,40.645
2011,nic,49.718
2012,nic,57.521
2013,nic,64.195
2014,nic,73.405
2015,nic,82.175
2016,nic,93.892
2017,nic,104.645
2018,nic,117.385
2019,nic,130.910
2020,nic,145.471
1995,ner,148.559
1996,ner,135.635
1997,ner,174.698
1998,ner,212.192
1999,ner,234.207
2000,ner,217.267
2001,ner,246.201
2002,ner,278.125
2003,ner,275.173
2004,ner,316.496
2005,ner,358.521
2006,ner,376.546
2007,ner,475.942
2008,ner,547.867
2009,ner,609.865
2010,ner,584.070
2011,ner,586.997
2012,ner,799.190
2013,ner,"1,030.296"
2014,ner,"1,156.528"
2015,ner,"1,411.138"
2016,ner,"1,422.983"
2017,ner,"1,564.346"
2018,ner,"1,702.785"
2019,ner,"1,898.705"
2020,ner,"2,028.110"
2000,nga,"1,706.562"
2001,nga,"2,509.965"
2002,nga,"2,196.314"
2003,nga,"3,086.757"
2004,nga,"3,176.666"
2005,nga,"4,255.701"
2006,nga,"3,548.710"
2007,nga,"5,966.347"
2008,nga,"5,628.537"
2009,nga,"6,848.463"
2010,nga,"9,236.157"
2011,nga,"11,039.277"
2012,nga,"10,226.048"
2013,nga,"10,859.802"
2014,nga,"10,885.039"
2015,nga,"10,202.905"
2016,nga,"12,259.180"
2017,nga,"14,322.453"
2018,nga,"16,243.831"
2019,nga,"17,923.378"
2020,nga,"20,006.005"
1980,nor,140.967
1981,nor,159.497
1982,nor,179.032
1983,nor,197.287
1984,nor,212.173
1985,nor,231.916
1986,nor,260.104
1987,nor,298.190
1988,nor,324.398
1989,nor,343.721
1990,nor,370.365
1991,nor,398.495
1992,nor,421.082
1993,nor,433.677
1994,nor,446.928
1995,nor,479.605
1996,nor,500.695
1997,nor,524.072
1998,nor,561.452
1999,nor,593.576
2000,nor,629.453
2001,nor,679.078
2002,nor,714.166
2003,nor,762.748
2004,nor,786.945
2005,nor,815.523
2006,nor,871.420
2007,nor,927.514
2008,nor,"1,014.692"
2009,nor,"1,094.505"
2010,nor,"1,142.230"
2011,nor,"1,200.820"
2012,nor,"1,252.470"
2013,nor,"1,329.898"
2014,nor,"1,416.823"
2015,nor,"1,465.282"
2016,nor,"1,509.798"
2017,nor,"1,584.689"
2018,nor,"1,656.374"
2019,nor,"1,737.903"
2020,nor,"1,827.343"
1990,omn,1.880
1991,omn,1.872
1992,omn,2.203
1993,omn,2.206
1994,omn,2.263
1995,omn,2.327
1996,omn,2.255
1997,omn,2.240
1998,omn,2.229
1999,omn,2.343
2000,omn,2.672
2001,omn,2.841
2002,omn,3.028
2003,omn,3.229
2004,omn,3.718
2005,omn,4.181
2006,omn,4.920
2007,omn,5.706
2008,omn,6.867
2009,omn,7.116
2010,omn,7.643
2011,omn,10.279
2012,omn,12.983
2013,omn,13.588
2014,omn,14.594
2015,omn,13.548
2016,omn,14.307
2017,omn,15.049
2018,omn,15.376
2019,omn,15.622
2020,omn,15.870
1993,pak,361.991
1994,pak,361.991
1995,pak,426.373
1996,pak,520.837
1997,pak,545.187
1998,pak,618.419
1999,pak,636.075
2000,pak,711.329
2001,pak,732.345
2002,pak,866.221
2003,pak,845.978
2004,pak,922.946
2005,pak,"1,116.539"
2006,pak,"1,401.818"
2007,pak,"1,800.003"
2008,pak,"2,280.972"
2009,pak,"2,531.308"
2010,pak,"3,008.430"
2011,pak,"3,566.415"
2012,pak,"4,326.322"
2013,pak,"4,816.300"
2014,pak,"5,026.938"
2015,pak,"5,412.539"
2016,pak,"5,849.402"
2017,pak,"6,392.591"
2018,pak,"7,023.815"
2019,pak,"7,680.370"
2020,pak,"8,335.775"
2000,plw,0.085
2001,plw,0.080
2002,plw,0.080
2003,plw,0.074
2004,plw,0.082
2005,plw,0.076
2006,plw,0.088
2007,plw,0.098
2008,plw,0.090
2009,plw,0.079
2010,plw,0.089
2011,plw,0.086
2012,plw,0.095
2013,plw,0.091
2014,plw,0.097
2015,plw,0.109
2016,plw,0.120
2017,plw,0.126
2018,plw,0.132
2019,plw,0.132
2020,plw,0.133
1980,pan,1.463
1981,pan,1.685
1982,pan,2.101
1983,pan,2.009
1984,pan,2.068
1985,pan,1.971
1986,pan,1.995
1987,pan,2.078
1988,pan,1.876
1989,pan,1.934
1990,pan,2.026
1991,pan,1.124
1992,pan,1.696
1993,pan,2.257
1994,pan,0.577
1995,pan,1.152
1996,pan,1.855
1997,pan,2.367
1998,pan,2.767
1999,pan,2.920
2000,pan,2.953
2001,pan,3.085
2002,pan,3.212
2003,pan,3.493
2004,pan,3.688
2005,pan,3.856
2006,pan,4.186
2007,pan,4.818
2008,pan,5.917
2009,pan,6.370
2010,pan,7.322
2011,pan,8.416
2012,pan,9.563
2013,pan,10.975
2014,pan,11.943
2015,pan,12.614
2016,pan,13.592
2017,pan,14.473
2018,pan,15.425
2019,pan,16.602
2020,pan,17.730
1983,png,0.760
1984,png,0.791
1985,png,0.839
1986,png,0.914
1987,png,0.869
1988,png,0.936
1989,png,1.049
1990,png,1.164
1991,png,1.245
1992,png,1.484
1993,png,1.767
1994,png,1.645
1995,png,1.633
1996,png,1.840
1997,png,2.245
1998,png,2.410
1999,png,2.919
2000,png,3.071
2001,png,3.457
2002,png,3.713
2003,png,3.811
2004,png,4.106
2005,png,4.898
2006,png,5.184
2007,png,5.325
2008,png,6.498
2009,png,8.238
2010,png,7.441
2011,png,8.764
2012,png,10.383
2013,png,12.500
2014,png,14.942
2015,png,15.666
2016,png,15.674
2017,png,16.239
2018,png,17.083
2019,png,18.232
2020,png,18.947
1980,pry,87.704
1981,pry,127.819
1982,pry,132.599
1983,pry,145.932
1984,pry,188.612
1985,pry,215.129
1986,pry,231.060
1987,pry,344.272
1988,pry,438.070
1989,pry,739.521
1990,pry,929.607
1991,pry,"1,527.180"
1992,pry,"2,116.830"
1993,pry,"2,513.371"
1994,pry,"3,076.510"
1995,pry,"4,264.575"
1996,pry,"4,879.606"
1997,pry,"5,765.431"
1998,pry,"6,042.972"
1999,pry,"5,330.637"
2000,pry,"6,057.871"
2001,pry,"6,726.974"
2002,pry,"7,450.239"
2003,pry,"8,012.201"
2004,pry,"9,052.751"
2005,pry,"9,839.683"
2006,pry,"11,572.683"
2007,pry,"12,735.830"
2008,pry,"13,773.857"
2009,pry,"16,885.029"
2010,pry,"19,104.625"
2011,pry,"22,472.929"
2012,pry,"27,554.673"
2013,pry,"29,434.768"
2014,pry,"32,965.622"
2015,pry,"36,880.585"
2016,pry,"40,055.558"
2017,pry,"43,485.649"
2018,pry,"47,028.111"
2019,pry,"50,708.578"
2020,pry,"54,850.918"
2000,per,38.224
2001,per,37.466
2002,per,37.282
2003,per,40.953
2004,per,44.141
2005,per,49.857
2006,per,54.864
2007,per,59.441
2008,per,69.594
2009,per,78.171
2010,per,87.596
2011,per,93.158
2012,per,103.306
2013,per,117.836
2014,per,129.694
2015,per,138.515
2016,per,146.237
2017,per,153.700
2018,per,162.081
2019,per,172.211
2020,per,182.369
1994,phl,380.398
1995,phl,415.784
1996,phl,486.845
1997,phl,562.635
1998,phl,619.508
1999,phl,694.594
2000,phl,769.431
2001,phl,845.789
2002,phl,894.366
2003,phl,962.963
2004,phl,"1,031.234"
2005,phl,"1,108.956"
2006,phl,"1,197.566"
2007,phl,"1,308.915"
2008,phl,"1,439.710"
2009,phl,"1,611.742"
2010,phl,"1,725.632"
2011,phl,"1,747.292"
2012,phl,"1,997.572"
2013,phl,"2,151.675"
2014,phl,"2,333.099"
2015,phl,"2,708.323"
2016,phl,"2,979.370"
2017,phl,"3,296.516"
2018,phl,"3,661.000"
2019,phl,"4,055.384"
2020,phl,"4,486.923"
1995,pol,160.905
1996,pol,215.469
1997,pol,238.866
1998,pol,266.013
1999,pol,284.369
2000,pol,305.797
2001,pol,341.474
2002,pol,357.858
2003,pol,376.698
2004,pol,394.070
2005,pol,441.010
2006,pol,481.135
2007,pol,513.779
2008,pol,566.103
2009,pol,614.590
2010,pol,659.416
2011,pol,682.644
2012,pol,693.069
2013,pol,701.587
2014,pol,726.349
2015,pol,751.403
2016,pol,778.763
2017,pol,818.163
2018,pol,860.409
2019,pol,910.354
2020,pol,966.686
1986,prt,14.693
1987,prt,15.090
1988,prt,16.610
1989,prt,19.286
1990,prt,23.556
1991,prt,29.429
1992,prt,34.726
1993,prt,35.008
1994,prt,34.920
1995,prt,37.593
1996,prt,40.712
1997,prt,43.449
1998,prt,47.560
1999,prt,50.910
2000,prt,54.783
2001,prt,59.918
2002,prt,62.356
2003,prt,66.243
2004,prt,70.189
2005,prt,74.054
2006,prt,71.328
2007,prt,78.060
2008,prt,81.093
2009,prt,88.116
2010,prt,93.237
2011,prt,88.048
2012,prt,81.611
2013,prt,84.818
2014,prt,84.834
2015,prt,84.952
2016,prt,86.677
2017,prt,88.463
2018,prt,90.526
2019,prt,92.900
2020,prt,95.354
1990,qat,11.399
1991,qat,11.777
1992,qat,12.866
1993,qat,13.402
1994,qat,12.781
1995,qat,13.135
1996,qat,16.396
1997,qat,17.605
1998,qat,16.834
1999,qat,17.550
2000,qat,20.293
2001,qat,20.504
2002,qat,22.799
2003,qat,25.212
2004,qat,36.103
2005,qat,50.768
2006,qat,67.147
2007,qat,86.249
2008,qat,99.958
2009,qat,122.626
2010,qat,143.795
2011,qat,181.372
2012,qat,217.036
2013,qat,234.271
2014,qat,244.759
2015,qat,249.888
2016,qat,255.239
2017,qat,263.980
2018,qat,273.403
2019,qat,284.425
2020,qat,296.331
2000,rou,28.335
2001,rou,38.932
2002,rou,48.852
2003,rou,61.060
2004,rou,82.349
2005,rou,92.660
2006,rou,116.050
2007,rou,147.141
2008,rou,190.407
2009,rou,192.782
2010,rou,202.256
2011,rou,205.277
2012,rou,207.921
2013,rou,215.810
2014,rou,226.327
2015,rou,239.364
2016,rou,247.219
2017,rou,258.528
2018,rou,272.603
2019,rou,287.444
2020,rou,303.563
1998,rus,"1,118.106"
1999,rus,"1,771.877"
2000,rus,"2,399.176"
2001,rus,"3,015.076"
2002,rus,"3,924.392"
2003,rus,"4,613.409"
2004,rus,"5,405.393"
2005,rus,"6,820.645"
2006,rus,"8,375.228"
2007,rus,"11,378.578"
2008,rus,"14,157.027"
2009,rus,"16,048.336"
2010,rus,"17,616.656"
2011,rus,"19,994.645"
2012,rus,"23,174.718"
2013,rus,"25,290.909"
2014,rus,"27,215.951"
2015,rus,"29,034.520"
2016,rus,"31,150.407"
2017,rus,"33,295.042"
2018,rus,"34,088.470"
2019,rus,"35,690.233"
2020,rus,"37,536.103"
1992,rwa,73.038
1993,rwa,65.365
1994,rwa,26.629
1995,rwa,69.502
1996,rwa,95.267
1997,rwa,110.086
1998,rwa,117.574
1999,rwa,126.845
2000,rwa,131.242
2001,rwa,157.437
2002,rwa,163.131
2003,rwa,211.985
2004,rwa,257.475
2005,rwa,336.314
2006,rwa,372.874
2007,rwa,472.555
2008,rwa,636.282
2009,rwa,719.700
2010,rwa,859.500
2011,rwa,"1,017.587"
2012,rwa,"1,147.673"
2013,rwa,"1,343.537"
2014,rwa,"1,491.273"
2015,rwa,"1,555.947"
2016,rwa,"1,724.134"
2017,rwa,"1,926.134"
2018,rwa,"2,176.569"
2019,rwa,"2,424.108"
2020,rwa,"2,778.132"
1998,wsm,0.222
1999,wsm,0.266
2000,wsm,0.256
2001,wsm,0.281
2002,wsm,0.309
2003,wsm,0.309
2004,wsm,0.327
2005,wsm,0.405
2006,wsm,0.395
2007,wsm,0.478
2008,wsm,0.476
2009,wsm,0.553
2010,wsm,0.646
2011,wsm,0.636
2012,wsm,0.688
2013,wsm,0.691
2014,wsm,0.809
2015,wsm,0.755
2016,wsm,0.651
2017,wsm,0.630
2018,wsm,0.638
2019,wsm,0.667
2020,wsm,0.701
2004,smr,0.269
2005,smr,0.281
2006,smr,0.301
2007,smr,0.330
2008,smr,0.363
2009,smr,0.368
2010,smr,0.346
2011,smr,0.331
2012,smr,0.322
2013,smr,0.296
2014,smr,0.312
2015,smr,0.309
2016,smr,0.317
2017,smr,0.327
2018,smr,0.337
2019,smr,0.347
2020,smr,0.358
2000,stp,66.119
2001,stp,336.286
2002,stp,327.599
2003,stp,463.202
2004,stp,627.394
2005,stp,576.952
2006,stp,783.262
2007,stp,761.893
2008,stp,841.245
2009,stp,"1,581.099"
2010,stp,"1,824.361"
2011,stp,"2,145.376"
2012,stp,"2,225.317"
2013,stp,"1,763.285"
2014,stp,"1,977.960"
2015,stp,"2,369.794"
2016,stp,"2,784.361"
2017,stp,"3,031.993"
2018,stp,"3,192.573"
2019,stp,"3,434.661"
2020,stp,"3,642.992"
1999,sau,197.862
2000,sau,251.513
2001,sau,271.859
2002,sau,274.893
2003,sau,288.911
2004,sau,338.895
2005,sau,375.388
2006,sau,413.734
2007,sau,492.077
2008,sau,564.657
2009,sau,644.444
2010,sau,719.518
2011,sau,891.820
2012,sau,977.562
2013,sau,"1,059.769"
2014,sau,"1,206.245"
2015,sau,"1,220.618"
2016,sau,"1,192.560"
2017,sau,"1,213.975"
2018,sau,"1,265.881"
2019,sau,"1,268.760"
2020,sau,"1,293.649"
2000,sen,597.100
2001,sen,748.900
2002,sen,754.100
2003,sen,868.000
2004,sen,964.200
2005,sen,"1,083.663"
2006,sen,"1,300.700"
2007,sen,"1,485.101"
2008,sen,"1,573.928"
2009,sen,"1,603.597"
2010,sen,"1,730.847"
2011,sen,"1,951.950"
2012,sen,"2,071.312"
2013,sen,"2,064.100"
2014,sen,"2,231.609"
2015,sen,"2,342.419"
2016,sen,"2,466.137"
2017,sen,"2,660.903"
2018,sen,"2,861.430"
2019,sen,"3,075.716"
2020,sen,"3,341.801"
2000,srb,129.577
2001,srb,277.527
2002,srb,445.279
2003,srb,511.248
2004,srb,592.568
2005,srb,705.281
2006,srb,887.706
2007,srb,"1,022.123"
2008,srb,"1,191.987"
2009,srb,"1,251.347"
2010,srb,"1,338.073"
2011,srb,"1,443.869"
2012,srb,"1,652.830"
2013,srb,"1,673.510"
2014,srb,"1,795.108"
2015,srb,"1,764.872"
2016,srb,"1,773.353"
2017,srb,"1,807.480"
2018,srb,"1,915.835"
2019,srb,"2,050.410"
2020,srb,"2,189.675"
1983,syc,0.476
1984,syc,0.540
1985,syc,0.639
1986,syc,0.745
1987,syc,0.694
1988,syc,0.714
1989,syc,0.889
1990,syc,0.906
1991,syc,1.032
1992,syc,1.126
1993,syc,1.482
1994,syc,1.565
1995,syc,1.285
1996,syc,1.478
1997,syc,1.549
1998,syc,1.943
1999,syc,1.868
2000,syc,1.947
2001,syc,1.707
2002,syc,2.153
2003,syc,1.701
2004,syc,1.842
2005,syc,1.970
2006,syc,2.443
2007,syc,2.902
2008,syc,2.469
2009,syc,3.704
2010,syc,4.047
2011,syc,4.582
2012,syc,5.605
2013,syc,6.052
2014,syc,5.778
2015,syc,6.305
2016,syc,6.250
2017,syc,6.463
2018,syc,6.866
2019,syc,7.383
2020,syc,8.216
2000,sle,317.597
2001,sle,413.710
2002,sle,526.843
2003,sle,612.563
2004,sle,708.971
2005,sle,860.246
2006,sle,928.861
2007,sle,834.713
2008,sle,"1,207.332"
2009,sle,"1,451.956"
2010,sle,"2,073.764"
2011,sle,"2,751.942"
2012,sle,"3,357.859"
2013,sle,"3,337.085"
2014,sle,"3,845.425"
2015,sle,"4,278.374"
2016,sle,"5,358.869"
2017,sle,"6,337.461"
2018,sle,"7,179.979"
2019,sle,"8,031.808"
2020,sle,"8,880.088"
1990,sgp,13.144
1991,sgp,15.347
1992,sgp,14.863
1993,sgp,17.114
1994,sgp,20.955
1995,sgp,26.142
1996,sgp,36.044
1997,sgp,38.092
1998,sgp,39.112
1999,sgp,34.316
2000,sgp,32.400
2001,sgp,35.263
2002,sgp,29.092
2003,sgp,23.573
2004,sgp,26.052
2005,sgp,26.321
2006,sgp,30.928
2007,sgp,33.030
2008,sgp,47.052
2009,sgp,52.541
2010,sgp,48.068
2011,sgp,51.625
2012,sgp,52.761
2013,sgp,61.509
2014,sgp,71.240
2015,sgp,85.239
2016,sgp,87.957
2017,sgp,93.505
2018,sgp,100.287
2019,sgp,102.146
2020,sgp,104.253
1997,svk,11.778
1998,svk,12.095
1999,svk,13.629
2000,svk,16.379
2001,svk,15.198
2002,svk,16.727
2003,svk,16.416
2004,svk,17.322
2005,svk,19.789
2006,svk,21.595
2007,svk,22.671
2008,svk,24.810
2009,svk,27.969
2010,svk,28.216
2011,svk,28.456
2012,svk,29.018
2013,svk,30.193
2014,svk,31.133
2015,svk,31.734
2016,svk,32.594
2017,svk,33.610
2018,svk,34.939
2019,svk,36.503
2020,svk,38.175
1995,svn,4.173
1996,svn,4.705
1997,svn,5.442
1998,svn,6.160
1999,svn,6.974
2000,svn,7.713
2001,svn,8.811
2002,svn,9.733
2003,svn,10.666
2004,svn,11.552
2005,svn,12.276
2006,svn,13.209
2007,svn,13.915
2008,svn,15.442
2009,svn,16.368
2010,svn,16.693
2011,svn,17.011
2012,svn,16.130
2013,svn,19.716
2014,svn,17.655
2015,svn,17.058
2016,svn,17.309
2017,svn,17.855
2018,svn,18.493
2019,svn,19.135
2020,svn,19.810
1980,slb,0.036
1981,slb,0.045
1982,slb,0.046
1983,slb,0.048
1984,slb,0.073
1985,slb,0.085
1986,slb,0.098
1987,slb,0.177
1988,slb,0.178
1989,slb,0.201
1990,slb,0.187
1991,slb,0.279
1992,slb,0.317
1993,slb,0.366
1994,slb,0.459
1995,slb,0.453
1996,slb,0.505
1997,slb,0.433
1998,slb,0.392
1999,slb,0.437
2000,slb,0.411
2001,slb,0.362
2002,slb,0.319
2003,slb,0.530
2004,slb,0.797
2005,slb,1.152
2006,slb,1.395
2007,slb,1.760
2008,slb,2.201
2009,slb,2.574
2010,slb,3.099
2011,slb,3.400
2012,slb,3.819
2013,slb,3.863
2014,slb,3.772
2015,slb,4.426
2016,slb,4.578
2017,slb,4.790
2018,slb,5.040
2019,slb,5.306
2020,slb,5.638
2000,zaf,238.498
2001,zaf,263.738
2002,zaf,302.252
2003,zaf,337.111
2004,zaf,375.229
2005,zaf,422.482
2006,zaf,497.735
2007,zaf,573.253
2008,zaf,679.247
2009,zaf,795.166
2010,zaf,865.977
2011,zaf,934.219
2012,zaf,"1,021.504"
2013,zaf,"1,120.141"
2014,zaf,"1,219.610"
2015,zaf,"1,326.390"
2016,zaf,"1,428.628"
2017,zaf,"1,540.429"
2018,zaf,"1,664.074"
2019,zaf,"1,801.140"
2020,zaf,"1,947.769"
2011,ssd,10.916
2012,ssd,10.509
2013,ssd,10.812
2014,ssd,12.727
2015,ssd,20.316
2016,ssd,24.615
2017,ssd,31.806
2018,ssd,28.185
2019,ssd,29.974
2020,ssd,29.203
1980,esp,30.065
1981,esp,35.554
1982,esp,45.445
1983,esp,53.437
1984,esp,61.204
1985,esp,73.959
1986,esp,83.878
1987,esp,91.154
1988,esp,101.587
1989,esp,118.049
1990,esp,134.792
1991,esp,153.463
1992,esp,170.108
1993,esp,187.043
1994,esp,192.111
1995,esp,203.620
1996,esp,209.782
1997,esp,214.922
1998,esp,226.970
1999,esp,236.891
2000,esp,252.608
2001,esp,269.026
2002,esp,289.390
2003,esp,307.526
2004,esp,333.146
2005,esp,356.470
2006,esp,385.793
2007,esp,420.680
2008,esp,459.294
2009,esp,493.865
2010,esp,493.106
2011,esp,488.618
2012,esp,499.288
2013,esp,464.759
2014,esp,461.474
2015,esp,460.718
2016,esp,456.803
2017,esp,463.686
2018,esp,471.806
2019,esp,479.646
2020,esp,493.883
1990,lka,99.814
1991,lka,120.369
1992,lka,119.824
1993,lka,141.659
1994,lka,170.764
1995,lka,203.484
1996,lka,218.658
1997,lka,235.099
1998,lka,268.182
1999,lka,279.158
2000,lka,335.823
2001,lka,386.519
2002,lka,402.989
2003,lka,417.674
2004,lka,476.907
2005,lka,584.784
2006,lka,713.647
2007,lka,841.603
2008,lka,996.126
2009,lka,"1,201.927"
2010,lka,"1,280.205"
2011,lka,"1,400.133"
2012,lka,"1,492.881"
2013,lka,"1,583.629"
2014,lka,"1,719.847"
2015,lka,"2,113.728"
2016,lka,"2,310.301"
2017,lka,"2,575.528"
2018,lka,"2,913.354"
2019,lka,"3,323.433"
2020,lka,"3,817.839"
1980,kna,0.074
1981,kna,0.062
1982,kna,0.062
1983,kna,0.061
1984,kna,0.062
1985,kna,0.077
1986,kna,0.081
1987,kna,0.142
1988,kna,0.125
1989,kna,0.116
1990,kna,0.106
1991,kna,0.099
1992,kna,0.119
1993,kna,0.140
1994,kna,0.163
1995,kna,0.187
1996,kna,0.226
1997,kna,0.250
1998,kna,0.288
1999,kna,0.353
2000,kna,0.394
2001,kna,0.385
2002,kna,0.511
2003,kna,0.405
2004,kna,0.471
2005,kna,0.512
2006,kna,0.575
2007,kna,0.612
2008,kna,0.650
2009,kna,0.664
2010,kna,0.708
2011,kna,0.683
2012,kna,0.620
2013,kna,0.703
2014,kna,0.744
2015,kna,0.741
2016,kna,0.759
2017,kna,0.777
2018,kna,0.808
2019,kna,0.842
2020,kna,0.877
1985,lca,0.164
1986,lca,0.199
1987,lca,0.209
1988,lca,0.218
1989,lca,0.262
1990,lca,0.262
1991,lca,0.305
1992,lca,0.334
1993,lca,0.402
1994,lca,0.367
1995,lca,0.395
1996,lca,0.403
1997,lca,0.423
1998,lca,0.445
1999,lca,0.521
2000,lca,0.521
2001,lca,0.532
2002,lca,0.572
2003,lca,0.611
2004,lca,0.658
2005,lca,0.797
2006,lca,0.846
2007,lca,0.811
2008,lca,0.857
2009,lca,0.928
2010,lca,1.041
2011,lca,1.143
2012,lca,1.210
2013,lca,1.137
2014,lca,1.167
2015,lca,1.233
2016,lca,1.287
2017,lca,1.348
2018,lca,1.415
2019,lca,1.490
2020,lca,1.568
1980,vct,0.051
1981,vct,0.067
1982,vct,0.071
1983,vct,0.081
1984,vct,0.085
1985,vct,0.086
1986,vct,0.102
1987,vct,0.120
1988,vct,0.146
1989,vct,0.173
1990,vct,0.166
1991,vct,0.195
1992,vct,0.211
1993,vct,0.191
1994,vct,0.194
1995,vct,0.188
1996,vct,0.208
1997,vct,0.271
1998,vct,0.282
1999,vct,0.295
2000,vct,0.283
2001,vct,0.304
2002,vct,0.334
2003,vct,0.350
2004,vct,0.368
2005,vct,0.417
2006,vct,0.449
2007,vct,0.521
2008,vct,0.560
2009,vct,0.598
2010,vct,0.604
2011,vct,0.630
2012,vct,0.538
2013,vct,0.609
2014,vct,0.651
2015,vct,0.653
2016,vct,0.664
2017,vct,0.668
2018,vct,0.683
2019,vct,0.709
2020,vct,0.739
1990,sdn,0.031
1991,sdn,0.081
1992,sdn,0.152
1993,sdn,0.198
1994,sdn,0.338
1995,sdn,0.501
1996,sdn,0.975
1997,sdn,1.191
1998,sdn,1.709
1999,sdn,2.272
2000,sdn,3.499
2001,sdn,4.011
2002,sdn,5.034
2003,sdn,6.991
2004,sdn,11.347
2005,sdn,16.927
2006,sdn,18.502
2007,sdn,23.468
2008,sdn,26.733
2009,sdn,25.198
2010,sdn,28.815
2011,sdn,31.979
2012,sdn,29.741
2013,sdn,41.459
2014,sdn,53.804
2015,sdn,63.464
2016,sdn,75.214
2017,sdn,83.529
2018,sdn,94.294
2019,sdn,105.481
2020,sdn,115.734
1990,sur,0.001
1991,sur,0.002
1992,sur,0.002
1993,sur,0.004
1994,sur,0.018
1995,sur,0.088
1996,sur,0.119
1997,sur,0.118
1998,sur,0.209
1999,sur,0.264
2000,sur,0.486
2001,sur,0.627
2002,sur,0.841
2003,sur,0.803
2004,sur,1.127
2005,sur,1.331
2006,sur,1.444
2007,sur,1.714
2008,sur,2.156
2009,sur,2.945
2010,sur,3.092
2011,sur,3.779
2012,sur,4.763
2013,sur,5.234
2014,sur,4.815
2015,sur,4.787
2016,sur,5.047
2017,sur,5.343
2018,sur,5.689
2019,sur,5.967
2020,sur,6.233
1981,swz,0.156
1982,swz,0.182
1983,swz,0.192
1984,swz,0.208
1985,swz,0.250
1986,swz,0.287
1987,swz,0.304
1988,swz,0.347
1989,swz,0.416
1990,swz,0.552
1991,swz,0.681
1992,swz,0.959
1993,swz,1.128
1994,swz,1.340
1995,swz,1.412
1996,swz,1.711
1997,swz,1.866
1998,swz,2.126
1999,swz,2.670
2000,swz,2.969
2001,swz,3.410
2002,swz,3.980
2003,swz,4.255
2004,swz,5.554
2005,swz,5.834
2006,swz,6.109
2007,swz,7.416
2008,swz,9.084
2009,swz,10.153
2010,swz,9.978
2011,swz,8.801
2012,swz,10.482
2013,swz,12.814
2014,swz,15.659
2015,swz,15.914
2016,swz,15.643
2017,swz,17.485
2018,swz,18.663
2019,swz,19.867
2020,swz,21.139
1980,swe,350.217
1981,swe,399.171
1982,swe,451.010
1983,swe,502.511
1984,swe,540.708
1985,swe,599.336
1986,swe,635.999
1987,swe,663.695
1988,swe,708.392
1989,swe,784.909
1990,swe,876.858
1991,swe,999.010
1992,swe,"1,086.462"
1993,swe,"1,116.320"
1994,swe,"1,143.839"
1995,swe,"1,175.297"
1996,swe,"1,166.424"
1997,swe,"1,172.576"
1998,swe,"1,190.319"
1999,swe,"1,242.683"
2000,swe,"1,248.029"
2001,swe,"1,280.463"
2002,swe,"1,358.565"
2003,swe,"1,416.768"
2004,swe,"1,441.640"
2005,swe,"1,491.382"
2006,swe,"1,552.127"
2007,swe,"1,592.807"
2008,swe,"1,657.889"
2009,swe,"1,706.362"
2010,swe,"1,746.603"
2011,swe,"1,791.829"
2012,swe,"1,849.960"
2013,swe,"1,912.402"
2014,swe,"1,977.777"
2015,swe,"2,033.281"
2016,swe,"2,094.125"
2017,swe,"2,191.453"
2018,swe,"2,285.837"
2019,swe,"2,381.103"
2020,swe,"2,474.490"
1983,che,71.119
1984,che,74.815
1985,che,78.127
1986,che,81.705
1987,che,84.249
1988,che,90.977
1989,che,96.272
1990,che,104.111
1991,che,115.996
1992,che,125.989
1993,che,133.846
1994,che,137.092
1995,che,138.497
1996,che,141.910
1997,che,144.519
1998,che,147.665
1999,che,147.276
2000,che,148.720
2001,che,156.275
2002,che,162.047
2003,che,167.438
2004,che,170.739
2005,che,173.866
2006,che,174.941
2007,che,180.476
2008,che,177.321
2009,che,184.013
2010,che,188.045
2011,che,194.204
2012,che,195.843
2013,che,200.010
2014,che,202.759
2015,che,205.709
2016,che,205.171
2017,che,207.923
2018,che,211.661
2019,che,216.962
2020,che,222.446
1990,syr,75.841
1991,syr,106.758
1992,syr,126.955
1993,syr,121.671
1994,syr,153.148
1995,syr,169.906
1996,syr,191.323
1997,syr,216.013
1998,syr,227.864
1999,syr,229.569
2000,syr,259.197
2001,syr,282.736
2002,syr,318.369
2003,syr,350.609
2004,syr,396.904
2005,syr,424.456
2006,syr,454.638
2007,syr,519.435
2008,syr,561.327
2009,syr,674.079
2010,syr,799.504
1980,twn,377.492
1981,twn,458.116
1982,twn,508.668
1983,twn,501.717
1984,twn,554.102
1985,twn,593.575
1986,twn,636.507
1987,twn,708.608
1988,twn,825.615
1989,twn,"1,314.898"
1990,twn,"1,270.999"
1991,twn,"1,513.690"
1992,twn,"1,638.334"
1993,twn,"1,791.423"
1994,twn,"1,922.920"
1995,twn,"2,058.805"
1996,twn,"2,177.210"
1997,twn,"2,355.333"
1998,twn,"2,543.855"
1999,twn,"2,234.639"
2000,twn,"3,335.648"
2001,twn,"2,462.835"
2002,twn,"2,345.906"
2003,twn,"2,422.787"
2004,twn,"2,464.181"
2005,twn,"2,519.460"
2006,twn,"2,452.004"
2007,twn,"2,542.362"
2008,twn,"2,590.960"
2009,twn,"2,914.712"
2010,twn,"2,832.393"
2011,twn,"2,882.165"
2012,twn,"2,954.251"
2013,twn,"2,951.561"
2014,twn,"3,002.567"
2015,twn,"3,040.978"
2016,twn,"3,102.628"
2017,twn,"3,172.575"
2018,twn,"3,278.036"
2019,twn,"3,405.822"
2020,twn,"3,543.427"
1998,tjk,0.172
1999,tjk,0.236
2000,tjk,0.346
2001,tjk,0.462
2002,tjk,0.642
2003,tjk,0.908
2004,tjk,1.250
2005,tjk,1.655
2006,tjk,2.032
2007,tjk,3.578
2008,tjk,4.786
2009,tjk,5.907
2010,tjk,6.457
2011,tjk,8.127
2012,tjk,8.887
2013,tjk,11.245
2014,tjk,12.889
2015,tjk,14.837
2016,tjk,17.082
2017,tjk,18.981
2018,tjk,21.434
2019,tjk,24.204
2020,tjk,27.672
1991,tza,186.837
1992,tza,292.450
1993,tza,343.861
1994,tza,467.716
1995,tza,571.331
1996,tza,612.017
1997,tza,733.543
1998,tza,867.757
1999,tza,"1,119.224"
2000,tza,"1,220.177"
2001,tza,"1,367.800"
2002,tza,"1,726.152"
2003,tza,"2,258.862"
2004,tza,"2,888.269"
2005,tza,"3,550.653"
2006,tza,"4,164.081"
2007,tza,"4,846.196"
2008,tza,"6,062.281"
2009,tza,"7,609.590"
2010,tza,"8,875.604"
2011,tza,"10,101.968"
2012,tza,"12,153.773"
2013,tza,"13,750.590"
2014,tza,"15,555.520"
2015,tza,"18,124.007"
2016,tza,"20,389.736"
2017,tza,"22,969.165"
2018,tza,"25,610.213"
2019,tza,"28,483.198"
2020,tza,"31,683.794"
1995,tha,701.724
1996,tha,810.083
1997,tha,"1,016.808"
1998,tha,"1,116.369"
1999,tha,"1,219.644"
2000,tha,938.197
2001,tha,"1,062.297"
2002,tha,"1,374.535"
2003,tha,"1,127.931"
2004,tha,"1,306.382"
2005,tha,"1,459.596"
2006,tha,"1,546.432"
2007,tha,"1,769.209"
2008,tha,"1,941.205"
2009,tha,"2,123.908"
2010,tha,"2,303.568"
2011,tha,"2,475.021"
2012,tha,"2,703.187"
2013,tha,"2,881.332"
2014,tha,"2,932.689"
2015,tha,"3,086.497"
2016,tha,"3,330.803"
2017,tha,"3,526.331"
2018,tha,"3,746.383"
2019,tha,"3,984.950"
2020,tha,"4,210.027"
2000,tls,0.000
2001,tls,0.000
2002,tls,0.061
2003,tls,0.070
2004,tls,0.070
2005,tls,0.094
2006,tls,0.115
2007,tls,0.251
2008,tls,0.570
2009,tls,0.604
2010,tls,0.760
2011,tls,1.105
2012,tls,1.247
2013,tls,1.081
2014,tls,1.303
2015,tls,1.361
2016,tls,1.507
2017,tls,1.485
2018,tls,1.596
2019,tls,1.540
2020,tls,1.600
1989,tgo,124.053
1990,tgo,127.156
1991,tgo,112.780
1992,tgo,96.182
1993,tgo,91.650
1994,tgo,124.275
1995,tgo,142.011
1996,tgo,155.097
1997,tgo,154.254
1998,tgo,177.820
1999,tgo,173.443
2000,tgo,170.097
2001,tgo,158.950
2002,tgo,134.495
2003,tgo,147.029
2004,tgo,169.761
2005,tgo,215.012
2006,tgo,244.119
2007,tgo,246.440
2008,tgo,253.044
2009,tgo,317.314
2010,tgo,354.358
2011,tgo,422.003
2012,tgo,527.839
2013,tgo,548.960
2014,tgo,584.134
2015,tgo,623.515
2016,tgo,738.837
2017,tgo,774.632
2018,tgo,825.924
2019,tgo,883.084
2020,tgo,979.338
1999,ton,0.068
2000,ton,0.067
2001,ton,0.076
2002,ton,0.087
2003,ton,0.090
2004,ton,0.096
2005,ton,0.125
2006,ton,0.144
2007,ton,0.149
2008,ton,0.159
2009,ton,0.180
2010,ton,0.225
2011,ton,0.240
2012,ton,0.219
2013,ton,0.216
2014,ton,0.241
2015,ton,0.250
2016,ton,0.239
2017,ton,0.245
2018,ton,0.261
2019,ton,0.274
2020,ton,0.280
1999,tto,12.174
2000,tto,13.576
2001,tto,16.176
2002,tto,14.885
2003,tto,16.739
2004,tto,20.947
2005,tto,26.560
2006,tto,36.033
2007,tto,38.963
2008,tto,51.083
2009,tto,53.737
2010,tto,49.491
2011,tto,51.625
2012,tto,53.255
2013,tto,60.714
2014,tto,64.274
2015,tto,63.100
2016,tto,68.515
2017,tto,73.636
2018,tto,78.281
2019,tto,81.646
2020,tto,86.262
1991,tun,3.684
1992,tun,3.978
1993,tun,4.382
1994,tun,4.578
1995,tun,5.066
1996,tun,5.709
1997,tun,5.846
1998,tun,6.241
1999,tun,6.786
2000,tun,7.288
2001,tun,7.886
2002,tun,8.230
2003,tun,8.602
2004,tun,9.411
2005,tun,10.103
2006,tun,10.856
2007,tun,11.841
2008,tun,13.676
2009,tun,14.510
2010,tun,15.417
2011,tun,18.378
2012,tun,20.694
2013,tun,22.747
2014,tun,23.081
2015,tun,24.150
2016,tun,26.003
2017,tun,28.061
2018,tun,30.475
2019,tun,33.165
2020,tun,36.008
2002,tur,151.371
2003,tur,188.478
2004,tur,198.999
2005,tur,215.253
2006,tur,253.770
2007,tur,283.267
2008,tur,327.981
2009,tur,367.342
2010,tur,403.160
2011,tur,456.911
2012,tur,518.899
2013,tur,601.992
2014,tur,662.332
2015,tur,722.080
2016,tur,779.847
2017,tur,850.632
2018,tur,936.641
2019,tur,"1,032.838"
2020,tur,"1,120.567"
1997,tkm,0.556
1998,tkm,0.680
1999,tkm,0.778
2000,tkm,1.259
2001,tkm,1.521
2002,tkm,1.633
2003,tkm,2.299
2004,tkm,2.788
2005,tkm,3.513
2006,tkm,3.326
2007,tkm,3.629
2008,tkm,5.375
2009,tkm,7.723
2010,tkm,8.878
2011,tkm,12.180
2012,tkm,14.695
2013,tkm,18.850
2014,tkm,21.099
2015,tkm,23.452
2016,tkm,25.958
2017,tkm,28.439
2018,tkm,31.104
2019,tkm,34.097
2020,tkm,37.469
2004,tuv,0.023
2005,tuv,0.025
2006,tuv,0.032
2007,tuv,0.030
2008,tuv,0.032
2009,tuv,0.036
2010,tuv,0.033
2011,tuv,0.030
2012,tuv,0.029
2013,tuv,0.032
2014,tuv,0.040
2015,tuv,0.041
2016,tuv,0.041
2017,tuv,0.043
2018,tuv,0.043
2019,tuv,0.044
2020,tuv,0.045
1997,uga,"1,146.361"
1998,uga,"1,293.005"
1999,uga,"1,546.753"
2000,uga,"1,942.424"
2001,uga,"2,229.237"
2002,uga,"2,538.460"
2003,uga,"2,819.878"
2004,uga,"3,034.458"
2005,uga,"3,210.673"
2006,uga,"3,531.246"
2007,uga,"3,993.668"
2008,uga,"4,993.255"
2009,uga,"5,754.541"
2010,uga,"8,290.092"
2011,uga,"9,140.204"
2012,uga,"10,164.582"
2013,uga,"11,116.242"
2014,uga,"12,432.127"
2015,uga,"13,572.160"
2016,uga,"16,522.580"
2017,uga,"18,914.997"
2018,uga,"21,965.480"
2019,uga,"24,450.654"
2020,uga,"27,066.826"
1997,ukr,39.413
1998,ukr,39.349
1999,ukr,34.871
2000,ukr,62.378
2001,ukr,74.601
2002,ukr,85.433
2003,ukr,103.871
2004,ukr,143.327
2005,ukr,194.672
2006,ukr,242.652
2007,ukr,315.852
2008,ukr,449.695
2009,ukr,443.461
2010,ukr,530.500
2011,ukr,594.100
2012,ukr,687.900
2013,ukr,704.900
2014,ukr,710.524
2015,ukr,870.720
2016,ukr,916.410
2017,ukr,"1,031.989"
2018,ukr,"1,139.895"
2019,ukr,"1,250.450"
2020,ukr,"1,357.354"
1991,are,65.087
1992,are,56.384
1993,are,60.281
1994,are,63.478
1995,are,60.879
1996,are,73.825
1997,are,63.915
1998,are,71.470
1999,are,75.276
2000,are,82.407
2001,are,95.720
2002,are,86.035
2003,are,91.561
2004,are,96.131
2005,are,104.431
2006,are,127.475
2007,are,167.224
2008,are,254.308
2009,are,325.875
2010,are,343.013
2011,are,401.430
2012,are,400.893
2013,are,434.489
2014,are,447.376
2015,are,449.311
2016,are,452.716
2017,are,456.108
2018,are,459.419
2019,are,463.221
2020,are,468.018
1980,gbr,101.675
1981,gbr,120.339
1982,gbr,130.808
1983,gbr,141.210
1984,gbr,152.389
1985,gbr,163.492
1986,gbr,170.730
1987,gbr,180.429
1988,gbr,189.516
1989,gbr,205.766
1990,gbr,232.609
1991,gbr,250.912
1992,gbr,274.401
1993,gbr,288.771
1994,gbr,301.293
1995,gbr,317.251
1996,gbr,320.657
1997,gbr,327.282
1998,gbr,337.449
1999,gbr,347.591
2000,gbr,367.150
2001,gbr,389.658
2002,gbr,420.110
2003,gbr,459.951
2004,gbr,494.462
2005,gbr,526.497
2006,gbr,557.068
2007,gbr,584.886
2008,gbr,639.948
2009,gbr,681.009
2010,gbr,704.849
2011,gbr,707.967
2012,gbr,729.794
2013,gbr,727.918
2014,gbr,741.674
2015,gbr,748.175
2016,gbr,749.659
2017,gbr,750.682
2018,gbr,761.796
2019,gbr,789.167
2020,gbr,821.700
2001,usa,"3,505.600"
2002,usa,"3,718.900"
2003,usa,"3,936.000"
2004,usa,"4,158.700"
2005,usa,"4,464.600"
2006,usa,"4,699.800"
2007,usa,"5,047.400"
2008,usa,"5,477.063"
2009,usa,"6,044.654"
2010,usa,"5,994.194"
2011,usa,"6,055.675"
2012,usa,"6,106.425"
2013,usa,"6,139.075"
2014,usa,"6,404.345"
2015,usa,"6,559.228"
2016,usa,"6,807.175"
2017,usa,"7,011.888"
2018,usa,"7,273.663"
2019,usa,"7,615.812"
2020,usa,"7,960.115"
1999,ury,80.624
2000,ury,80.419
2001,ury,84.746
2002,ury,87.012
2003,ury,102.901
2004,ury,116.613
2005,ury,121.906
2006,ury,137.156
2007,ury,158.636
2008,ury,182.457
2009,ury,212.244
2010,ury,246.078
2011,ury,270.304
2012,ury,317.398
2013,ury,374.978
2014,ury,429.727
2015,ury,467.781
2016,ury,516.298
2017,ury,566.461
2018,ury,621.894
2019,ury,682.969
2020,ury,750.405
1992,uzb,0.130
1993,uzb,2.527
1994,uzb,22.044
1995,uzb,116.447
1996,uzb,278.690
1997,uzb,385.936
1998,uzb,623.351
1999,uzb,884.496
2000,uzb,"1,272.667"
2001,uzb,"1,755.396"
2002,uzb,"2,784.878"
2003,uzb,"3,266.180"
2004,uzb,"3,870.941"
2005,uzb,"4,701.039"
2006,uzb,"6,025.154"
2007,uzb,"8,571.106"
2008,uzb,"11,517.762"
2009,uzb,"16,646.770"
2010,uzb,"19,815.533"
2011,uzb,"24,414.196"
2012,uzb,"31,938.090"
2013,uzb,"39,983.684"
2014,uzb,"48,982.742"
2015,uzb,"58,638.980"
2016,uzb,"68,274.506"
2017,uzb,"79,686.027"
2018,uzb,"93,150.349"
2019,uzb,"108,871.812"
2020,uzb,"127,413.672"
1991,vut,8.080
1992,vut,7.547
1993,vut,6.387
1994,vut,6.625
1995,vut,7.816
1996,vut,7.142
1997,vut,7.021
1998,vut,9.327
1999,vut,8.256
2000,vut,9.527
2001,vut,8.371
2002,vut,8.164
2003,vut,7.240
2004,vut,7.554
2005,vut,7.894
2006,vut,9.773
2007,vut,11.876
2008,vut,16.644
2009,vut,17.435
2010,vut,18.416
2011,vut,17.315
2012,vut,16.942
2013,vut,16.320
2014,vut,17.774
2015,vut,21.180
2016,vut,23.066
2017,vut,24.755
2018,vut,25.008
2019,vut,25.421
2020,vut,25.369
1988,ven,0.291
1989,ven,0.491
1990,ven,0.728
1991,ven,1.029
1992,ven,1.266
1993,ven,1.509
1994,ven,3.662
1995,ven,4.498
1996,ven,8.163
1997,ven,12.997
1998,ven,14.399
1999,ven,15.492
2000,ven,22.537
2001,ven,28.373
2002,ven,33.419
2003,ven,43.188
2004,ven,67.877
2005,ven,101.961
2006,ven,154.681
2007,ven,177.803
2008,ven,236.341
2009,ven,235.303
2010,ven,321.105
2011,ven,535.834
2012,ven,654.390
2013,ven,837.948
2014,ven,"1,371.271"
2015,ven,"1,976.426"
2016,ven,"3,441.654"
2017,ven,"5,810.108"
2018,ven,"9,871.844"
2019,ven,"16,862.077"
2020,ven,"28,589.301"
1998,vnm,"73,419.000"
1999,vnm,"84,817.000"
2000,vnm,"99,751.000"
2001,vnm,"117,285.000"
2002,vnm,"134,334.000"
2003,vnm,"172,885.600"
2004,vnm,"192,373.000"
2005,vnm,"239,364.000"
2006,vnm,"276,774.000"
2007,vnm,"350,479.079"
2008,vnm,"437,416.000"
2009,vnm,"571,807.090"
2010,vnm,"647,711.000"
2011,vnm,"748,897.000"
2012,vnm,"954,229.408"
2013,vnm,"1,031,607.451"
2014,vnm,"1,057,735.000"
2015,vnm,"1,195,415.000"
2016,vnm,"1,279,452.363"
2017,vnm,"1,383,571.783"
2018,vnm,"1,492,495.697"
2019,vnm,"1,645,363.232"
2020,vnm,"1,814,732.228"
1990,yem,39.410
1991,yem,43.580
1992,yem,53.125
1993,yem,67.256
1994,yem,84.741
1995,yem,125.040
1996,yem,227.675
1997,yem,302.607
1998,yem,294.416
1999,yem,336.115
2000,yem,493.826
2001,yem,506.761
2002,yem,578.104
2003,yem,763.054
2004,yem,875.742
2005,yem,"1,179.739"
2006,yem,"1,405.078"
2007,yem,"1,738.512"
2008,yem,"2,217.365"
2009,yem,"1,795.112"
2010,yem,"2,049.855"
2011,yem,"2,087.875"
2012,yem,"2,747.697"
2013,yem,"2,674.693"
2014,yem,"2,580.600"
2015,yem,"2,194.163"
2016,yem,"2,548.134"
2017,yem,"2,858.873"
2018,yem,"3,132.056"
2019,yem,"3,428.204"
2020,yem,"3,749.015"
2000,zmb,2.398
2001,zmb,4.134
2002,zmb,5.086
2003,zmb,6.337
2004,zmb,6.919
2005,zmb,8.350
2006,zmb,9.051
2007,zmb,11.209
2008,zmb,13.054
2009,zmb,13.773
2010,zmb,17.563
2011,zmb,22.267
2012,zmb,28.685
2013,zmb,36.313
2014,zmb,40.622
2015,zmb,43.741
2016,zmb,49.656
2017,zmb,54.782
2018,zmb,61.031
2019,zmb,67.701
2020,zmb,76.065
2005,zwe,1.437
2006,zwe,0.698
2007,zwe,0.407
2008,zwe,0.254
2009,zwe,1.144
2010,zwe,2.132
2011,zwe,3.060
2012,zwe,3.567
2013,zwe,4.004
2014,zwe,3.971
2015,zwe,4.064
2016,zwe,4.264
2017,zwe,4.607
2018,zwe,4.870
2019,zwe,5.183
2020,zwe,5.479
