year,country,ggr
2002,afg,12.235
2003,afg,21.618
2004,afg,31.209
2005,afg,44.926
2006,afg,65.518
2007,afg,81.163
2008,afg,88.162
2009,afg,117.745
2010,afg,154.612
2011,afg,177.821
2012,afg,260.571
2013,afg,271.903
2014,afg,280.345
2015,afg,341.290
2016,afg,399.222
2017,afg,456.220
2018,afg,533.226
2019,afg,627.589
2020,afg,657.452
1997,alb,60.956
1998,alb,103.238
1999,alb,125.387
2000,alb,130.642
2001,alb,145.639
2002,alb,154.595
2003,alb,167.224
2004,alb,184.355
2005,alb,204.533
2006,alb,226.283
2007,alb,252.291
2008,alb,290.078
2009,alb,298.487
2010,alb,320.653
2011,alb,330.449
2012,alb,330.384
2013,alb,323.707
2014,alb,366.686
2015,alb,408.082
2016,alb,442.641
2017,alb,477.922
2018,alb,515.789
2019,alb,556.023
2020,alb,599.110
1990,dza,160.200
1991,dza,272.400
1992,dza,316.800
1993,dza,320.100
1994,dza,434.161
1995,dza,600.847
1996,dza,825.157
1997,dza,926.668
1998,dza,774.511
1999,dza,972.780
2000,dza,"1,578.159"
2001,dza,"1,479.104"
2002,dza,"1,603.284"
2003,dza,"1,947.437"
2004,dza,"2,215.165"
2005,dza,"3,082.674"
2006,dza,"3,639.910"
2007,dza,"3,687.850"
2008,dza,"5,190.617"
2009,dza,"3,676.062"
2010,dza,"4,393.344"
2011,dza,"5,790.129"
2012,dza,"6,395.462"
2013,dza,"5,957.546"
2014,dza,"5,730.954"
2015,dza,"5,069.800"
2016,dza,"5,720.758"
2017,dza,"6,440.508"
2018,dza,"7,174.918"
2019,dza,"7,911.018"
2020,dza,"8,608.083"
2000,ago,48.051
2001,ago,90.320
2002,ago,190.836
2003,ago,394.898
2004,ago,609.686
2005,ago,"1,085.844"
2006,ago,"1,685.031"
2007,ago,"2,124.712"
2008,ago,"3,217.433"
2009,ago,"2,069.733"
2010,ago,"3,295.490"
2011,ago,"4,776.149"
2012,ago,"5,053.803"
2013,ago,"4,848.532"
2014,ago,"4,322.800"
2015,ago,"3,057.791"
2016,ago,"3,832.666"
2017,ago,"4,346.862"
2018,ago,"4,838.876"
2019,ago,"5,322.348"
2020,ago,"5,856.087"
1990,atg,0.236
1991,atg,0.229
1992,atg,0.253
1993,atg,0.259
1994,atg,0.284
1995,atg,0.284
1996,atg,0.329
1997,atg,0.332
1998,atg,0.406
1999,atg,0.389
2000,atg,0.404
2001,atg,0.370
2002,atg,0.424
2003,atg,0.433
2004,atg,0.500
2005,atg,0.533
2006,atg,0.683
2007,atg,0.757
2008,atg,0.778
2009,atg,0.609
2010,atg,0.689
2011,atg,0.623
2012,atg,0.644
2013,atg,0.605
2014,atg,0.680
2015,atg,0.732
2016,atg,0.771
2017,atg,0.802
2018,atg,0.840
2019,atg,0.885
2020,atg,0.932
1993,arg,58.155
1994,arg,62.425
1995,arg,59.972
1996,arg,60.480
1997,arg,67.937
1998,arg,71.204
1999,arg,68.998
2000,arg,69.960
2001,arg,63.577
2002,arg,71.775
2003,arg,97.762
2004,arg,129.833
2005,arg,155.253
2006,arg,194.968
2007,arg,255.995
2008,arg,345.758
2009,arg,393.072
2010,arg,535.827
2011,arg,687.845
2012,arg,870.912
2013,arg,"1,138.264"
2014,arg,"1,564.470"
2015,arg,"1,796.038"
2016,arg,"2,170.998"
2017,arg,"2,649.374"
2018,arg,"3,208.000"
2019,arg,"3,869.233"
2020,arg,"4,622.975"
1994,arm,48.921
1995,arm,93.154
1996,arm,101.889
1997,arm,126.688
1998,arm,163.812
1999,arm,190.917
2000,arm,170.113
2001,arm,200.440
2002,arm,228.132
2003,arm,247.215
2004,arm,294.907
2005,arm,401.359
2006,arm,479.444
2007,arm,632.547
2008,arm,730.753
2009,arm,655.569
2010,arm,734.293
2011,arm,834.479
2012,arm,892.559
2013,arm,"1,011.525"
2014,arm,"1,063.754"
2015,arm,"1,122.861"
2016,arm,"1,206.832"
2017,arm,"1,304.234"
2018,arm,"1,395.745"
2019,arm,"1,512.031"
2020,arm,"1,629.669"
1988,aus,107.705
1989,aus,118.812
1990,aus,125.491
1991,aus,126.061
1992,aus,126.775
1993,aus,133.699
1994,aus,144.647
1995,aus,158.930
1996,aus,174.048
1997,aus,185.241
1998,aus,208.486
1999,aus,235.466
2000,aus,250.661
2001,aus,259.965
2002,aus,274.664
2003,aus,298.528
2004,aus,323.386
2005,aus,349.845
2006,aus,377.594
2007,aus,405.376
2008,aus,419.753
2009,aus,420.358
2010,aus,434.725
2011,aus,467.331
2012,aus,501.412
2013,aus,526.757
2014,aus,544.353
2015,aus,563.079
2016,aus,591.027
2017,aus,626.319
2018,aus,662.442
2019,aus,701.530
2020,aus,742.836
1988,aut,51.825
1989,aut,54.234
1990,aut,59.290
1991,aut,64.501
1992,aut,71.527
1993,aut,77.987
1994,aut,81.112
1995,aut,85.955
1996,aut,92.213
1997,aut,93.663
1998,aut,96.666
1999,aut,99.931
2000,aut,102.945
2001,aut,110.926
2002,aut,111.681
2003,aut,113.838
2004,aut,117.538
2005,aut,122.629
2006,aut,127.119
2007,aut,134.928
2008,aut,141.080
2009,aut,139.590
2010,aut,142.232
2011,aut,148.843
2012,aut,154.445
2013,aut,159.555
2014,aut,164.345
2015,aut,168.918
2016,aut,172.218
2017,aut,177.382
2018,aut,182.322
2019,aut,187.328
2020,aut,192.337
2000,aze,1.001
2001,aze,0.992
2002,aze,1.655
2003,aze,1.912
2004,aze,2.288
2005,aze,3.143
2006,aze,5.253
2007,aze,8.007
2008,aze,19.426
2009,aze,14.368
2010,aze,19.386
2011,aze,23.292
2012,aze,21.832
2013,aze,22.755
2014,aze,22.565
2015,aze,18.599
2016,aze,22.435
2017,aze,24.372
2018,aze,27.285
2019,aze,29.397
2020,aze,31.320
1990,bhs,0.459
1991,bhs,0.460
1992,bhs,0.527
1993,bhs,0.528
1994,bhs,0.585
1995,bhs,0.636
1996,bhs,0.649
1997,bhs,0.682
1998,bhs,0.753
1999,bhs,0.792
2000,bhs,0.918
2001,bhs,0.958
2002,bhs,0.857
2003,bhs,0.901
2004,bhs,0.944
2005,bhs,1.040
2006,bhs,1.221
2007,bhs,1.338
2008,bhs,1.424
2009,bhs,1.324
2010,bhs,1.303
2011,bhs,1.433
2012,bhs,1.447
2013,bhs,1.355
2014,bhs,1.450
2015,bhs,1.639
2016,bhs,1.763
2017,bhs,1.905
2018,bhs,1.981
2019,bhs,2.047
2020,bhs,2.110
1990,bhr,0.413
1991,bhr,0.424
1992,bhr,0.420
1993,bhr,0.522
1994,bhr,0.494
1995,bhr,0.561
1996,bhr,0.637
1997,bhr,0.706
1998,bhr,0.611
1999,bhr,0.661
2000,bhr,1.082
2001,bhr,0.982
2002,bhr,1.027
2003,bhr,1.146
2004,bhr,1.301
2005,bhr,1.671
2006,bhr,1.841
2007,bhr,2.038
2008,bhr,2.698
2009,bhr,1.729
2010,bhr,2.196
2011,bhr,2.843
2012,bhr,3.053
2013,bhr,2.993
2014,bhr,3.113
2015,bhr,2.808
2016,bhr,3.187
2017,bhr,3.205
2018,bhr,3.320
2019,bhr,3.421
2020,bhr,3.514
1980,bgd,19.400
1981,bgd,22.500
1982,bgd,24.400
1983,bgd,27.000
1984,bgd,32.265
1985,bgd,39.105
1986,bgd,45.140
1987,bgd,50.650
1988,bgd,56.650
1989,bgd,64.455
1990,bgd,123.311
1991,bgd,140.666
1992,bgd,149.668
1993,bgd,174.338
1994,bgd,186.730
1995,bgd,210.420
1996,bgd,176.937
1997,bgd,196.136
1998,bgd,207.251
1999,bgd,215.802
2000,bgd,233.515
2001,bgd,254.436
2002,bgd,303.100
2003,bgd,341.915
2004,bgd,352.491
2005,bgd,402.341
2006,bgd,461.046
2007,bgd,511.274
2008,bgd,615.660
2009,bgd,666.900
2010,bgd,799.440
2011,bgd,949.019
2012,bgd,"1,186.624"
2013,bgd,"1,346.272"
2014,bgd,"1,472.880"
2015,bgd,"1,666.733"
2016,bgd,"2,021.491"
2017,bgd,"2,580.455"
2018,bgd,"3,074.433"
2019,bgd,"3,587.138"
2020,bgd,"4,090.892"
1994,brb,1.295
1995,brb,1.429
1996,brb,1.525
1997,brb,1.650
1998,brb,1.850
1999,brb,2.063
2000,brb,1.951
2001,brb,2.262
2002,brb,2.233
2003,brb,2.380
2004,brb,2.526
2005,brb,2.664
2006,brb,2.866
2007,brb,3.153
2008,brb,3.208
2009,brb,2.893
2010,brb,2.976
2011,brb,3.267
2012,brb,3.185
2013,brb,2.815
2014,brb,2.994
2015,brb,3.062
2016,brb,3.205
2017,brb,3.348
2018,brb,3.515
2019,brb,3.702
2020,brb,3.908
1998,blr,76.284
1999,blr,325.767
2000,blr,"1,017.960"
2001,blr,"7,718.544"
2002,blr,"11,636.281"
2003,blr,"16,795.744"
2004,blr,"23,004.212"
2005,blr,"30,824.867"
2006,blr,"38,896.299"
2007,blr,"48,048.995"
2008,blr,"65,770.926"
2009,blr,"62,922.000"
2010,blr,"68,409.900"
2011,blr,"115,181.900"
2012,blr,"214,951.300"
2013,blr,"267,142.506"
2014,blr,"313,683.487"
2015,blr,"402,846.601"
2016,blr,"477,422.086"
2017,blr,"557,446.330"
2018,blr,"651,955.945"
2019,blr,"760,718.042"
2020,blr,"889,628.723"
1980,bel,41.917
1981,bel,44.525
1982,bel,49.457
1983,bel,52.822
1984,bel,57.759
1985,bel,61.530
1986,bel,63.484
1987,bel,66.390
1988,bel,69.104
1989,bel,71.969
1990,bel,77.648
1991,bel,82.336
1992,bel,85.628
1993,bel,91.640
1994,bel,96.623
1995,bel,100.429
1996,bel,104.152
1997,bel,109.873
1998,bel,115.172
1999,bel,119.709
2000,bel,125.162
2001,bel,129.816
2002,bel,134.749
2003,bel,136.609
2004,bel,143.813
2005,bel,150.203
2006,bel,156.895
2007,bel,164.310
2008,bel,171.671
2009,bel,166.946
2010,bel,176.852
2011,bel,187.401
2012,bel,196.781
2013,bel,203.614
2014,bel,206.561
2015,bel,209.111
2016,bel,213.707
2017,bel,219.132
2018,bel,225.249
2019,bel,232.080
2020,bel,239.434
1996,blz,0.309
1997,blz,0.316
1998,blz,0.339
1999,blz,0.342
2000,blz,0.375
2001,blz,0.437
2002,blz,0.431
2003,blz,0.452
2004,blz,0.469
2005,blz,0.549
2006,blz,0.635
2007,blz,0.731
2008,blz,0.778
2009,blz,0.736
2010,blz,0.778
2011,blz,0.836
2012,blz,0.837
2013,blz,0.947
2014,blz,0.954
2015,blz,0.985
2016,blz,1.023
2017,blz,1.051
2018,blz,1.088
2019,blz,1.113
2020,blz,1.139
1990,ben,79.397
1991,ben,79.288
1992,ben,93.266
1993,ben,101.850
1994,ben,145.430
1995,ben,190.401
1996,ben,217.444
1997,ben,238.165
1998,ben,251.848
1999,ben,287.220
2000,ben,298.722
2001,ben,326.996
2002,ben,347.825
2003,ben,391.285
2004,ben,413.098
2005,ben,436.847
2006,ben,472.553
2007,ben,626.828
2008,ben,633.344
2009,ben,675.817
2010,ben,651.100
2011,ben,692.714
2012,ben,797.519
2013,ben,836.438
2014,ben,848.000
2015,ben,969.728
2016,ben,"1,060.566"
2017,ben,"1,149.708"
2018,ben,"1,247.112"
2019,ben,"1,329.629"
2020,ben,"1,451.114"
1981,btn,0.575
1982,btn,0.498
1983,btn,0.676
1984,btn,0.790
1985,btn,0.970
1986,btn,1.122
1987,btn,1.447
1988,btn,1.772
1989,btn,1.620
1990,btn,1.469
1991,btn,1.749
1992,btn,1.993
1993,btn,2.881
1994,btn,3.123
1995,btn,3.930
1996,btn,4.491
1997,btn,4.657
1998,btn,4.950
1999,btn,7.860
2000,btn,8.342
2001,btn,8.383
2002,btn,8.849
2003,btn,7.054
2004,btn,10.421
2005,btn,10.439
2006,btn,13.328
2007,btn,16.083
2008,btn,18.197
2009,btn,19.027
2010,btn,30.990
2011,btn,28.172
2012,btn,32.646
2013,btn,30.664
2014,btn,33.141
2015,btn,32.077
2016,btn,41.481
2017,btn,44.945
2018,btn,53.315
2019,btn,67.149
2020,btn,88.156
1984,bol,0.001
1985,bol,0.284
1986,bol,1.486
1987,bol,1.485
1988,bol,1.888
1989,bol,2.400
1990,bol,2.838
1991,bol,3.823
1992,bol,4.591
1993,bol,5.156
1994,bol,6.568
1995,bol,7.725
1996,bol,9.064
1997,bol,10.410
1998,bol,11.646
1999,bol,12.293
2000,bol,13.287
2001,bol,13.520
2002,bol,13.890
2003,bol,14.928
2004,bol,18.661
2005,bol,23.829
2006,bol,31.473
2007,bol,35.428
2008,bol,46.953
2009,bol,43.619
2010,bol,45.727
2011,bol,60.155
2012,bol,70.729
2013,bol,82.795
2014,bol,90.914
2015,bol,83.892
2016,bol,84.235
2017,bol,92.807
2018,bol,100.786
2019,bol,110.228
2020,bol,119.945
1998,bih,4.927
1999,bih,5.785
2000,bih,6.092
2001,bih,5.928
2002,bih,6.215
2003,bih,6.897
2004,bih,7.267
2005,bih,7.992
2006,bih,9.289
2007,bih,10.231
2008,bih,11.371
2009,bih,10.925
2010,bih,11.642
2011,bih,11.834
2012,bih,11.912
2013,bih,11.910
2014,bih,12.291
2015,bih,12.782
2016,bih,13.544
2017,bih,14.340
2018,bih,15.219
2019,bih,16.319
2020,bih,17.426
2000,bwa,14.119
2001,bwa,12.709
2002,bwa,14.321
2003,bwa,16.191
2004,bwa,17.958
2005,bwa,23.008
2006,bwa,27.657
2007,bwa,28.645
2008,bwa,29.556
2009,bwa,29.024
2010,bwa,31.217
2011,bwa,38.512
2012,bwa,41.649
2013,bwa,48.643
2014,bwa,51.828
2015,bwa,55.227
2016,bwa,53.003
2017,bwa,57.036
2018,bwa,60.790
2019,bwa,63.906
2020,bwa,67.048
1996,bra,281.244
1997,bra,314.161
1998,bra,337.590
1999,bra,374.326
2000,bra,373.664
2001,bra,435.015
2002,bra,513.615
2003,bra,615.364
2004,bra,692.324
2005,bra,786.874
2006,bra,858.668
2007,bra,949.199
2008,bra,"1,115.843"
2009,bra,"1,130.527"
2010,bra,"1,401.939"
2011,bra,"1,536.455"
2012,bra,"1,669.011"
2013,bra,"1,835.345"
2014,bra,"1,877.095"
2015,bra,"2,052.063"
2016,bra,"2,189.901"
2017,bra,"2,361.043"
2018,bra,"2,575.311"
2019,bra,"2,771.739"
2020,bra,"2,993.262"
1980,brn,6.266
1981,brn,8.455
1982,brn,7.872
1983,brn,7.753
1984,brn,7.345
1985,brn,7.533
1986,brn,3.332
1987,brn,2.750
1988,brn,2.486
1989,brn,2.526
1990,brn,2.706
1991,brn,2.686
1992,brn,2.325
1993,brn,2.274
1994,brn,2.246
1995,brn,2.451
1996,brn,2.859
1997,brn,2.843
1998,brn,1.916
1999,brn,2.536
2000,brn,5.084
2001,brn,4.232
2002,brn,4.268
2003,brn,4.930
2004,brn,6.151
2005,brn,7.964
2006,brn,9.644
2007,brn,6.632
2008,brn,14.306
2009,brn,6.636
2010,brn,8.180
2011,brn,12.819
2012,brn,10.948
2013,brn,10.439
2014,brn,10.035
2015,brn,4.802
2016,brn,6.274
2017,brn,7.133
2018,brn,8.047
2019,brn,9.926
2020,brn,10.965
2000,bgr,10.273
2001,bgr,11.123
2002,bgr,11.740
2003,bgr,13.104
2004,bgr,14.916
2005,bgr,17.030
2006,bgr,19.150
2007,bgr,22.985
2008,bgr,26.359
2009,bgr,24.088
2010,bgr,23.054
2011,bgr,24.435
2012,bgr,26.516
2013,bgr,27.735
2014,bgr,28.145
2015,bgr,28.768
2016,bgr,29.107
2017,bgr,30.101
2018,bgr,31.426
2019,bgr,32.946
2020,bgr,34.635
1985,bfa,80.450
1986,bfa,88.910
1987,bfa,111.840
1988,bfa,104.160
1989,bfa,151.538
1990,bfa,103.385
1991,bfa,141.217
1992,bfa,142.304
1993,bfa,143.207
1994,bfa,188.680
1995,bfa,224.285
1996,bfa,269.145
1997,bfa,279.307
1998,bfa,319.046
1999,bfa,377.754
2000,bfa,354.156
2001,bfa,376.250
2002,bfa,377.782
2003,bfa,434.602
2004,bfa,461.796
2005,bfa,496.719
2006,bfa,"1,239.049"
2007,bfa,650.547
2008,bfa,630.752
2009,bfa,771.524
2010,bfa,880.219
2011,bfa,"1,047.287"
2012,bfa,"1,276.510"
2013,bfa,"1,441.746"
2014,bfa,"1,321.100"
2015,bfa,"1,451.189"
2016,bfa,"1,551.404"
2017,bfa,"1,705.240"
2018,bfa,"1,871.438"
2019,bfa,"2,034.067"
2020,bfa,"2,227.054"
1992,bdi,57.588
1993,bdi,60.446
1994,bdi,47.880
1995,bdi,53.477
1996,bdi,48.432
1997,bdi,57.000
1998,bdi,72.170
1999,bdi,85.143
2000,bdi,114.231
2001,bdi,121.432
2002,bdi,143.550
2003,bdi,184.571
2004,bdi,255.338
2005,bdi,272.903
2006,bdi,347.777
2007,bdi,534.876
2008,bdi,734.994
2009,bdi,717.349
2010,bdi,930.559
2011,bdi,"1,072.016"
2012,bdi,"1,136.860"
2013,bdi,"1,255.480"
2014,bdi,"1,277.148"
2015,bdi,"1,443.614"
2016,bdi,"1,581.748"
2017,bdi,"1,771.406"
2018,bdi,"1,949.769"
2019,bdi,"2,134.355"
2020,bdi,"2,298.875"
2002,cpv,22.755
2003,cpv,21.372
2004,cpv,26.110
2005,cpv,26.632
2006,cpv,30.743
2007,cpv,34.838
2008,cpv,39.116
2009,cpv,36.540
2010,cpv,38.695
2011,cpv,37.915
2012,cpv,36.688
2013,cpv,37.420
2014,cpv,38.447
2015,cpv,41.310
2016,cpv,43.877
2017,cpv,47.008
2018,cpv,51.422
2019,cpv,54.646
2020,cpv,55.363
1996,khm,748.035
1997,khm,881.960
1998,khm,943.253
1999,khm,"1,338.103"
2000,khm,"1,440.556"
2001,khm,"1,561.181"
2002,khm,"1,761.754"
2003,khm,"1,775.755"
2004,khm,"2,208.825"
2005,khm,"3,077.017"
2006,khm,"3,814.764"
2007,khm,"4,812.319"
2008,khm,"6,667.106"
2009,khm,"6,806.547"
2010,khm,"8,023.052"
2011,khm,"8,113.685"
2012,khm,"9,589.820"
2013,khm,"11,371.634"
2014,khm,"13,061.705"
2015,khm,"13,178.314"
2016,khm,"14,817.488"
2017,khm,"16,910.311"
2018,khm,"19,100.205"
2019,khm,"21,414.242"
2020,khm,"24,084.334"
2000,cmr,"1,209.650"
2001,cmr,"1,240.500"
2002,cmr,"1,323.875"
2003,cmr,"1,271.000"
2004,cmr,"1,285.921"
2005,cmr,"1,589.928"
2006,cmr,"4,448.106"
2007,cmr,"1,985.483"
2008,cmr,"2,214.088"
2009,cmr,"1,925.928"
2010,cmr,"1,940.041"
2011,cmr,"2,250.155"
2012,cmr,"2,425.814"
2013,cmr,"2,622.609"
2014,cmr,"2,743.582"
2015,cmr,"2,738.702"
2016,cmr,"3,010.151"
2017,cmr,"3,244.034"
2018,cmr,"3,475.129"
2019,cmr,"3,756.375"
2020,cmr,"3,976.289"
1980,can,128.207
1981,can,154.385
1982,can,164.290
1983,can,174.065
1984,can,191.215
1985,can,204.882
1986,can,222.378
1987,can,244.948
1988,can,270.310
1989,can,279.512
1990,can,300.843
1991,can,312.232
1992,can,321.371
1993,can,328.253
1994,can,344.371
1995,can,361.553
1996,can,377.453
1997,can,400.006
1998,can,420.017
1999,can,446.837
2000,can,480.034
2001,can,477.958
2002,can,479.741
2003,can,503.435
2004,can,533.112
2005,can,567.983
2006,can,603.886
2007,can,627.680
2008,can,637.291
2009,can,608.579
2010,can,635.053
2011,can,672.176
2012,can,695.425
2013,can,717.640
2014,can,743.593
2015,can,767.109
2016,can,805.330
2017,can,844.354
2018,can,880.339
2019,can,916.932
2020,can,962.433
1988,caf,62.651
1989,caf,62.817
1990,caf,66.633
1991,caf,55.953
1992,caf,56.912
1993,caf,52.917
1994,caf,66.748
1995,caf,85.854
1996,caf,54.773
1997,caf,70.405
1998,caf,103.371
1999,caf,106.854
2000,caf,93.360
2001,caf,87.451
2002,caf,105.982
2003,caf,63.756
2004,caf,78.454
2005,caf,88.031
2006,caf,176.495
2007,caf,117.040
2008,caf,134.710
2009,caf,150.267
2010,caf,168.694
2011,caf,138.075
2012,caf,181.263
2013,caf,63.828
2014,caf,154.121
2015,caf,158.160
2016,caf,154.983
2017,caf,173.727
2018,caf,188.666
2019,caf,207.968
2020,caf,229.190
1995,tcd,97.200
1996,tcd,110.188
1997,tcd,124.766
1998,tcd,127.165
1999,tcd,122.337
2000,tcd,135.430
2001,tcd,155.480
2002,tcd,197.340
2003,tcd,247.360
2004,tcd,273.778
2005,tcd,402.537
2006,tcd,628.676
2007,tcd,814.260
2008,tcd,"1,042.561"
2009,tcd,655.001
2010,tcd,"1,068.841"
2011,tcd,"1,421.762"
2012,tcd,"1,542.084"
2013,tcd,"1,331.033"
2014,tcd,"1,230.108"
2015,tcd,989.144
2016,tcd,"1,389.487"
2017,tcd,"1,605.287"
2018,tcd,"2,274.228"
2019,tcd,"2,584.321"
2020,tcd,"2,723.508"
1990,chl,"2,359.651"
1991,chl,"3,057.441"
1992,chl,"3,889.124"
1993,chl,"4,562.198"
1994,chl,"5,344.583"
1995,chl,"6,642.926"
1996,chl,"7,373.001"
1997,chl,"8,161.642"
1998,chl,"8,439.883"
1999,chl,"8,347.509"
2000,chl,"9,377.651"
2001,chl,"10,321.365"
2002,chl,"10,697.283"
2003,chl,"11,554.822"
2004,chl,"13,843.659"
2005,chl,"17,057.851"
2006,chl,"21,459.883"
2007,chl,"24,677.878"
2008,chl,"24,241.035"
2009,chl,"19,858.865"
2010,chl,"26,093.452"
2011,chl,"29,901.252"
2012,chl,"31,499.815"
2013,chl,"31,853.997"
2014,chl,"33,603.898"
2015,chl,"36,481.797"
2016,chl,"40,424.804"
2017,chl,"44,335.020"
2018,chl,"48,505.547"
2019,chl,"51,711.001"
2020,chl,"55,334.816"
1982,chn,131.948
1983,chn,148.955
1984,chn,171.476
1985,chn,213.340
1986,chn,228.572
1987,chn,240.720
1988,chn,261.933
1989,chn,305.012
1990,chn,331.738
1991,chn,343.139
1992,chn,367.061
1993,chn,449.482
1994,chn,521.810
1995,chn,624.220
1996,chn,740.799
1997,chn,865.114
1998,chn,987.595
1999,chn,"1,144.408"
2000,chn,"1,339.523"
2001,chn,"1,638.604"
2002,chn,"1,890.364"
2003,chn,"2,171.525"
2004,chn,"2,639.647"
2005,chn,"3,164.929"
2006,chn,"3,776.020"
2007,chn,"4,925.778"
2008,chn,"7,156.660"
2009,chn,"8,310.115"
2010,chn,"10,103.313"
2011,chn,"13,081.104"
2012,chn,"15,016.042"
2013,chn,"16,537.656"
2014,chn,"18,155.964"
2015,chn,"19,969.517"
2016,chn,"20,839.966"
2017,chn,"22,255.796"
2018,chn,"23,933.092"
2019,chn,"25,699.922"
2020,chn,"27,715.412"
1980,col,1.000
1981,col,1.000
1982,col,373.500
1983,col,479.000
1984,col,614.100
1985,col,843.800
1986,col,"1,155.300"
1987,col,"1,734.008"
1988,col,"2,228.990"
1989,col,"3,422.700"
1990,col,"4,797.400"
1991,col,"6,554.500"
1992,col,"8,554.600"
1993,col,"12,073.362"
1994,col,"16,488.602"
1995,col,"21,386.538"
1996,col,"27,164.093"
1997,col,"33,373.688"
1998,col,"37,728.831"
1999,col,"41,456.542"
2000,col,"48,982.811"
2001,col,"55,644.643"
2002,col,"60,012.487"
2003,col,"68,490.104"
2004,col,"77,422.845"
2005,col,"87,424.868"
2006,col,"104,744.622"
2007,col,"117,164.066"
2008,col,"126,673.508"
2009,col,"134,879.209"
2010,col,"142,207.045"
2011,col,"165,690.182"
2012,col,"188,311.730"
2013,col,"199,864.479"
2014,col,"217,237.388"
2015,col,"209,527.974"
2016,col,"223,826.892"
2017,col,"238,197.369"
2018,col,"255,716.380"
2019,col,"273,053.398"
2020,col,"291,901.877"
1984,com,14.542
1985,com,17.025
1986,com,18.543
1987,com,18.181
1988,com,17.545
1989,com,19.241
1990,com,21.019
1991,com,19.977
1992,com,21.218
1993,com,21.252
1994,com,23.699
1995,com,20.950
1996,com,18.195
1997,com,21.011
1998,com,17.812
1999,com,18.885
2000,com,15.556
2001,com,22.235
2002,com,26.929
2003,com,25.482
2004,com,26.434
2005,com,30.509
2006,com,29.534
2007,com,33.945
2008,com,41.853
2009,com,44.776
2010,com,58.869
2011,com,50.907
2012,com,65.242
2013,com,104.672
2014,com,61.129
2015,com,67.317
2016,com,72.644
2017,com,79.810
2018,com,87.708
2019,com,93.884
2020,com,101.762
1996,cod,0.087
1997,cod,0.224
1998,cod,0.329
1999,cod,1.294
2000,cod,8.388
2001,cod,67.602
2002,cod,153.178
2003,cod,179.136
2004,cod,288.669
2005,cod,606.942
2006,cod,789.008
2007,cod,881.183
2008,cod,"1,238.898"
2009,cod,"2,240.529"
2010,cod,"3,776.321"
2011,cod,"3,438.899"
2012,cod,"4,369.083"
2013,cod,"4,588.115"
2014,cod,"4,597.770"
2015,cod,"5,668.754"
2016,cod,"6,631.777"
2017,cod,"7,343.593"
2018,cod,"8,231.636"
2019,cod,"9,231.840"
2020,cod,"10,220.967"
1990,cog,207.636
1991,cog,196.024
1992,cog,175.781
1993,cog,184.556
1994,cog,221.969
1995,cog,251.337
1996,cog,360.587
1997,cog,389.374
1998,cog,261.530
1999,cog,387.410
2000,cog,609.388
2001,cog,631.827
2002,cog,575.414
2003,cog,613.500
2004,cog,745.800
2005,cog,"1,245.700"
2006,cog,"1,796.000"
2007,cog,"1,579.249"
2008,cog,"2,497.256"
2009,cog,"1,334.761"
2010,cog,"2,231.200"
2011,cog,"2,894.000"
2012,cog,"2,975.800"
2013,cog,"3,122.700"
2014,cog,"2,863.600"
2015,cog,"2,344.935"
2016,cog,"2,815.898"
2017,cog,"3,375.718"
2018,cog,"3,516.616"
2019,cog,"3,461.636"
2020,cog,"3,345.718"
2000,cri,610.138
2001,cri,725.563
2002,cri,808.802
2003,cri,973.273
2004,cri,"1,107.685"
2005,cri,"1,321.385"
2006,cri,"1,638.353"
2007,cri,"2,104.701"
2008,cri,"2,490.031"
2009,cri,"2,363.266"
2010,cri,"2,591.289"
2011,cri,"2,869.474"
2012,cri,"3,118.254"
2013,cri,"3,379.744"
2014,cri,"3,608.060"
2015,cri,"4,043.377"
2016,cri,"4,610.850"
2017,cri,"5,112.437"
2018,cri,"5,537.216"
2019,cri,"5,998.121"
2020,cri,"6,478.403"
1997,civ,"1,364.038"
1998,civ,"1,426.308"
1999,civ,"1,306.140"
2000,civ,"1,270.600"
2001,civ,"1,376.600"
2002,civ,"1,482.246"
2003,civ,"1,403.528"
2004,civ,"1,507.490"
2005,civ,"1,566.000"
2006,civ,"1,727.533"
2007,civ,"1,871.180"
2008,civ,"2,156.220"
2009,civ,"2,120.800"
2010,civ,"2,236.600"
2011,civ,"1,725.860"
2012,civ,"2,621.360"
2013,civ,"3,040.351"
2014,civ,"3,481.109"
2015,civ,"3,601.500"
2016,civ,"3,991.695"
2017,civ,"4,444.443"
2018,civ,"4,889.444"
2019,civ,"5,390.091"
2020,civ,"6,197.254"
2002,hrv,91.659
2003,hrv,97.952
2004,hrv,104.302
2005,hrv,111.613
2006,hrv,122.408
2007,hrv,135.997
2008,hrv,144.783
2009,hrv,136.501
2010,hrv,133.783
2011,hrv,134.948
2012,hrv,136.437
2013,hrv,137.962
2014,hrv,137.905
2015,hrv,141.319
2016,hrv,145.160
2017,hrv,150.333
2018,hrv,157.159
2019,hrv,164.134
2020,hrv,171.179
1995,cyp,2.326
1996,cyp,2.395
1997,cyp,2.447
1998,cyp,2.775
1999,cyp,2.966
2000,cyp,3.454
2001,cyp,3.828
2002,cyp,3.943
2003,cyp,4.428
2004,cyp,4.855
2005,cyp,5.566
2006,cyp,6.102
2007,cyp,7.161
2008,cyp,7.428
2009,cyp,6.802
2010,cyp,7.186
2011,cyp,7.212
2012,cyp,7.039
2013,cyp,6.805
2014,cyp,7.024
2015,cyp,6.881
2016,cyp,7.012
2017,cyp,7.155
2018,cyp,7.474
2019,cyp,7.762
2020,cyp,8.050
1995,cze,616.640
1996,cze,678.883
1997,cze,734.262
1998,cze,786.113
1999,cze,830.319
2000,cze,862.981
2001,cze,938.082
2002,cze,"1,003.019"
2003,cze,"1,164.216"
2004,cze,"1,184.834"
2005,cze,"1,239.031"
2006,cze,"1,327.765"
2007,cze,"1,476.428"
2008,cze,"1,498.574"
2009,cze,"1,462.139"
2010,cze,"1,481.054"
2011,cze,"1,528.418"
2012,cze,"1,550.637"
2013,cze,"1,588.353"
2014,cze,"1,665.232"
2015,cze,"1,702.708"
2016,cze,"1,740.553"
2017,cze,"1,812.928"
2018,cze,"1,885.595"
2019,cze,"1,970.542"
2020,cze,"2,036.491"
1980,dnk,195.457
1981,dnk,216.117
1982,dnk,239.785
1983,dnk,274.818
1984,dnk,314.359
1985,dnk,347.422
1986,dnk,384.927
1987,dnk,408.256
1988,dnk,430.606
1989,dnk,448.115
1990,dnk,456.992
1991,dnk,467.064
1992,dnk,496.308
1993,dnk,516.434
1994,dnk,553.159
1995,dnk,569.091
1996,dnk,604.026
1997,dnk,627.016
1998,dnk,652.373
1999,dnk,687.830
2000,dnk,724.150
2001,dnk,740.322
2002,dnk,750.249
2003,dnk,768.751
2004,dnk,829.363
2005,dnk,891.269
2006,dnk,922.162
2007,dnk,949.616
2008,dnk,965.312
2009,dnk,925.448
2010,dnk,977.230
2011,dnk,"1,004.200"
2012,dnk,"1,029.401"
2013,dnk,"1,056.682"
2014,dnk,"1,080.610"
2015,dnk,"1,029.636"
2016,dnk,"1,061.979"
2017,dnk,"1,080.200"
2018,dnk,"1,127.720"
2019,dnk,"1,182.455"
2020,dnk,"1,242.337"
1990,dji,30.414
1991,dji,30.961
1992,dji,34.290
1993,dji,32.822
1994,dji,31.858
1995,dji,27.169
1996,dji,27.006
1997,dji,27.778
1998,dji,31.233
1999,dji,28.983
2000,dji,30.467
2001,dji,28.774
2002,dji,30.948
2003,dji,37.966
2004,dji,42.156
2005,dji,46.714
2006,dji,47.742
2007,dji,53.002
2008,dji,73.092
2009,dji,67.707
2010,dji,68.583
2011,dji,75.960
2012,dji,83.287
2013,dji,83.383
2014,dji,100.408
2015,dji,113.570
2016,dji,114.795
2017,dji,119.783
2018,dji,115.254
2019,dji,125.105
2020,dji,151.502
1990,dma,0.153
1991,dma,0.159
1992,dma,0.163
1993,dma,0.164
1994,dma,0.173
1995,dma,0.198
1996,dma,0.216
1997,dma,0.219
1998,dma,0.239
1999,dma,0.234
2000,dma,0.272
2001,dma,0.210
2002,dma,0.224
2003,dma,0.297
2004,dma,0.292
2005,dma,0.325
2006,dma,0.357
2007,dma,0.426
2008,dma,0.453
2009,dma,0.472
2010,dma,0.484
2011,dma,0.411
2012,dma,0.409
2013,dma,0.418
2014,dma,0.424
2015,dma,0.432
2016,dma,0.445
2017,dma,0.459
2018,dma,0.474
2019,dma,0.489
2020,dma,0.506
1997,dom,34.890
1998,dom,38.949
1999,dom,43.908
2000,dom,51.692
2001,dom,60.271
2002,dom,67.009
2003,dom,80.632
2004,dom,127.577
2005,dom,159.706
2006,dom,191.955
2007,dom,238.860
2008,dom,249.843
2009,dom,229.702
2010,dom,259.204
2011,dom,285.047
2012,dom,323.479
2013,dom,372.489
2014,dom,419.491
2015,dom,440.049
2016,dom,474.799
2017,dom,512.150
2018,dom,552.059
2019,dom,596.292
2020,dom,649.493
1993,ecu,0.000
1994,ecu,0.000
1995,ecu,4.592
1996,ecu,4.653
1997,ecu,5.186
1998,ecu,4.529
1999,ecu,3.823
2000,ecu,4.400
2001,ecu,5.194
2002,ecu,6.330
2003,ecu,6.910
2004,ecu,8.177
2005,ecu,9.146
2006,ecu,11.263
2007,ecu,13.451
2008,ecu,22.062
2009,ecu,18.378
2010,ecu,23.186
2011,ecu,31.190
2012,ecu,34.570
2013,ecu,37.260
2014,ecu,39.109
2015,ecu,34.850
2016,ecu,37.449
2017,ecu,40.596
2018,ecu,42.749
2019,ecu,45.356
2020,ecu,47.686
1999,egy,91.812
2000,egy,97.672
2001,egy,101.051
2002,egy,96.238
2003,egy,109.348
2004,egy,124.285
2005,egy,133.756
2006,egy,176.571
2007,egy,206.451
2008,egy,250.834
2009,egy,288.544
2010,egy,303.360
2011,egy,302.009
2012,egy,348.864
2013,egy,403.589
2014,egy,498.948
2015,egy,538.680
2016,egy,616.255
2017,egy,702.883
2018,egy,794.254
2019,egy,884.489
2020,egy,991.135
1993,slv,0.924
1994,slv,1.167
1995,slv,1.462
1996,slv,1.711
1997,slv,1.531
1998,slv,1.708
1999,slv,1.747
2000,slv,1.968
2001,slv,1.996
2002,slv,2.051
2003,slv,2.263
2004,slv,2.460
2005,slv,2.679
2006,slv,3.118
2007,slv,3.365
2008,slv,3.549
2009,slv,3.275
2010,slv,3.671
2011,slv,4.034
2012,slv,4.257
2013,slv,4.479
2014,slv,4.520
2015,slv,4.719
2016,slv,5.010
2017,slv,5.260
2018,slv,5.512
2019,slv,5.732
2020,slv,5.970
1980,gnq,2.642
1981,gnq,2.308
1982,gnq,3.758
1983,gnq,6.061
1984,gnq,7.497
1985,gnq,7.712
1986,gnq,6.091
1987,gnq,8.346
1988,gnq,6.809
1989,gnq,13.592
1990,gnq,18.522
1991,gnq,17.916
1992,gnq,15.790
1993,gnq,17.564
1994,gnq,14.984
1995,gnq,15.542
1996,gnq,24.637
1997,gnq,55.114
1998,gnq,71.290
1999,gnq,84.039
2000,gnq,164.389
2001,gnq,348.000
2002,gnq,414.482
2003,gnq,471.162
2004,gnq,773.525
2005,gnq,"1,410.189"
2006,gnq,"2,103.730"
2007,gnq,"2,308.526"
2008,gnq,"3,051.786"
2009,gnq,"2,368.087"
2010,gnq,"2,150.931"
2011,gnq,"2,849.028"
2012,gnq,"3,194.710"
2013,gnq,"2,672.985"
2014,gnq,"2,401.943"
2015,gnq,"1,789.195"
2016,gnq,"1,637.233"
2017,gnq,"1,683.569"
2018,gnq,"1,573.726"
2019,gnq,"1,362.294"
2020,gnq,"1,202.804"
1992,eri,0.670
1993,eri,1.398
1994,eri,1.577
1995,eri,1.778
1996,eri,1.850
1997,eri,2.255
1998,eri,2.197
1999,eri,2.320
2000,eri,3.122
2001,eri,3.287
2002,eri,3.686
2003,eri,6.017
2004,eri,5.846
2005,eri,5.957
2006,eri,5.043
2007,eri,4.921
2008,eri,4.457
2009,eri,4.542
2010,eri,6.048
2011,eri,6.987
2012,eri,8.170
2013,eri,9.141
2014,eri,10.300
2015,eri,10.854
2016,eri,11.826
2017,eri,12.180
2018,eri,13.905
2019,eri,15.814
2020,eri,14.823
1995,est,1.110
1996,est,1.370
1997,est,1.752
1998,est,1.992
1999,est,1.988
2000,est,2.210
2001,est,2.420
2002,est,2.801
2003,est,3.181
2004,est,3.451
2005,est,3.938
2006,est,4.829
2007,est,5.844
2008,est,5.961
2009,est,5.986
2010,est,5.972
2011,est,6.407
2012,est,6.961
2013,est,7.199
2014,est,7.503
2015,est,7.885
2016,est,8.396
2017,est,8.903
2018,est,9.431
2019,est,10.007
2020,est,10.618
1980,eth,1.623
1981,eth,1.826
1982,eth,2.053
1983,eth,2.434
1984,eth,2.548
1985,eth,2.955
1986,eth,3.249
1987,eth,3.248
1988,eth,4.103
1989,eth,4.698
1990,eth,3.544
1991,eth,3.170
1992,eth,2.751
1993,eth,3.657
1994,eth,4.926
1995,eth,7.045
1996,eth,8.063
1997,eth,9.032
1998,eth,9.374
1999,eth,10.387
2000,eth,11.222
2001,eth,12.804
2002,eth,12.813
2003,eth,15.702
2004,eth,17.918
2005,eth,20.147
2006,eth,24.251
2007,eth,29.381
2008,eth,39.705
2009,eth,54.627
2010,eth,66.237
2011,eth,85.611
2012,eth,115.659
2013,eth,137.192
2014,eth,158.078
2015,eth,200.008
2016,eth,232.938
2017,eth,271.399
2018,eth,318.933
2019,eth,375.798
2020,eth,440.426
1992,fji,0.602
1993,fji,0.654
1994,fji,0.698
1995,fji,0.719
1996,fji,0.740
1997,fji,0.803
1998,fji,1.140
1999,fji,1.004
2000,fji,0.911
2001,fji,0.901
2002,fji,1.039
2003,fji,1.067
2004,fji,1.178
2005,fji,1.223
2006,fji,1.373
2007,fji,1.389
2008,fji,1.460
2009,fji,1.411
2010,fji,1.538
2011,fji,1.805
2012,fji,1.928
2013,fji,2.094
2014,fji,2.273
2015,fji,2.388
2016,fji,2.514
2017,fji,2.677
2018,fji,2.852
2019,fji,3.036
2020,fji,3.226
1980,fin,15.608
1981,fin,18.626
1982,fin,20.734
1983,fin,23.004
1984,fin,26.617
1985,fin,30.018
1986,fin,33.203
1987,fin,34.721
1988,fin,41.407
1989,fin,45.949
1990,fin,48.441
1991,fin,48.305
1992,fin,47.012
1993,fin,47.160
1994,fin,50.143
1995,fin,52.760
1996,fin,55.665
1997,fin,58.994
1998,fin,63.577
1999,fin,65.374
2000,fin,73.182
2001,fin,73.928
2002,fin,76.344
2003,fin,76.805
2004,fin,79.923
2005,fin,85.265
2006,fin,90.228
2007,fin,96.889
2008,fin,101.582
2009,fin,94.590
2010,fin,97.602
2011,fin,105.034
2012,fin,107.932
2013,fin,111.609
2014,fin,113.321
2015,fin,115.621
2016,fin,119.663
2017,fin,123.973
2018,fin,128.681
2019,fin,133.611
2020,fin,138.847
1980,fra,207.094
1981,fra,236.610
1982,fra,276.832
1983,fra,312.397
1984,fra,344.684
1985,fra,372.278
1986,fra,394.969
1987,fra,420.140
1988,fra,442.764
1989,fra,473.245
1990,fra,499.815
1991,fra,525.621
1992,fra,539.638
1993,fra,554.853
1994,fra,577.047
1995,fra,600.966
1996,fra,634.052
1997,fra,653.645
1998,fra,678.536
1999,fra,710.816
2000,fra,739.829
2001,fra,768.891
2002,fra,784.546
2003,fra,801.114
2004,fra,838.869
2005,fra,880.900
2006,fra,929.437
2007,fra,966.674
2008,fra,994.078
2009,fra,961.731
2010,fra,992.227
2011,fra,"1,046.576"
2012,fra,"1,083.727"
2013,fra,"1,120.396"
2014,fra,"1,141.933"
2015,fra,"1,159.671"
2016,fra,"1,183.774"
2017,fra,"1,214.096"
2018,fra,"1,251.096"
2019,fra,"1,291.267"
2020,fra,"1,334.050"
1990,gab,323.723
1991,gab,374.178
1992,gab,341.131
1993,gab,350.910
1994,gab,554.536
1995,gab,730.574
1996,gab,755.090
1997,gab,"1,029.829"
1998,gab,912.144
1999,gab,813.589
2000,gab,"1,207.598"
2001,gab,"1,173.630"
2002,gab,"1,089.899"
2003,gab,"1,095.188"
2004,gab,"1,141.846"
2005,gab,"1,434.159"
2006,gab,"1,582.572"
2007,gab,"1,636.499"
2008,gab,"2,078.129"
2009,gab,"1,685.163"
2010,gab,"1,834.003"
2011,gab,"2,486.186"
2012,gab,"2,638.092"
2013,gab,"2,621.795"
2014,gab,"2,369.756"
2015,gab,"1,886.679"
2016,gab,"2,182.955"
2017,gab,"2,360.164"
2018,gab,"2,514.587"
2019,gab,"2,649.139"
2020,gab,"2,819.795"
2000,gmb,1.220
2001,gmb,1.126
2002,gmb,1.529
2003,gmb,1.820
2004,gmb,3.065
2005,gmb,2.823
2006,gmb,3.203
2007,gmb,3.651
2008,gmb,3.848
2009,gmb,4.909
2010,gmb,5.026
2011,gmb,5.619
2012,gmb,7.397
2013,gmb,5.992
2014,gmb,7.720
2015,gmb,10.062
2016,gmb,10.927
2017,gmb,12.236
2018,gmb,13.684
2019,gmb,15.172
2020,gmb,16.632
1994,geo,0.106
1995,geo,0.259
1996,geo,0.531
1997,geo,0.669
1998,geo,0.786
1999,geo,0.873
2000,geo,0.932
2001,geo,1.106
2002,geo,1.211
2003,geo,1.368
2004,geo,2.267
2005,geo,2.838
2006,geo,3.678
2007,geo,4.972
2008,geo,5.854
2009,geo,5.264
2010,geo,5.866
2011,geo,6.870
2012,geo,7.539
2013,geo,7.386
2014,geo,8.133
2015,geo,8.519
2016,geo,9.229
2017,geo,10.027
2018,geo,10.868
2019,geo,11.786
2020,geo,12.848
1991,deu,662.583
1992,deu,734.307
1993,deu,763.108
1994,deu,807.851
1995,deu,838.690
1996,deu,857.020
1997,deu,869.690
1998,deu,894.950
1999,deu,932.370
2000,deu,946.640
2001,deu,936.130
2002,deu,940.320
2003,deu,951.580
2004,deu,951.040
2005,deu,969.330
2006,deu,"1,011.050"
2007,deu,"1,062.300"
2008,deu,"1,088.620"
2009,deu,"1,072.690"
2010,deu,"1,089.830"
2011,deu,"1,157.200"
2012,deu,"1,217.837"
2013,deu,"1,249.434"
2014,deu,"1,293.838"
2015,deu,"1,340.584"
2016,deu,"1,375.637"
2017,deu,"1,412.683"
2018,deu,"1,448.438"
2019,deu,"1,487.034"
2020,deu,"1,526.094"
1982,gha,0.001
1983,gha,0.001
1984,gha,0.002
1985,gha,0.004
1986,gha,0.008
1987,gha,0.012
1988,gha,0.017
1989,gha,0.024
1990,gha,0.024
1991,gha,0.037
1992,gha,0.036
1993,gha,0.063
1994,gha,0.099
1995,gha,0.159
1996,gha,0.186
1997,gha,0.203
1998,gha,0.279
1999,gha,0.279
2000,gha,0.539
2001,gha,0.953
2002,gha,0.957
2003,gha,1.650
2004,gha,2.294
2005,gha,2.633
2006,gha,3.192
2007,gha,4.052
2008,gha,4.813
2009,gha,6.017
2010,gha,7.694
2011,gha,11.441
2012,gha,13.935
2013,gha,15.630
2014,gha,20.874
2015,gha,25.608
2016,gha,30.511
2017,gha,36.961
2018,gha,44.245
2019,gha,49.504
2020,gha,54.008
1980,grc,1.690
1981,grc,1.930
1982,grc,2.681
1983,grc,3.318
1984,grc,4.246
1985,grc,5.162
1986,grc,6.288
1987,grc,7.305
1988,grc,8.291
1989,grc,9.322
1990,grc,12.393
1991,grc,15.520
1992,grc,18.428
1993,grc,21.471
1994,grc,25.490
1995,grc,36.943
1996,grc,41.080
1997,grc,46.741
1998,grc,49.409
1999,grc,54.592
2000,grc,59.321
2001,grc,59.929
2002,grc,63.041
2003,grc,67.290
2004,grc,70.583
2005,grc,75.219
2006,grc,84.333
2007,grc,93.358
2008,grc,98.344
2009,grc,91.952
2010,grc,92.738
2011,grc,90.602
2012,grc,86.534
2013,grc,82.040
2014,grc,78.076
2015,grc,79.470
2016,grc,83.051
2017,grc,85.873
2018,grc,88.171
2019,grc,91.280
2020,grc,93.025
1990,grd,0.159
1991,grd,0.183
1992,grd,0.170
1993,grd,0.192
1994,grd,0.192
1995,grd,0.210
1996,grd,0.230
1997,grd,0.229
1998,grd,0.276
1999,grd,0.287
2000,grd,0.330
2001,grd,0.331
2002,grd,0.319
2003,grd,0.413
2004,grd,0.391
2005,grd,0.516
2006,grd,0.512
2007,grd,0.446
2008,grd,0.539
2009,grd,0.474
2010,grd,0.513
2011,grd,0.496
2012,grd,0.449
2013,grd,0.475
2014,grd,0.583
2015,grd,0.596
2016,grd,0.611
2017,grd,0.663
2018,grd,0.700
2019,grd,0.739
2020,grd,0.779
2000,gtm,16.469
2001,gtm,18.222
2002,gtm,20.771
2003,gtm,21.809
2004,gtm,23.462
2005,gtm,24.907
2006,gtm,29.250
2007,gtm,33.611
2008,gtm,35.578
2009,gtm,34.037
2010,gtm,37.425
2011,gtm,43.178
2012,gtm,45.874
2013,gtm,49.259
2014,gtm,52.196
2015,gtm,55.533
2016,gtm,60.460
2017,gtm,65.638
2018,gtm,71.442
2019,gtm,77.397
2020,gtm,84.296
1990,gin,384.145
1991,gin,431.355
1992,gin,472.105
1993,gin,459.706
1994,gin,448.799
1995,gin,524.865
1996,gin,521.073
1997,gin,603.716
1998,gin,624.500
1999,gin,628.337
2000,gin,719.800
2001,gin,868.210
2002,gin,876.914
2003,gin,952.672
2004,gin,"1,027.373"
2005,gin,"1,631.480"
2006,gin,"2,397.750"
2007,gin,"2,620.290"
2008,gin,"3,351.789"
2009,gin,"3,662.490"
2010,gin,"4,257.690"
2011,gin,"6,824.141"
2012,gin,"9,046.635"
2013,gin,"8,543.920"
2014,gin,"11,951.134"
2015,gin,"11,728.672"
2016,gin,"13,483.536"
2017,gin,"16,022.108"
2018,gin,"18,916.994"
2019,gin,"21,587.092"
2020,gin,"24,739.044"
2000,gnb,57.571
2001,gnb,50.662
2002,gnb,32.028
2003,gnb,35.110
2004,gnb,50.639
2005,gnb,48.416
2006,gnb,50.517
2007,gnb,52.844
2008,gnb,88.429
2009,gnb,97.487
2010,gnb,85.234
2011,gnb,87.024
2012,gnb,58.138
2013,gnb,58.879
2014,gnb,115.040
2015,gnb,138.427
2016,gnb,133.959
2017,gnb,145.296
2018,gnb,157.535
2019,gnb,171.862
2020,gnb,188.530
1997,guy,43.343
1998,guy,38.373
1999,guy,45.422
2000,guy,56.264
2001,guy,57.220
2002,guy,61.358
2003,guy,57.692
2004,guy,68.268
2005,guy,74.707
2006,guy,86.793
2007,guy,99.586
2008,guy,105.437
2009,guy,118.887
2010,guy,127.571
2011,guy,143.325
2012,guy,153.685
2013,guy,157.221
2014,guy,182.857
2015,guy,195.740
2016,guy,198.470
2017,guy,216.228
2018,guy,214.347
2019,guy,227.088
2020,guy,236.511
1997,hti,5.425
1998,hti,6.089
1999,hti,6.407
2000,hti,6.537
2001,hti,6.879
2002,hti,7.906
2003,hti,10.917
2004,hti,14.305
2005,hti,22.087
2006,hti,26.558
2007,hti,34.713
2008,hti,37.901
2009,hti,47.717
2010,hti,63.822
2011,hti,66.321
2012,hti,76.774
2013,hti,75.858
2014,hti,76.076
2015,hti,89.350
2016,hti,96.185
2017,hti,106.769
2018,hti,116.414
2019,hti,127.787
2020,hti,138.458
1990,hnd,2.988
1991,hnd,4.202
1992,hnd,5.241
1993,hnd,6.064
1994,hnd,7.208
1995,hnd,8.803
1996,hnd,11.738
1997,hnd,14.862
1998,hnd,19.457
1999,hnd,23.001
2000,hnd,25.470
2001,hnd,26.290
2002,hnd,28.476
2003,hnd,30.842
2004,hnd,37.690
2005,hnd,43.825
2006,hnd,48.077
2007,hnd,57.167
2008,hnd,69.398
2009,hnd,67.151
2010,hnd,72.261
2011,hnd,77.431
2012,hnd,81.307
2013,hnd,86.406
2014,hnd,99.792
2015,hnd,112.026
2016,hnd,122.966
2017,hnd,134.748
2018,hnd,147.421
2019,hnd,160.713
2020,hnd,174.941
1984,hkg,38.500
1985,hkg,43.695
1986,hkg,48.600
1987,hkg,60.877
1988,hkg,72.658
1989,hkg,82.429
1990,hkg,89.524
1991,hkg,114.700
1992,hkg,135.300
1993,hkg,166.600
1994,hkg,175.000
1995,hkg,179.883
1996,hkg,208.609
1997,hkg,281.226
1998,hkg,216.115
1999,hkg,232.995
2000,hkg,225.060
2001,hkg,175.560
2002,hkg,177.488
2003,hkg,207.337
2004,hkg,263.591
2005,hkg,247.035
2006,hkg,288.014
2007,hkg,358.465
2008,hkg,316.562
2009,hkg,318.442
2010,hkg,376.482
2011,hkg,437.723
2012,hkg,442.150
2013,hkg,455.346
2014,hkg,511.029
2015,hkg,518.389
2016,hkg,552.928
2017,hkg,557.472
2018,hkg,592.224
2019,hkg,625.304
2020,hkg,669.366
1995,hun,"2,699.908"
1996,hun,"3,290.403"
1997,hun,"3,852.726"
1998,hun,"4,492.242"
1999,hun,"5,043.535"
2000,hun,"5,851.837"
2001,hun,"6,601.259"
2002,hun,"7,277.654"
2003,hun,"7,941.569"
2004,hun,"8,803.655"
2005,hun,"9,297.600"
2006,hun,"10,132.876"
2007,hun,"11,386.909"
2008,hun,"12,090.085"
2009,hun,"12,017.772"
2010,hun,"12,180.285"
2011,hun,"12,458.817"
2012,hun,"13,248.551"
2013,hun,"14,113.727"
2014,hun,"14,982.300"
2015,hun,"15,538.814"
2016,hun,"15,536.376"
2017,hun,"16,459.780"
2018,hun,"17,476.458"
2019,hun,"18,607.324"
2020,hun,"19,921.124"
1980,isl,5.760
1981,isl,9.289
1982,isl,15.011
1983,isl,24.632
1984,isl,33.538
1985,isl,43.874
1986,isl,58.116
1987,isl,76.125
1988,isl,103.479
1989,isl,124.568
1990,isl,148.159
1991,isl,171.483
1992,isl,173.571
1993,isl,170.004
1994,isl,178.991
1995,isl,189.606
1996,isl,207.703
1997,isl,224.331
1998,isl,241.124
1999,isl,273.760
2000,isl,298.603
2001,isl,324.177
2002,isl,341.261
2003,isl,360.763
2004,isl,410.370
2005,isl,484.428
2006,isl,562.151
2007,isl,626.457
2008,isl,655.803
2009,isl,617.120
2010,isl,641.204
2011,isl,682.426
2012,isl,741.081
2013,isl,795.864
2014,isl,938.811
2015,isl,930.611
2016,isl,958.755
2017,isl,"1,007.832"
2018,isl,"1,039.759"
2019,isl,"1,093.205"
2020,isl,"1,143.366"
1988,ind,575.642
1989,ind,665.922
1990,ind,766.851
1991,ind,962.165
1992,ind,"1,393.786"
1993,ind,"1,543.790"
1994,ind,"1,871.310"
1995,ind,"2,190.003"
1996,ind,"2,463.071"
1997,ind,"2,620.068"
1998,ind,"2,887.431"
1999,ind,"3,409.681"
2000,ind,"3,782.612"
2001,ind,"3,992.110"
2002,ind,"4,497.423"
2003,ind,"5,170.001"
2004,ind,"6,126.846"
2005,ind,"7,040.443"
2006,ind,"8,734.505"
2007,ind,"10,952.530"
2008,ind,"11,095.647"
2009,ind,"11,995.663"
2010,ind,"14,650.840"
2011,ind,"16,853.630"
2012,ind,"19,703.355"
2013,ind,"22,440.631"
2014,ind,"24,516.772"
2015,ind,"27,506.626"
2016,ind,"31,405.613"
2017,ind,"35,646.821"
2018,ind,"40,472.218"
2019,ind,"45,974.288"
2020,ind,"52,250.578"
1981,idn,"12,829.600"
1982,idn,"12,352.900"
1983,idn,"15,887.900"
1984,idn,"19,313.500"
1985,idn,"19,839.700"
1986,idn,"17,953.500"
1987,idn,"21,039.500"
1988,idn,"24,057.600"
1989,idn,"27,606.000"
1990,idn,"38,956.600"
1991,idn,"42,709.600"
1992,idn,"47,409.300"
1993,idn,"53,810.700"
1994,idn,"62,478.100"
1995,idn,"68,909.900"
1996,idn,"80,244.200"
1997,idn,"107,814.900"
1998,idn,"152,263.300"
1999,idn,"188,428.700"
2000,idn,"203,045.479"
2001,idn,"317,746.293"
2002,idn,"324,027.804"
2003,idn,"374,485.402"
2004,idn,"438,800.210"
2005,idn,"538,894.002"
2006,idn,"685,237.413"
2007,idn,"764,121.451"
2008,idn,"1,053,084.642"
2009,idn,"924,686.395"
2010,idn,"1,073,832.299"
2011,idn,"1,336,271.877"
2012,idn,"1,486,152.643"
2013,idn,"1,632,381.070"
2014,idn,"1,751,469.260"
2015,idn,"1,794,987.028"
2016,idn,"2,073,586.968"
2017,idn,"2,325,415.227"
2018,idn,"2,618,772.443"
2019,idn,"2,931,029.202"
2020,idn,"3,282,277.454"
1990,irn,"6,933.500"
1991,irn,"8,380.000"
1992,irn,"12,298.000"
1993,irn,"28,982.000"
1994,irn,"33,482.000"
1995,irn,"45,008.000"
1996,irn,"55,862.000"
1997,irn,"61,452.000"
1998,irn,"52,104.000"
1999,irn,"89,784.000"
2000,irn,"147,295.136"
2001,irn,"133,391.592"
2002,irn,"211,195.760"
2003,irn,"266,641.105"
2004,irn,"352,606.235"
2005,irn,"504,380.263"
2006,irn,"611,469.020"
2007,irn,"828,611.023"
2008,irn,"851,710.199"
2009,irn,"842,755.227"
2010,irn,"1,049,659.460"
2011,irn,"1,203,714.331"
2012,irn,"1,015,802.928"
2013,irn,"1,326,784.600"
2014,irn,"1,521,868.237"
2015,irn,"1,635,633.436"
2016,irn,"1,920,269.445"
2017,irn,"2,208,113.285"
2018,irn,"2,526,812.617"
2019,irn,"2,914,340.547"
2020,irn,"3,299,836.581"
2004,irq,"29,839.493"
2005,irq,"49,468.975"
2006,irq,"58,346.614"
2007,irq,"60,137.179"
2008,irq,"88,560.647"
2009,irq,"60,330.969"
2010,irq,"73,571.550"
2011,irq,"104,563.988"
2012,irq,"119,449.324"
2013,irq,"115,417.554"
2014,irq,"104,385.703"
2015,irq,"82,953.793"
2016,irq,"103,148.308"
2017,irq,"120,703.464"
2018,irq,"134,042.749"
2019,irq,"146,447.315"
2020,irq,"166,274.230"
1980,irl,4.822
1981,irl,5.988
1982,irl,7.495
1983,irl,8.640
1984,irl,9.607
1985,irl,11.745
1986,irl,12.115
1987,irl,12.401
1988,irl,13.581
1989,irl,13.830
1990,irl,15.101
1991,irl,16.247
1992,irl,17.579
1993,irl,18.066
1994,irl,19.626
1995,irl,20.483
1996,irl,23.153
1997,irl,27.652
1998,irl,29.467
1999,irl,33.707
2000,irl,38.676
2001,irl,40.765
2002,irl,44.449
2003,irl,48.611
2004,irl,53.854
2005,irl,59.343
2006,irl,67.776
2007,irl,71.230
2008,irl,65.389
2009,irl,56.653
2010,irl,55.486
2011,irl,57.319
2012,irl,59.083
2013,irl,60.837
2014,irl,64.262
2015,irl,65.538
2016,irl,67.249
2017,irl,68.739
2018,irl,69.929
2019,irl,71.793
2020,irl,74.060
2000,isr,239.427
2001,isr,242.469
2002,isr,251.909
2003,isr,245.496
2004,isr,251.336
2005,isr,264.109
2006,isr,290.969
2007,isr,305.462
2008,isr,303.355
2009,isr,296.457
2010,isr,325.233
2011,isr,349.695
2012,isr,361.930
2013,isr,389.533
2014,isr,406.488
2015,isr,426.079
2016,isr,447.886
2017,isr,477.181
2018,isr,507.210
2019,isr,537.704
2020,isr,566.366
1988,ita,184.948
1989,ita,207.342
1990,ita,236.513
1991,ita,283.279
1992,ita,314.663
1993,ita,333.273
1994,ita,339.384
1995,ita,398.884
1996,ita,463.840
1997,ita,509.839
1998,ita,512.322
1999,ita,533.955
2000,ita,547.437
2001,ita,573.136
2002,ita,588.291
2003,ita,609.566
2004,ita,626.725
2005,ita,640.143
2006,ita,681.983
2007,ita,728.556
2008,ita,736.728
2009,ita,721.780
2010,ita,732.373
2011,ita,747.747
2012,ita,771.702
2013,ita,771.551
2014,ita,786.229
2015,ita,786.365
2016,ita,803.611
2017,ita,824.777
2018,ita,845.986
2019,ita,866.697
2020,ita,889.262
1990,jam,9.649
1991,jam,15.075
1992,jam,23.557
1993,jam,33.614
1994,jam,44.596
1995,jam,58.524
1996,jam,63.085
1997,jam,66.426
1998,jam,74.096
1999,jam,90.373
2000,jam,101.021
2001,jam,102.588
2002,jam,117.238
2003,jam,149.902
2004,jam,171.539
2005,jam,186.684
2006,jam,211.311
2007,jam,252.036
2008,jam,276.200
2009,jam,300.193
2010,jam,314.558
2011,jam,322.457
2012,jam,344.668
2013,jam,396.982
2014,jam,417.826
2015,jam,457.883
2016,jam,493.417
2017,jam,533.391
2018,jam,569.828
2019,jam,621.113
2020,jam,674.402
1980,jpn,"66,601.911"
1981,jpn,"74,991.301"
1982,jpn,"79,446.276"
1983,jpn,"82,884.195"
1984,jpn,"89,971.074"
1985,jpn,"97,521.727"
1986,jpn,"102,109.310"
1987,jpn,"110,785.462"
1988,jpn,"119,201.434"
1989,jpn,"128,297.558"
1990,jpn,"142,520.354"
1991,jpn,"149,934.372"
1992,jpn,"152,504.956"
1993,jpn,"146,816.543"
1994,jpn,"144,529.800"
1995,jpn,"146,929.900"
1996,jpn,"151,893.800"
1997,jpn,"155,818.000"
1998,jpn,"150,605.600"
1999,jpn,"147,930.400"
2000,jpn,"149,068.000"
2001,jpn,"153,317.900"
2002,jpn,"144,333.100"
2003,jpn,"141,792.600"
2004,jpn,"140,563.200"
2005,jpn,"147,631.900"
2006,jpn,"156,253.700"
2007,jpn,"160,171.800"
2008,jpn,"158,481.100"
2009,jpn,"139,406.800"
2010,jpn,"142,833.200"
2011,jpn,"145,107.400"
2012,jpn,"147,788.100"
2013,jpn,"153,583.500"
2014,jpn,"158,918.175"
2015,jpn,"166,854.470"
2016,jpn,"170,249.594"
2017,jpn,"175,137.278"
2018,jpn,"181,053.207"
2019,jpn,"184,344.438"
2020,jpn,"189,115.300"
1985,jor,0.703
1986,jor,0.709
1987,jor,0.660
1988,jor,0.738
1989,jor,0.870
1990,jor,1.015
1991,jor,1.034
1992,jor,1.371
1993,jor,1.352
1994,jor,1.422
1995,jor,1.621
1996,jor,1.650
1997,jor,1.620
1998,jor,1.705
1999,jor,1.788
2000,jor,1.802
2001,jor,1.926
2002,jor,2.010
2003,jor,2.511
2004,jor,2.962
2005,jor,2.971
2006,jor,3.454
2007,jor,3.920
2008,jor,4.690
2009,jor,4.476
2010,jor,4.664
2011,jor,5.414
2012,jor,5.054
2013,jor,5.758
2014,jor,7.091
2015,jor,6.976
2016,jor,8.142
2017,jor,8.862
2018,jor,9.592
2019,jor,10.203
2020,jor,10.921
1994,kaz,94.000
1995,kaz,171.000
1996,kaz,187.200
1997,kaz,225.246
1998,kaz,315.242
1999,kaz,353.651
2000,kaz,568.200
2001,kaz,833.900
2002,kaz,847.815
2003,kaz,"1,169.189"
2004,kaz,"1,441.123"
2005,kaz,"2,131.724"
2006,kaz,"2,803.917"
2007,kaz,"3,705.752"
2008,kaz,"4,542.243"
2009,kaz,"3,765.851"
2010,kaz,"5,223.314"
2011,kaz,"7,638.320"
2012,kaz,"8,170.301"
2013,kaz,"8,911.319"
2014,kaz,"9,419.852"
2015,kaz,"7,856.739"
2016,kaz,"9,274.904"
2017,kaz,"10,620.172"
2018,kaz,"11,754.002"
2019,kaz,"12,908.870"
2020,kaz,"14,082.933"
1982,ken,18.233
1983,ken,19.533
1984,ken,21.699
1985,ken,25.050
1986,ken,28.855
1987,ken,34.404
1988,ken,40.693
1989,ken,46.665
1990,ken,53.832
1991,ken,43.437
1992,ken,47.246
1993,ken,65.664
1994,ken,107.595
1995,ken,146.024
1996,ken,159.031
1997,ken,177.847
1998,ken,201.983
1999,ken,201.455
2000,ken,200.537
2001,ken,210.492
2002,ken,215.142
2003,ken,248.287
2004,ken,287.794
2005,ken,318.014
2006,ken,359.923
2007,ken,423.330
2008,ken,482.870
2009,ken,538.194
2010,ken,627.547
2011,ken,724.881
2012,ken,815.810
2013,ken,934.771
2014,ken,"1,094.646"
2015,ken,"1,292.031"
2016,ken,"1,521.591"
2017,ken,"1,773.282"
2018,ken,"2,039.751"
2019,ken,"2,318.903"
2020,ken,"2,621.592"
1988,kir,0.024
1989,kir,0.030
1990,kir,0.045
1991,kir,0.038
1992,kir,0.052
1993,kir,0.048
1994,kir,0.049
1995,kir,0.058
1996,kir,0.048
1997,kir,0.081
1998,kir,0.103
1999,kir,0.088
2000,kir,0.084
2001,kir,0.111
2002,kir,0.133
2003,kir,0.108
2004,kir,0.115
2005,kir,0.121
2006,kir,0.101
2007,kir,0.103
2008,kir,0.109
2009,kir,0.115
2010,kir,0.119
2011,kir,0.104
2012,kir,0.153
2013,kir,0.198
2014,kir,0.299
2015,kir,0.235
2016,kir,0.190
2017,kir,0.188
2018,kir,0.186
2019,kir,0.181
2020,kir,0.185
1995,kor,"70,862.000"
1996,kor,"82,971.000"
1997,kor,"90,740.000"
1998,kor,"95,349.442"
1999,kor,"106,006.343"
2000,kor,"134,647.239"
2001,kor,"141,863.849"
2002,kor,"155,444.451"
2003,kor,"168,216.315"
2004,kor,"175,250.012"
2005,kor,"188,543.600"
2006,kor,"206,084.200"
2007,kor,"236,006.246"
2008,kor,"246,608.524"
2009,kor,"245,476.799"
2010,kor,"265,779.722"
2011,kor,"287,403.636"
2012,kor,"304,677.450"
2013,kor,"308,023.650"
2014,kor,"321,672.812"
2015,kor,"337,141.849"
2016,kor,"354,038.965"
2017,kor,"374,747.977"
2018,kor,"397,565.497"
2019,kor,"421,691.599"
2020,kor,"447,407.036"
1999,uvk,0.035
2000,uvk,0.249
2001,uvk,0.362
2002,uvk,0.509
2003,uvk,0.590
2004,uvk,0.615
2005,uvk,0.628
2006,uvk,0.720
2007,uvk,0.898
2008,uvk,0.943
2009,uvk,1.151
2010,uvk,1.164
2011,uvk,1.305
2012,uvk,1.322
2013,uvk,1.312
2014,uvk,1.334
2015,uvk,1.476
2016,uvk,1.546
2017,uvk,1.606
2018,uvk,1.694
2019,uvk,1.790
2020,uvk,1.895
1990,kwt,3.214
1991,kwt,1.655
1992,kwt,2.403
1993,kwt,3.300
1994,kwt,3.645
1995,kwt,4.279
1996,kwt,5.292
1997,kwt,5.602
1998,kwt,4.656
1999,kwt,5.509
2000,kwt,7.888
2001,kwt,7.661
2002,kwt,7.093
2003,kwt,7.749
2004,kwt,9.882
2005,kwt,16.852
2006,kwt,18.804
2007,kwt,21.989
2008,kwt,23.994
2009,kwt,21.161
2010,kwt,23.385
2011,kwt,31.026
2012,kwt,35.800
2013,kwt,36.118
2014,kwt,34.455
2015,kwt,23.541
2016,kwt,27.111
2017,kwt,30.212
2018,kwt,32.104
2019,kwt,33.636
2020,kwt,35.084
1993,kgz,1.318
1994,kgz,2.503
1995,kgz,3.933
1996,kgz,4.567
1997,kgz,6.702
1998,kgz,8.191
1999,kgz,10.914
2000,kgz,12.781
2001,kgz,15.792
2002,kgz,17.865
2003,kgz,19.641
2004,kgz,22.803
2005,kgz,26.023
2006,kgz,31.173
2007,kgz,44.248
2008,kgz,56.922
2009,kgz,66.930
2010,kgz,68.872
2011,kgz,93.797
2012,kgz,108.432
2013,kgz,122.394
2014,kgz,143.106
2015,kgz,154.513
2016,kgz,166.772
2017,kgz,188.324
2018,kgz,210.137
2019,kgz,232.650
2020,kgz,252.824
2000,lao,"2,248.900"
2001,lao,"2,476.117"
2002,lao,"2,683.148"
2003,lao,"2,797.959"
2004,lao,"3,104.191"
2005,lao,"3,886.075"
2006,lao,"4,962.370"
2007,lao,"6,134.085"
2008,lao,"7,133.702"
2009,lao,"8,098.594"
2010,lao,"12,099.142"
2011,lao,"13,891.225"
2012,lao,"16,958.402"
2013,lao,"19,186.547"
2014,lao,"22,211.424"
2015,lao,"23,121.365"
2016,lao,"24,944.326"
2017,lao,"28,155.568"
2018,lao,"32,690.366"
2019,lao,"37,232.436"
2020,lao,"42,720.594"
1998,lva,2.191
1999,lva,2.249
2000,lva,2.309
2001,lva,2.414
2002,lva,2.667
2003,lva,2.996
2004,lva,3.589
2005,lva,4.553
2006,lva,5.714
2007,lva,7.612
2008,lva,8.149
2009,lva,6.737
2010,lva,6.555
2011,lva,7.236
2012,lva,8.171
2013,lva,8.381
2014,lva,8.535
2015,lva,8.792
2016,lva,8.905
2017,lva,9.128
2018,lva,9.937
2019,lva,10.476
2020,lva,10.909
1990,lbn,191.100
1991,lbn,655.900
1992,lbn,"1,138.108"
1993,lbn,"2,052.000"
1994,lbn,"2,748.280"
1995,lbn,"3,105.670"
1996,lbn,"3,604.570"
1997,lbn,"3,825.551"
1998,lbn,"4,503.537"
1999,lbn,"4,880.275"
2000,lbn,"4,848.808"
2001,lbn,"4,684.833"
2002,lbn,"5,847.854"
2003,lbn,"6,596.700"
2004,lbn,"7,485.261"
2005,lbn,"7,405.000"
2006,lbn,"8,485.868"
2007,lbn,"9,081.794"
2008,lbn,"10,741.000"
2009,lbn,"12,801.521"
2010,lbn,"12,567.400"
2011,lbn,"13,768.875"
2012,lbn,"14,461.864"
2013,lbn,"14,199.066"
2014,lbn,"15,980.589"
2015,lbn,"16,182.907"
2016,lbn,"17,656.005"
2017,lbn,"18,752.786"
2018,lbn,"19,856.929"
2019,lbn,"21,182.296"
2020,lbn,"22,597.922"
1982,lso,0.115
1983,lso,0.135
1984,lso,0.170
1985,lso,0.226
1986,lso,0.265
1987,lso,0.342
1988,lso,0.387
1989,lso,0.550
1990,lso,0.689
1991,lso,0.820
1992,lso,0.981
1993,lso,1.181
1994,lso,1.354
1995,lso,1.570
1996,lso,1.886
1997,lso,2.096
1998,lso,2.050
1999,lso,2.120
2000,lso,2.357
2001,lso,2.746
2002,lso,3.168
2003,lso,3.602
2004,lso,4.248
2005,lso,4.661
2006,lso,6.465
2007,lso,7.183
2008,lso,8.888
2009,lso,9.328
2010,lso,8.559
2011,lso,9.616
2012,lso,13.150
2013,lso,13.274
2014,lso,14.460
2015,lso,15.120
2016,lso,14.001
2017,lso,16.096
2018,lso,17.693
2019,lso,19.528
2020,lso,21.581
2000,lbr,0.087
2001,lbr,0.070
2002,lbr,0.073
2003,lbr,0.049
2004,lbr,0.069
2005,lbr,0.077
2006,lbr,0.115
2007,lbr,0.176
2008,lbr,0.211
2009,lbr,0.263
2010,lbr,0.346
2011,lbr,0.400
2012,lbr,0.497
2013,lbr,0.552
2014,lbr,0.538
2015,lbr,0.543
2016,lbr,0.547
2017,lbr,0.603
2018,lbr,0.679
2019,lbr,0.772
2020,lbr,0.862
1990,lby,2.985
1991,lby,3.524
1992,lby,2.686
1993,lby,2.494
1994,lby,2.818
1995,lby,3.673
1996,lby,5.604
1997,lby,4.635
1998,lby,4.408
1999,lby,5.622
2000,lby,8.175
2001,lby,7.891
2002,lby,12.850
2003,lby,16.614
2004,lby,23.272
2005,lby,37.413
2006,lby,45.457
2007,lby,53.091
2008,lby,72.897
2009,lby,41.786
2010,lby,61.504
2011,lby,16.614
2012,lby,74.714
2013,lby,54.762
2014,lby,21.395
2015,lby,12.870
2016,lby,23.114
2017,lby,46.337
2018,lby,51.212
2019,lby,59.621
2020,lby,62.169
1990,ltu,0.315
1991,ltu,0.316
1992,ltu,0.316
1993,ltu,1.012
1994,ltu,1.551
1995,ltu,2.256
1996,ltu,2.703
1997,ltu,3.622
1998,ltu,4.065
1999,ltu,3.964
2000,ltu,4.262
2001,ltu,4.460
2002,ltu,4.770
2003,ltu,5.134
2004,ltu,5.775
2005,ltu,6.914
2006,ltu,8.015
2007,ltu,9.714
2008,ltu,11.042
2009,ltu,9.244
2010,ltu,9.616
2011,ltu,10.183
2012,ltu,10.695
2013,ltu,11.220
2014,ltu,11.915
2015,ltu,12.325
2016,ltu,12.857
2017,ltu,13.642
2018,ltu,14.565
2019,ltu,15.508
2020,ltu,16.487
1995,lux,6.503
1996,lux,6.807
1997,lux,7.377
1998,lux,7.869
1999,lux,8.610
2000,lux,9.742
2001,lux,10.117
2002,lux,10.610
2003,lux,11.056
2004,lux,11.492
2005,lux,12.708
2006,lux,13.652
2007,lux,15.209
2008,lux,15.992
2009,lux,16.057
2010,lux,17.045
2011,lux,18.075
2012,lux,19.060
2013,lux,20.136
2014,lux,21.004
2015,lux,21.340
2016,lux,22.421
2017,lux,23.257
2018,lux,24.355
2019,lux,25.342
2020,lux,26.573
1997,mkd,63.705
1998,mkd,63.938
1999,mkd,73.023
2000,mkd,85.533
2001,mkd,79.453
2002,mkd,85.204
2003,mkd,96.535
2004,mkd,96.845
2005,mkd,100.875
2006,mkd,103.617
2007,mkd,119.422
2008,mkd,136.222
2009,mkd,128.261
2010,mkd,131.625
2011,mkd,136.387
2012,mkd,137.444
2013,mkd,139.711
2014,mkd,145.201
2015,mkd,159.351
2016,mkd,165.493
2017,mkd,172.572
2018,mkd,184.142
2019,mkd,196.486
2020,mkd,208.433
1980,mdg,26.143
1981,mdg,21.519
1982,mdg,24.825
1983,mdg,30.260
1984,mdg,35.858
1985,mdg,48.331
1986,mdg,52.651
1987,mdg,57.599
1988,mdg,98.832
1989,mdg,125.258
1990,mdg,153.105
1991,mdg,110.068
1992,mdg,157.060
1993,mdg,169.350
1994,mdg,207.358
1995,mdg,312.507
1996,mdg,423.498
1997,mdg,548.255
1998,mdg,564.758
1999,mdg,711.860
2000,mdg,814.178
2001,mdg,838.121
2002,mdg,610.630
2003,mdg,"1,044.957"
2004,mdg,"1,653.451"
2005,mdg,"1,863.536"
2006,mdg,"2,477.036"
2007,mdg,"2,201.059"
2008,mdg,"2,562.942"
2009,mdg,"1,927.403"
2010,mdg,"2,403.535"
2011,mdg,"2,338.918"
2012,mdg,"2,358.129"
2013,mdg,"2,549.568"
2014,mdg,"3,081.600"
2015,mdg,"3,632.643"
2016,mdg,"4,323.833"
2017,mdg,"5,003.690"
2018,mdg,"5,716.922"
2019,mdg,"6,408.040"
2020,mdg,"7,111.527"
2002,mwi,33.577
2003,mwi,54.291
2004,mwi,74.515
2005,mwi,98.232
2006,mwi,138.807
2007,mwi,164.498
2008,mwi,192.053
2009,mwi,218.212
2010,mwi,305.653
2011,mwi,252.382
2012,mwi,373.882
2013,mwi,485.538
2014,mwi,578.501
2015,mwi,728.546
2016,mwi,866.593
2017,mwi,"1,014.043"
2018,mwi,"1,092.316"
2019,mwi,"1,223.217"
2020,mwi,"1,359.919"
1990,mys,39.191
1991,mys,42.671
1992,mys,49.258
1993,mys,52.612
1994,mys,61.136
1995,mys,62.272
1996,mys,70.912
1997,mys,79.783
1998,mys,69.369
1999,mys,70.886
2000,mys,76.004
2001,mys,91.633
2002,mys,96.763
2003,mys,107.055
2004,mys,116.329
2005,mys,123.578
2006,mys,143.601
2007,mys,162.504
2008,mys,189.645
2009,mys,182.640
2010,mys,184.460
2011,mys,217.488
2012,mys,243.227
2013,mys,245.434
2014,mys,258.812
2015,mys,260.564
2016,mys,288.933
2017,mys,310.569
2018,mys,342.032
2019,mys,374.883
2020,mys,403.771
1990,mdv,0.454
1991,mdv,0.739
1992,mdv,0.759
1993,mdv,0.791
1994,mdv,1.142
1995,mdv,1.404
1996,mdv,1.564
1997,mdv,1.820
1998,mdv,1.928
1999,mdv,2.221
2000,mdv,2.369
2001,mdv,2.506
2002,mdv,2.710
2003,mdv,3.060
2004,mdv,3.404
2005,mdv,4.578
2006,mdv,6.105
2007,mdv,7.534
2008,mdv,7.414
2009,mdv,5.721
2010,mdv,6.491
2011,mdv,9.370
2012,mdv,10.090
2013,mdv,11.632
2014,mdv,14.192
2015,mdv,16.379
2016,mdv,17.896
2017,mdv,19.157
2018,mdv,20.686
2019,mdv,22.333
2020,mdv,23.979
2000,mli,352.282
2001,mli,394.851
2002,mli,456.692
2003,mli,536.528
2004,mli,557.960
2005,mli,621.605
2006,mli,"1,798.667"
2007,mli,730.254
2008,mli,741.500
2009,mli,918.936
2010,mli,935.807
2011,mli,"1,049.597"
2012,mli,925.843
2013,mli,"1,151.093"
2014,mli,"1,345.169"
2015,mli,"1,391.900"
2016,mli,"1,506.681"
2017,mli,"1,661.793"
2018,mli,"1,827.594"
2019,mli,"2,016.794"
2020,mli,"2,182.978"
2000,mlt,1.527
2001,mlt,1.617
2002,mlt,1.707
2003,mlt,1.730
2004,mlt,1.841
2005,mlt,2.033
2006,mlt,2.138
2007,mlt,2.238
2008,mlt,2.351
2009,mlt,2.365
2010,mlt,2.490
2011,mlt,2.638
2012,mlt,2.799
2013,mlt,2.994
2014,mlt,3.221
2015,mlt,3.537
2016,mlt,3.622
2017,mlt,3.780
2018,mlt,3.945
2019,mlt,4.119
2020,mlt,4.300
1995,mhl,0.078
1996,mhl,0.078
1997,mhl,0.069
1998,mhl,0.072
1999,mhl,0.065
2000,mhl,0.074
2001,mhl,0.082
2002,mhl,0.080
2003,mhl,0.083
2004,mhl,0.070
2005,mhl,0.087
2006,mhl,0.088
2007,mhl,0.102
2008,mhl,0.100
2009,mhl,0.098
2010,mhl,0.101
2011,mhl,0.100
2012,mhl,0.095
2013,mhl,0.103
2014,mhl,0.108
2015,mhl,0.124
2016,mhl,0.131
2017,mhl,0.127
2018,mhl,0.125
2019,mhl,0.127
2020,mhl,0.129
1990,mrt,21.980
1991,mrt,22.100
1992,mrt,22.880
1993,mrt,32.156
1994,mrt,31.613
1995,mrt,35.293
1996,mrt,47.715
1997,mrt,44.560
1998,mrt,47.409
1999,mrt,54.579
2000,mrt,63.803
2001,mrt,70.739
2002,mrt,108.571
2003,mrt,119.684
2004,mrt,130.414
2005,mrt,141.624
2006,mrt,221.564
2007,mrt,205.410
2008,mrt,204.551
2009,mrt,198.434
2010,mrt,262.003
2011,mrt,324.064
2012,mrt,465.611
2013,mrt,422.663
2014,mrt,424.007
2015,mrt,457.091
2016,mrt,464.761
2017,mrt,513.030
2018,mrt,544.594
2019,mrt,594.970
2020,mrt,675.034
2000,mus,23.103
2001,mus,23.988
2002,mus,27.784
2003,mus,31.987
2004,mus,34.863
2005,mus,37.635
2006,mus,40.694
2007,mus,47.695
2008,mus,57.719
2009,mus,64.291
2010,mus,65.479
2011,mus,69.223
2012,mus,73.773
2013,mus,78.260
2014,mus,79.663
2015,mus,87.202
2016,mus,93.400
2017,mus,99.552
2018,mus,106.089
2019,mus,111.906
2020,mus,119.894
1990,mex,182.564
1991,mex,220.719
1992,mex,255.331
1993,mex,284.740
1994,mex,313.160
1995,mex,401.275
1996,mex,558.248
1997,mex,700.686
1998,mex,767.049
1999,mex,936.989
2000,mex,"1,157.032"
2001,mex,"1,230.494"
2002,mex,"1,343.536"
2003,mex,"1,512.707"
2004,mex,"1,717.979"
2005,mex,"1,932.630"
2006,mex,"2,305.820"
2007,mex,"2,525.809"
2008,mex,"3,059.643"
2009,mex,"2,668.803"
2010,mex,"3,002.406"
2011,mex,"3,437.057"
2012,mex,"3,723.781"
2013,mex,"3,905.347"
2014,mex,"3,998.686"
2015,mex,"3,982.521"
2016,mex,"4,192.067"
2017,mex,"4,551.785"
2018,mex,"4,900.544"
2019,mex,"5,229.729"
2020,mex,"5,600.554"
1995,fsm,0.170
1996,fsm,0.163
1997,fsm,0.139
1998,fsm,0.152
1999,fsm,0.149
2000,fsm,0.149
2001,fsm,0.141
2002,fsm,0.160
2003,fsm,0.170
2004,fsm,0.133
2005,fsm,0.134
2006,fsm,0.139
2007,fsm,0.143
2008,fsm,0.151
2009,fsm,0.183
2010,fsm,0.200
2011,fsm,0.201
2012,fsm,0.215
2013,fsm,0.196
2014,fsm,0.216
2015,fsm,0.195
2016,fsm,0.194
2017,fsm,0.198
2018,fsm,0.201
2019,fsm,0.206
2020,fsm,0.210
1995,mda,2.556
1996,mda,2.797
1997,mda,3.431
1998,mda,3.427
1999,mda,3.743
2000,mda,4.982
2001,mda,5.556
2002,mda,6.668
2003,mda,9.383
2004,mda,11.340
2005,mda,14.519
2006,mda,17.847
2007,mda,22.900
2008,mda,25.564
2009,mda,23.518
2010,mda,27.537
2011,mda,30.138
2012,mda,33.476
2013,mda,36.908
2014,mda,42.456
2015,mda,45.174
2016,mda,47.972
2017,mda,51.069
2018,mda,54.838
2019,mda,59.075
2020,mda,63.781
1981,mng,3.720
1982,mng,4.182
1983,mng,4.478
1984,mng,4.680
1985,mng,4.918
1986,mng,4.360
1987,mng,4.540
1988,mng,4.681
1989,mng,5.243
1990,mng,5.295
1991,mng,8.965
1992,mng,11.800
1993,mng,56.812
1994,mng,85.745
1995,mng,140.901
1996,mng,160.435
1997,mng,212.143
1998,mng,225.505
1999,mng,251.700
2000,mng,351.396
2001,mng,429.499
2002,mng,477.049
2003,mng,553.888
2004,mng,713.113
2005,mng,837.858
2006,mng,"1,360.410"
2007,mng,"1,880.489"
2008,mng,"2,170.370"
2009,mng,"1,993.996"
2010,mng,"3,122.192"
2011,mng,"4,468.270"
2012,mng,"4,975.892"
2013,mng,"5,983.606"
2014,mng,"6,121.616"
2015,mng,"6,186.232"
2016,mng,"6,804.564"
2017,mng,"7,499.714"
2018,mng,"8,647.784"
2019,mng,"9,791.373"
2020,mng,"11,385.056"
2002,mne,0.484
2003,mne,0.582
2004,mne,0.624
2005,mne,0.667
2006,mne,0.966
2007,mne,1.319
2008,mne,1.494
2009,mne,1.266
2010,mne,1.281
2011,mne,1.246
2012,mne,1.259
2013,mne,1.382
2014,mne,1.500
2015,mne,1.516
2016,mne,1.576
2017,mne,1.643
2018,mne,1.717
2019,mne,1.798
2020,mne,1.885
1990,mar,57.241
1991,mar,60.543
1992,mar,63.659
1993,mar,67.245
1994,mar,68.184
1995,mar,67.571
1996,mar,75.140
1997,mar,81.117
1998,mar,87.860
1999,mar,95.582
2000,mar,92.858
2001,mar,96.111
2002,mar,108.033
2003,mar,109.807
2004,mar,121.112
2005,mar,138.649
2006,mar,157.979
2007,mar,184.400
2008,mar,224.087
2009,mar,214.466
2010,mar,210.390
2011,mar,223.253
2012,mar,237.739
2013,mar,250.022
2014,mar,259.347
2015,mar,263.350
2016,mar,286.665
2017,mar,313.482
2018,mar,334.723
2019,mar,359.794
2020,mar,386.333
1980,moz,0.021
1981,moz,0.021
1982,moz,0.032
1983,moz,0.026
1984,moz,0.025
1985,moz,0.022
1986,moz,0.026
1987,moz,0.108
1988,moz,0.229
1989,moz,0.398
1990,moz,0.545
1991,moz,0.847
1992,moz,1.353
1993,moz,2.025
1994,moz,3.383
1995,moz,4.503
1996,moz,5.829
1997,moz,8.291
1998,moz,9.142
1999,moz,12.281
2000,moz,14.390
2001,moz,19.107
2002,moz,21.491
2003,moz,25.007
2004,moz,26.168
2005,moz,30.524
2006,moz,41.321
2007,moz,52.326
2008,moz,60.903
2009,moz,72.033
2010,moz,89.967
2011,moz,104.383
2012,moz,116.787
2013,moz,151.537
2014,moz,167.516
2015,moz,171.936
2016,moz,193.762
2017,moz,218.750
2018,moz,247.052
2019,moz,278.846
2020,moz,341.748
1998,mmr,317.129
1999,mmr,391.729
2000,mmr,380.907
2001,mmr,463.482
2002,mmr,657.267
2003,mmr,836.168
2004,mmr,"1,062.935"
2005,mmr,"1,669.538"
2006,mmr,"2,484.900"
2007,mmr,"3,301.006"
2008,mmr,"3,677.360"
2009,mmr,"3,740.035"
2010,mmr,"4,551.171"
2011,mmr,"5,200.601"
2012,mmr,"11,152.386"
2013,mmr,"12,685.259"
2014,mmr,"15,470.992"
2015,mmr,"17,817.071"
2016,mmr,"21,325.875"
2017,mmr,"24,460.203"
2018,mmr,"28,220.541"
2019,mmr,"32,036.047"
2020,mmr,"36,356.057"
1990,nam,2.066
1991,nam,2.448
1992,nam,2.824
1993,nam,3.044
1994,nam,3.509
1995,nam,3.966
1996,nam,4.510
1997,nam,5.368
1998,nam,6.000
1999,nam,6.954
2000,nam,7.964
2001,nam,8.772
2002,nam,10.092
2003,nam,9.933
2004,nam,10.979
2005,nam,12.653
2006,nam,15.938
2007,nam,19.728
2008,nam,22.753
2009,nam,23.874
2010,nam,23.538
2011,nam,28.282
2012,nam,35.954
2013,nam,39.583
2014,nam,48.721
2015,nam,54.412
2016,nam,55.282
2017,nam,61.542
2018,nam,74.109
2019,nam,84.362
2020,nam,94.164
2000,npl,46.242
2001,npl,53.129
2002,npl,55.176
2003,npl,65.238
2004,npl,71.358
2005,npl,82.653
2006,npl,85.089
2007,npl,103.220
2008,npl,121.877
2009,npl,166.196
2010,npl,214.726
2011,npl,241.573
2012,npl,285.185
2013,npl,326.530
2014,npl,404.157
2015,npl,462.966
2016,npl,522.825
2017,npl,585.059
2018,npl,657.827
2019,npl,728.649
2020,npl,805.108
1995,nld,144.168
1996,nld,152.020
1997,nld,158.443
1998,nld,166.012
1999,nld,181.671
2000,nld,195.536
2001,nld,203.910
2002,nld,206.748
2003,nld,211.293
2004,nld,219.517
2005,nld,229.370
2006,nld,250.379
2007,nld,261.428
2008,nld,279.694
2009,nld,263.818
2010,nld,272.581
2011,nld,274.434
2012,nld,278.705
2013,nld,286.159
2014,nld,287.175
2015,nld,283.993
2016,nld,292.991
2017,nld,300.043
2018,nld,309.225
2019,nld,318.792
2020,nld,328.639
1985,nzl,16.012
1986,nzl,19.661
1987,nzl,24.059
1988,nzl,27.722
1989,nzl,30.416
1990,nzl,32.413
1991,nzl,31.845
1992,nzl,32.292
1993,nzl,33.888
1994,nzl,36.044
1995,nzl,38.813
1996,nzl,38.539
1997,nzl,38.071
1998,nzl,37.929
1999,nzl,38.327
2000,nzl,41.131
2001,nzl,43.956
2002,nzl,47.484
2003,nzl,51.603
2004,nzl,56.183
2005,nzl,61.357
2006,nzl,64.814
2007,nzl,67.315
2008,nzl,68.519
2009,nzl,66.951
2010,nzl,68.892
2011,nzl,71.706
2012,nzl,73.170
2013,nzl,76.721
2014,nzl,80.425
2015,nzl,84.595
2016,nzl,88.286
2017,nzl,92.341
2018,nzl,96.420
2019,nzl,100.309
2020,nzl,104.998
2000,nic,14.745
2001,nic,14.023
2002,nic,15.505
2003,nic,17.857
2004,nic,20.817
2005,nic,24.346
2006,nic,26.143
2007,nic,30.497
2008,nic,34.397
2009,nic,34.793
2010,nic,40.750
2011,nic,50.042
2012,nic,57.760
2013,nic,62.637
2014,nic,70.160
2015,nic,79.010
2016,nic,91.411
2017,nic,101.536
2018,nic,113.418
2019,nic,125.880
2020,nic,139.849
1995,ner,106.552
1996,ner,128.960
1997,ner,140.020
1998,ner,177.250
1999,ner,166.420
2000,ner,169.406
2001,ner,199.286
2002,ner,235.485
2003,ner,232.700
2004,ner,263.000
2005,ner,323.123
2006,ner,"1,145.758"
2007,ner,455.515
2008,ner,583.932
2009,ner,474.480
2010,ner,515.737
2011,ner,542.255
2012,ner,759.565
2013,ner,933.337
2014,ner,933.085
2015,ner,"1,075.094"
2016,ner,"1,184.759"
2017,ner,"1,387.714"
2018,ner,"1,525.759"
2019,ner,"1,743.983"
2020,ner,"1,879.384"
2000,nga,"1,986.949"
2001,nga,"2,247.884"
2002,nga,"2,348.447"
2003,nga,"2,794.767"
2004,nga,"4,127.320"
2005,nga,"5,348.640"
2006,nga,"6,040.813"
2007,nga,"5,615.145"
2008,nga,"7,861.634"
2009,nga,"4,474.352"
2010,nga,"6,889.637"
2011,nga,"11,296.005"
2012,nga,"10,416.044"
2013,nga,"8,949.410"
2014,nga,"8,803.153"
2015,nga,"8,247.785"
2016,nga,"10,346.280"
2017,nga,"11,994.250"
2018,nga,"13,610.778"
2019,nga,"15,215.203"
2020,nga,"16,887.071"
1980,nor,157.491
1981,nor,176.315
1982,nor,194.146
1983,nor,223.323
1984,nor,246.293
1985,nor,285.680
1986,nor,292.564
1987,nor,325.339
1988,nor,340.319
1989,nor,354.853
1990,nor,385.193
1991,nor,397.586
1992,nor,404.170
1993,nor,419.531
1994,nor,447.345
1995,nor,508.438
1996,nor,564.700
1997,nor,608.823
1998,nor,597.514
1999,nor,666.688
2000,nor,858.713
2001,nor,887.734
2002,nor,855.059
2003,nor,878.984
2004,nor,981.076
2005,nor,"1,111.134"
2006,nor,"1,270.904"
2007,nor,"1,326.630"
2008,nor,"1,495.590"
2009,nor,"1,345.376"
2010,nor,"1,424.775"
2011,nor,"1,569.130"
2012,nor,"1,654.070"
2013,nor,"1,668.627"
2014,nor,"1,693.287"
2015,nor,"1,700.882"
2016,nor,"1,755.551"
2017,nor,"1,837.922"
2018,nor,"1,914.446"
2019,nor,"1,995.031"
2020,nor,"2,077.710"
1990,omn,2.126
1991,omn,1.878
1992,omn,1.937
1993,omn,1.829
1994,omn,1.838
1995,omn,2.089
1996,omn,2.404
1997,omn,2.573
1998,omn,1.959
1999,omn,2.364
2000,omn,3.713
2001,omn,3.486
2002,omn,3.499
2003,omn,3.792
2004,omn,4.311
2005,omn,5.712
2006,omn,6.922
2007,omn,7.654
2008,omn,10.801
2009,omn,7.058
2010,omn,8.879
2011,omn,12.734
2012,omn,14.352
2013,omn,14.548
2014,omn,14.133
2015,omn,9.968
2016,omn,11.248
2017,omn,12.037
2018,omn,12.086
2019,omn,12.190
2020,omn,11.940
1990,pak,181.800
1991,pak,215.500
1992,pak,237.400
1993,pak,255.300
1994,pak,269.390
1995,pak,307.433
1996,pak,370.579
1997,pak,391.678
1998,pak,423.007
1999,pak,488.604
2000,pak,545.993
2001,pak,593.506
2002,pak,707.210
2003,pak,838.220
2004,pak,824.653
2005,pak,919.392
2006,pak,"1,120.895"
2007,pak,"1,327.223"
2008,pak,"1,530.002"
2009,pak,"1,877.913"
2010,pak,"2,129.944"
2011,pak,"2,306.357"
2012,pak,"2,641.692"
2013,pak,"2,988.066"
2014,pak,"3,831.006"
2015,pak,"4,119.948"
2016,pak,"4,683.333"
2017,pak,"5,224.876"
2018,pak,"5,785.152"
2019,pak,"6,437.892"
2020,pak,"7,098.004"
2000,plw,0.066
2001,plw,0.054
2002,plw,0.059
2003,plw,0.071
2004,plw,0.074
2005,plw,0.079
2006,plw,0.088
2007,plw,0.093
2008,plw,0.086
2009,plw,0.078
2010,plw,0.087
2011,plw,0.089
2012,plw,0.097
2013,plw,0.094
2014,plw,0.101
2015,plw,0.114
2016,plw,0.123
2017,plw,0.129
2018,plw,0.134
2019,plw,0.139
2020,plw,0.142
1980,pan,1.219
1981,pan,1.414
1982,pan,1.528
1983,pan,1.675
1984,pan,1.722
1985,pan,1.852
1986,pan,1.953
1987,pan,2.000
1988,pan,1.276
1989,pan,1.330
1990,pan,1.857
1991,pan,1.097
1992,pan,1.544
1993,pan,1.639
1994,pan,1.649
1995,pan,1.791
1996,pan,2.018
1997,pan,2.283
1998,pan,2.461
1999,pan,2.802
2000,pan,2.883
2001,pan,2.811
2002,pan,2.809
2003,pan,2.884
2004,pan,2.994
2005,pan,3.451
2006,pan,4.273
2007,pan,5.499
2008,pan,6.014
2009,pan,6.131
2010,pan,6.818
2011,pan,7.770
2012,pan,9.021
2013,pan,9.950
2014,pan,10.063
2015,pan,10.817
2016,pan,11.698
2017,pan,13.132
2018,pan,14.443
2019,pan,15.448
2020,pan,16.537
1983,png,0.628
1984,png,0.719
1985,png,0.738
1986,png,0.787
1987,png,0.838
1988,png,0.905
1989,png,1.014
1990,png,1.016
1991,png,1.152
1992,png,1.144
1993,png,1.332
1994,png,1.484
1995,png,1.652
1996,png,1.956
1997,png,2.206
1998,png,2.275
1999,png,2.527
2000,png,2.966
2001,png,3.087
2002,png,3.237
2003,png,3.664
2004,png,4.315
2005,png,5.307
2006,png,6.288
2007,png,7.008
2008,png,7.041
2009,png,6.097
2010,png,8.261
2011,png,9.280
2012,png,9.358
2013,png,9.740
2014,png,12.513
2015,png,13.068
2016,png,13.615
2017,png,14.388
2018,png,15.274
2019,png,16.138
2020,png,16.629
1980,pry,95.869
1981,pry,109.282
1982,pry,125.075
1983,pry,125.923
1984,pry,154.301
1985,pry,195.453
1986,pry,260.269
1987,pry,367.870
1988,pry,484.652
1989,pry,914.890
1990,pry,"1,349.888"
1991,pry,"1,657.252"
1992,pry,"2,102.907"
1993,pry,"2,804.256"
1994,pry,"3,809.247"
1995,pry,"4,727.363"
1996,pry,"5,215.872"
1997,pry,"6,176.461"
1998,pry,"7,065.795"
1999,pry,"6,122.142"
2000,pry,"5,787.931"
2001,pry,"6,517.417"
2002,pry,"6,561.308"
2003,pry,"7,994.868"
2004,pry,"9,528.474"
2005,pry,"10,462.211"
2006,pry,"12,792.219"
2007,pry,"14,116.456"
2008,pry,"16,160.882"
2009,pry,"16,450.950"
2010,pry,"19,749.438"
2011,pry,"24,473.330"
2012,pry,"25,731.305"
2013,pry,"27,608.544"
2014,pry,"32,228.999"
2015,pry,"35,345.030"
2016,pry,"38,583.349"
2017,pry,"41,753.059"
2018,pry,"45,069.767"
2019,pry,"48,657.092"
2020,pry,"52,564.950"
2000,per,34.503
2001,per,33.611
2002,per,34.619
2003,per,37.650
2004,per,41.810
2005,per,48.791
2006,per,60.673
2007,per,70.145
2008,per,79.138
2009,per,72.146
2010,per,87.632
2011,per,103.664
2012,per,112.904
2013,per,121.786
2014,per,129.016
2015,per,128.107
2016,per,137.390
2017,per,145.487
2018,per,154.929
2019,per,165.543
2020,per,175.314
1994,phl,371.804
1995,phl,415.435
1996,phl,500.170
1997,phl,572.815
1998,phl,579.648
1999,phl,618.017
2000,phl,648.382
2001,phl,705.172
2002,phl,733.098
2003,phl,798.261
2004,phl,881.791
2005,phl,"1,012.822"
2006,phl,"1,194.529"
2007,phl,"1,288.406"
2008,phl,"1,441.036"
2009,phl,"1,396.201"
2010,phl,"1,512.802"
2011,phl,"1,708.444"
2012,phl,"1,929.368"
2013,phl,"2,136.298"
2014,phl,"2,400.363"
2015,phl,"2,581.082"
2016,phl,"2,829.556"
2017,phl,"3,120.401"
2018,phl,"3,446.943"
2019,phl,"3,802.540"
2020,phl,"4,182.902"
1995,pol,146.019
1996,pol,194.917
1997,pol,215.000
1998,pol,240.320
1999,pol,268.982
2000,pol,283.256
2001,pol,300.379
2002,pol,317.541
2003,pol,324.486
2004,pol,344.292
2005,pol,401.294
2006,pol,438.491
2007,pol,488.339
2008,pol,520.637
2009,pol,516.187
2010,pol,549.688
2011,pol,606.323
2012,pol,632.572
2013,pol,634.654
2014,pol,666.822
2015,pol,699.201
2016,pol,735.491
2017,pol,769.883
2018,pol,818.229
2019,pol,868.937
2020,pol,921.872
1986,prt,11.769
1987,prt,12.242
1988,prt,14.850
1989,prt,17.595
1990,prt,19.663
1991,prt,24.251
1992,prt,30.860
1993,prt,28.821
1994,prt,28.786
1995,prt,32.920
1996,prt,36.242
1997,prt,39.657
1998,prt,42.674
1999,prt,47.284
2000,prt,50.653
2001,prt,53.414
2002,prt,57.592
2003,prt,59.780
2004,prt,60.750
2005,prt,64.227
2006,prt,68.019
2007,prt,72.780
2008,prt,74.357
2009,prt,70.913
2010,prt,73.137
2011,prt,75.080
2012,prt,72.161
2013,prt,76.637
2014,prt,77.012
2015,prt,79.346
2016,prt,81.645
2017,prt,83.785
2018,prt,85.901
2019,prt,88.053
2020,prt,90.363
1990,qat,12.135
1991,qat,10.836
1992,qat,12.332
1993,qat,10.896
1994,qat,10.211
1995,qat,12.067
1996,qat,13.464
1997,qat,14.029
1998,qat,15.142
1999,qat,15.734
2000,qat,24.955
2001,qat,22.755
2002,qat,29.453
2003,qat,30.718
2004,qat,55.725
2005,qat,66.622
2006,qat,87.363
2007,qat,119.827
2008,qat,143.736
2009,qat,181.597
2010,qat,173.867
2011,qat,246.147
2012,qat,317.076
2013,qat,387.098
2014,qat,354.160
2015,qat,290.639
2016,qat,269.687
2017,qat,273.734
2018,qat,282.887
2019,qat,289.369
2020,qat,295.612
2000,rou,25.110
2001,rou,35.174
2002,rou,44.901
2003,rou,56.673
2004,rou,74.045
2005,rou,90.679
2006,rou,111.388
2007,rou,134.173
2008,rou,165.549
2009,rou,156.373
2010,rou,168.635
2011,rou,181.567
2012,rou,193.148
2013,rou,200.038
2014,rou,213.834
2015,rou,226.360
2016,rou,234.614
2017,rou,246.840
2018,rou,260.829
2019,rou,275.678
2020,rou,291.414
1998,rus,908.941
1999,rus,"1,586.528"
2000,rus,"2,642.381"
2001,rus,"3,301.713"
2002,rus,"4,002.442"
2003,rus,"4,804.480"
2004,rus,"6,240.008"
2005,rus,"8,579.637"
2006,rus,"10,625.812"
2007,rus,"13,368.262"
2008,rus,"16,169.099"
2009,rus,"13,599.718"
2010,rus,"16,031.930"
2011,rus,"20,855.368"
2012,rus,"23,435.105"
2013,rus,"24,442.686"
2014,rus,"26,371.059"
2015,rus,"26,250.596"
2016,rus,"28,939.035"
2017,rus,"32,117.634"
2018,rus,"33,696.170"
2019,rus,"35,225.576"
2020,rus,"36,990.745"
1992,rwa,45.390
1993,rwa,38.415
1994,rwa,7.532
1995,rwa,61.528
1996,rwa,70.828
1997,rwa,95.869
1998,rwa,99.015
1999,rwa,100.681
2000,rwa,136.852
2001,rwa,148.159
2002,rwa,160.269
2003,rwa,173.268
2004,rwa,268.383
2005,rwa,348.734
2006,rwa,376.010
2007,rwa,436.765
2008,rwa,660.746
2009,rwa,727.900
2010,rwa,874.051
2011,rwa,946.658
2012,rwa,"1,075.211"
2013,rwa,"1,218.839"
2014,rwa,"1,296.885"
2015,rwa,"1,430.794"
2016,rwa,"1,566.307"
2017,rwa,"1,722.390"
2018,rwa,"1,921.747"
2019,rwa,"2,168.480"
2020,rwa,"2,500.814"
1998,wsm,0.234
1999,wsm,0.268
2000,wsm,0.251
2001,wsm,0.262
2002,wsm,0.291
2003,wsm,0.304
2004,wsm,0.318
2005,wsm,0.408
2006,wsm,0.388
2007,wsm,0.487
2008,wsm,0.455
2009,wsm,0.492
2010,wsm,0.552
2011,wsm,0.543
2012,wsm,0.556
2013,wsm,0.621
2014,wsm,0.710
2015,wsm,0.691
2016,wsm,0.611
2017,wsm,0.607
2018,wsm,0.628
2019,wsm,0.656
2020,wsm,0.689
2004,smr,0.306
2005,smr,0.331
2006,smr,0.344
2007,smr,0.352
2008,smr,0.360
2009,smr,0.324
2010,smr,0.307
2011,smr,0.270
2012,smr,0.286
2013,smr,0.276
2014,smr,0.297
2015,smr,0.294
2016,smr,0.300
2017,smr,0.307
2018,smr,0.316
2019,smr,0.325
2020,smr,0.335
2000,stp,381.230
2001,stp,248.784
2002,stp,245.635
2003,stp,320.967
2004,stp,367.539
2005,stp,931.218
2006,stp,570.156
2007,stp,"3,211.592"
2008,stp,"1,218.342"
2009,stp,994.860
2010,stp,"1,396.610"
2011,stp,"1,621.718"
2012,stp,"1,685.210"
2013,stp,"1,869.261"
2014,stp,"1,618.370"
2015,stp,"1,772.883"
2016,stp,"2,473.775"
2017,stp,"2,770.065"
2018,stp,"3,061.395"
2019,stp,"3,434.267"
2020,stp,"3,648.186"
1999,sau,182.945
2000,sau,295.236
2001,sau,293.837
2002,sau,262.405
2003,sau,333.007
2004,sau,455.814
2005,sau,637.853
2006,sau,757.730
2007,sau,726.487
2008,sau,"1,179.701"
2009,sau,578.569
2010,sau,822.077
2011,sau,"1,193.379"
2012,sau,"1,383.135"
2013,sau,"1,303.798"
2014,sau,"1,193.446"
2015,sau,874.736
2016,sau,978.236
2017,sau,"1,059.835"
2018,sau,"1,107.838"
2019,sau,"1,122.216"
2020,sau,"1,142.012"
2000,sen,626.290
2001,sen,664.400
2002,sen,726.669
2003,sen,797.753
2004,sen,864.800
2005,sen,955.695
2006,sen,"1,035.910"
2007,sen,"1,277.200"
2008,sen,"1,292.600"
2009,sen,"1,305.375"
2010,sen,"1,398.250"
2011,sen,"1,525.543"
2012,sen,"1,670.000"
2013,sen,"1,659.000"
2014,sen,"1,842.243"
2015,sen,"1,966.373"
2016,sen,"2,094.950"
2017,sen,"2,279.204"
2018,sen,"2,478.175"
2019,sen,"2,735.407"
2020,sen,"2,998.642"
2000,srb,130.770
2001,srb,284.574
2002,srb,418.396
2003,srb,478.844
2004,srb,593.525
2005,srb,724.572
2006,srb,867.472
2007,srb,"1,001.080"
2008,srb,"1,139.985"
2009,srb,"1,146.562"
2010,srb,"1,224.792"
2011,srb,"1,302.808"
2012,srb,"1,410.524"
2013,srb,"1,467.756"
2014,srb,"1,551.594"
2015,srb,"1,535.397"
2016,srb,"1,580.291"
2017,srb,"1,643.186"
2018,srb,"1,762.164"
2019,srb,"1,891.426"
2020,srb,"2,041.411"
1983,syc,0.445
1984,syc,0.475
1985,syc,0.581
1986,syc,0.616
1987,syc,0.733
1988,syc,0.895
1989,syc,1.031
1990,syc,1.140
1991,syc,1.094
1992,syc,1.270
1993,syc,1.393
1994,syc,1.395
1995,syc,1.223
1996,syc,1.236
1997,syc,1.382
1998,syc,1.409
1999,syc,1.526
2000,syc,1.429
2001,syc,1.382
2002,syc,1.531
2003,syc,1.830
2004,syc,1.862
2005,syc,1.992
2006,syc,2.301
2007,syc,2.214
2008,syc,3.190
2009,syc,4.262
2010,syc,4.108
2011,syc,5.014
2012,syc,6.024
2013,syc,6.111
2014,syc,6.367
2015,syc,6.538
2016,syc,6.791
2017,syc,7.203
2018,syc,7.671
2019,syc,8.177
2020,syc,8.713
2000,sle,257.534
2001,sle,302.692
2002,sle,400.027
2003,sle,467.001
2004,sle,616.343
2005,sle,767.853
2006,sle,842.194
2007,sle,"2,129.282"
2008,sle,948.410
2009,sle,"1,257.997"
2010,sle,"1,560.742"
2011,sle,"2,170.759"
2012,sle,"2,506.070"
2013,sle,"2,827.586"
2014,sle,"3,115.372"
2015,sle,"3,178.640"
2016,sle,"3,838.752"
2017,sle,"4,781.490"
2018,sle,"5,544.233"
2019,sle,"6,286.379"
2020,sle,"6,988.930"
1990,sgp,21.280
1991,sgp,22.840
1992,sgp,26.198
1993,sgp,33.073
1994,sgp,37.378
1995,sgp,41.181
1996,sgp,47.735
1997,sgp,52.218
1998,sgp,41.359
1999,sgp,42.601
2000,sgp,47.426
2001,sgp,41.696
2002,sgp,36.417
2003,sgp,33.950
2004,sgp,37.712
2005,sgp,43.249
2006,sgp,47.919
2007,sgp,65.736
2008,sgp,64.306
2009,sgp,50.807
2010,sgp,69.794
2011,sgp,81.320
2012,sgp,81.368
2013,sgp,82.300
2014,sgp,87.870
2015,sgp,91.203
2016,sgp,96.938
2017,sgp,103.963
2018,sgp,111.960
2019,sgp,115.018
2020,sgp,117.197
1997,svk,10.272
1998,svk,10.699
1999,svk,11.542
2000,svk,12.554
2001,svk,12.993
2002,svk,13.703
2003,svk,15.289
2004,svk,16.256
2005,svk,18.348
2006,svk,19.592
2007,svk,21.463
2008,svk,23.204
2009,svk,22.913
2010,svk,23.184
2011,svk,25.569
2012,svk,25.971
2013,svk,28.259
2014,svk,28.860
2015,svk,29.730
2016,svk,30.729
2017,svk,32.063
2018,svk,33.518
2019,svk,35.108
2020,svk,36.794
1995,svn,4.177
1996,svn,4.740
1997,svn,5.300
1998,svn,6.053
1999,svn,6.877
2000,svn,7.484
2001,svn,8.547
2002,svn,9.397
2003,svn,10.338
2004,svn,11.196
2005,svn,11.976
2006,svn,12.959
2007,svn,14.006
2008,svn,15.339
2009,svn,14.408
2010,svn,14.794
2011,svn,14.982
2012,svn,14.999
2013,svn,14.728
2014,svn,15.492
2015,svn,15.549
2016,svn,15.974
2017,svn,16.488
2018,svn,17.035
2019,svn,17.582
2020,svn,18.152
1980,slb,0.037
1981,slb,0.037
1982,slb,0.041
1983,slb,0.040
1984,slb,0.048
1985,slb,0.053
1986,slb,0.057
1987,slb,0.074
1988,slb,0.094
1989,slb,0.114
1990,slb,0.166
1991,slb,0.244
1992,slb,0.309
1993,slb,0.342
1994,slb,0.458
1995,slb,0.446
1996,slb,0.508
1997,slb,0.420
1998,slb,0.453
1999,slb,0.434
2000,slb,0.336
2001,slb,0.340
2002,slb,0.288
2003,slb,0.673
2004,slb,0.943
2005,slb,1.091
2006,slb,1.348
2007,slb,1.828
2008,slb,2.193
2009,slb,2.659
2010,slb,3.442
2011,slb,4.000
2012,slb,4.105
2013,slb,4.204
2014,slb,3.934
2015,slb,4.234
2016,slb,4.422
2017,slb,4.763
2018,slb,5.084
2019,slb,5.395
2020,slb,5.738
2000,zaf,223.936
2001,zaf,251.898
2002,zaf,289.215
2003,zaf,313.441
2004,zaf,357.979
2005,zaf,417.010
2006,zaf,510.664
2007,zaf,599.451
2008,zaf,668.465
2009,zaf,676.678
2010,zaf,734.265
2011,zaf,817.320
2012,zaf,887.757
2013,zaf,976.373
2014,zaf,"1,063.829"
2015,zaf,"1,155.664"
2016,zaf,"1,276.865"
2017,zaf,"1,391.282"
2018,zaf,"1,509.496"
2019,zaf,"1,641.119"
2020,zaf,"1,784.745"
2011,ssd,13.297
2012,ssd,5.587
2013,ssd,8.482
2014,ssd,10.172
2015,ssd,12.995
2016,ssd,21.032
2017,ssd,24.668
2018,ssd,24.729
2019,ssd,24.415
2020,ssd,23.576
1980,esp,28.297
1981,esp,33.131
1982,esp,38.645
1983,esp,46.832
1984,esp,52.680
1985,esp,61.866
1986,esp,71.943
1987,esp,84.138
1988,esp,93.481
1989,esp,110.217
1990,esp,123.072
1991,esp,138.182
1992,esp,154.926
1993,esp,160.600
1994,esp,166.508
1995,esp,173.798
1996,esp,186.079
1997,esp,197.338
1998,esp,209.034
1999,esp,228.211
2000,esp,246.000
2001,esp,265.187
2002,esp,286.284
2003,esp,304.566
2004,esp,332.905
2005,esp,367.699
2006,esp,407.937
2007,esp,442.300
2008,esp,409.909
2009,esp,375.628
2010,esp,391.661
2011,esp,387.353
2012,esp,390.385
2013,esp,393.468
2014,esp,399.733
2015,esp,413.968
2016,esp,425.076
2017,esp,435.332
2018,esp,447.915
2019,esp,461.249
2020,esp,475.644
1990,lka,74.662
1991,lka,84.049
1992,lka,94.060
1993,lka,106.364
1994,lka,118.295
1995,lka,145.286
1996,lka,154.021
1997,lka,172.365
1998,lka,182.232
1999,lka,202.667
2000,lka,216.427
2001,lka,239.797
2002,lka,268.969
2003,lka,284.421
2004,lka,320.154
2005,lka,412.388
2006,lka,507.900
2007,lka,595.558
2008,lka,686.482
2009,lka,725.569
2010,lka,834.235
2011,lka,949.954
2012,lka,"1,003.915"
2013,lka,"1,075.195"
2014,lka,"1,143.857"
2015,lka,"1,410.250"
2016,lka,"1,443.259"
2017,lka,"1,633.200"
2018,lka,"1,874.250"
2019,lka,"2,127.955"
2020,lka,"2,475.920"
1980,kna,0.064
1981,kna,0.054
1982,kna,0.052
1983,kna,0.052
1984,kna,0.050
1985,kna,0.054
1986,kna,0.068
1987,kna,0.086
1988,kna,0.092
1989,kna,0.102
1990,kna,0.109
1991,kna,0.104
1992,kna,0.122
1993,kna,0.142
1994,kna,0.169
1995,kna,0.194
1996,kna,0.207
1997,kna,0.229
1998,kna,0.249
1999,kna,0.247
2000,kna,0.259
2001,kna,0.263
2002,kna,0.323
2003,kna,0.319
2004,kna,0.371
2005,kna,0.460
2006,kna,0.544
2007,kna,0.545
2008,kna,0.573
2009,kna,0.610
2010,kna,0.568
2011,kna,0.719
2012,kna,0.716
2013,kna,0.961
2014,kna,0.977
2015,kna,0.775
2016,kna,0.768
2017,kna,0.769
2018,kna,0.770
2019,kna,0.804
2020,kna,0.836
1985,lca,0.152
1986,lca,0.183
1987,lca,0.215
1988,lca,0.242
1989,lca,0.274
1990,lca,0.266
1991,lca,0.298
1992,lca,0.322
1993,lca,0.398
1994,lca,0.367
1995,lca,0.392
1996,lca,0.391
1997,lca,0.399
1998,lca,0.498
1999,lca,0.561
2000,lca,0.492
2001,lca,0.458
2002,lca,0.497
2003,lca,0.525
2004,lca,0.582
2005,lca,0.608
2006,lca,0.672
2007,lca,0.753
2008,lca,0.829
2009,lca,0.827
2010,lca,0.875
2011,lca,0.915
2012,lca,0.882
2013,lca,0.924
2014,lca,0.938
2015,lca,0.961
2016,lca,0.988
2017,lca,1.028
2018,lca,1.073
2019,lca,1.122
2020,lca,1.173
1980,vct,0.042
1981,vct,0.058
1982,vct,0.070
1983,vct,0.073
1984,vct,0.092
1985,vct,0.101
1986,vct,0.109
1987,vct,0.122
1988,vct,0.146
1989,vct,0.156
1990,vct,0.173
1991,vct,0.186
1992,vct,0.179
1993,vct,0.173
1994,vct,0.189
1995,vct,0.193
1996,vct,0.217
1997,vct,0.236
1998,vct,0.255
1999,vct,0.265
2000,vct,0.265
2001,vct,0.285
2002,vct,0.312
2003,vct,0.323
2004,vct,0.329
2005,vct,0.351
2006,vct,0.399
2007,vct,0.463
2008,vct,0.535
2009,vct,0.543
2010,vct,0.532
2011,vct,0.499
2012,vct,0.499
2013,vct,0.489
2014,vct,0.556
2015,vct,0.550
2016,vct,0.584
2017,vct,0.610
2018,vct,0.645
2019,vct,0.685
2020,vct,0.716
1990,sdn,0.015
1991,sdn,0.034
1992,sdn,0.078
1993,sdn,0.131
1994,sdn,0.285
1995,sdn,0.365
1996,sdn,0.701
1997,sdn,1.096
1998,sdn,1.586
1999,sdn,2.055
2000,sdn,3.263
2001,sdn,3.700
2002,sdn,4.707
2003,sdn,7.419
2004,sdn,11.471
2005,sdn,15.331
2006,sdn,17.451
2007,sdn,20.242
2008,sdn,27.378
2009,sdn,18.986
2010,sdn,29.245
2011,sdn,32.357
2012,sdn,22.266
2013,sdn,34.311
2014,sdn,49.413
2015,sdn,55.605
2016,sdn,66.632
2017,sdn,75.711
2018,sdn,86.139
2019,sdn,97.163
2020,sdn,106.297
1990,sur,0.001
1991,sur,0.001
1992,sur,0.001
1993,sur,0.003
1994,sur,0.019
1995,sur,0.086
1996,sur,0.113
1997,sur,0.102
1998,sur,0.141
1999,sur,0.185
2000,sur,0.298
2001,sur,0.644
2002,sur,0.654
2003,sur,0.857
2004,sur,1.072
2005,sur,1.271
2006,sur,1.520
2007,sur,1.891
2008,sur,2.311
2009,sur,2.693
2010,sur,2.725
2011,sur,3.853
2012,sur,4.130
2013,sur,4.082
2014,sur,3.940
2015,sur,3.740
2016,sur,4.111
2017,sur,4.391
2018,sur,4.752
2019,sur,4.896
2020,sur,5.225
1981,swz,0.143
1982,swz,0.175
1983,swz,0.188
1984,swz,0.216
1985,swz,0.241
1986,swz,0.256
1987,swz,0.322
1988,swz,0.412
1989,swz,0.554
1990,swz,0.725
1991,swz,0.814
1992,swz,0.898
1993,swz,0.980
1994,swz,1.146
1995,swz,1.407
1996,swz,1.668
1997,swz,1.987
1998,swz,2.252
1999,swz,2.595
2000,swz,2.825
2001,swz,3.111
2002,swz,3.426
2003,swz,3.908
2004,swz,4.842
2005,swz,5.499
2006,swz,8.031
2007,swz,7.994
2008,swz,9.514
2009,swz,9.253
2010,swz,6.918
2011,swz,7.486
2012,swz,12.284
2013,swz,13.085
2014,swz,14.824
2015,swz,14.514
2016,swz,13.893
2017,swz,14.832
2018,swz,16.470
2019,swz,17.417
2020,swz,18.416
1980,swe,318.695
1981,swe,371.375
1982,swe,407.366
1983,swe,465.001
1984,swe,517.039
1985,swe,567.551
1986,swe,636.073
1987,swe,705.255
1988,swe,753.839
1989,swe,834.376
1990,swe,933.164
1991,swe,"1,003.587"
1992,swe,947.378
1993,swe,937.557
1994,swe,990.047
1995,swe,"1,042.671"
1996,swe,"1,104.799"
1997,swe,"1,140.916"
1998,swe,"1,208.166"
1999,swe,"1,259.494"
2000,swe,"1,329.349"
2001,swe,"1,317.627"
2002,swe,"1,322.450"
2003,swe,"1,384.673"
2004,swe,"1,452.745"
2005,swe,"1,545.285"
2006,swe,"1,617.372"
2007,swe,"1,703.777"
2008,swe,"1,727.377"
2009,swe,"1,675.964"
2010,swe,"1,746.321"
2011,swe,"1,792.963"
2012,swe,"1,824.915"
2013,swe,"1,861.082"
2014,swe,"1,894.581"
2015,swe,"1,979.481"
2016,swe,"2,067.697"
2017,swe,"2,173.289"
2018,swe,"2,280.521"
2019,swe,"2,389.820"
2020,swe,"2,498.917"
1983,che,69.518
1984,che,74.003
1985,che,77.964
1986,che,84.661
1987,che,87.330
1988,che,93.669
1989,che,98.679
1990,che,103.658
1991,che,108.525
1992,che,114.080
1993,che,120.773
1994,che,126.615
1995,che,131.152
1996,che,134.206
1997,che,134.996
1998,che,142.422
1999,che,146.069
2000,che,158.752
2001,che,158.882
2002,che,161.398
2003,che,161.088
2004,che,164.660
2005,che,171.139
2006,che,179.712
2007,che,187.682
2008,che,187.542
2009,che,186.777
2010,che,188.673
2011,che,196.016
2012,che,195.501
2013,che,199.137
2014,che,204.158
2015,che,202.983
2016,che,203.682
2017,che,206.766
2018,che,211.525
2019,che,216.822
2020,che,222.302
1990,syr,65.312
1991,syr,86.298
1992,syr,99.981
1993,syr,101.136
1994,syr,122.787
1995,syr,148.163
1996,syr,171.801
1997,syr,202.737
1998,syr,205.640
1999,syr,217.499
2000,syr,246.311
2001,syr,306.017
2002,syr,295.754
2003,syr,321.564
2004,syr,343.923
2005,syr,358.047
2006,syr,435.294
2007,syr,459.069
2008,syr,491.205
2009,syr,601.185
2010,syr,582.024
1980,twn,340.715
1981,twn,411.712
1982,twn,454.461
1983,twn,461.117
1984,twn,515.913
1985,twn,542.603
1986,twn,584.838
1987,twn,650.203
1988,twn,765.439
1989,twn,921.575
1990,twn,"1,092.401"
1991,twn,"1,049.931"
1992,twn,"1,257.568"
1993,twn,"1,416.334"
1994,twn,"1,502.754"
1995,twn,"1,559.429"
1996,twn,"1,604.184"
1997,twn,"1,704.759"
1998,twn,"2,053.458"
1999,twn,"2,004.394"
2000,twn,"2,784.863"
2001,twn,"1,896.841"
2002,twn,"1,787.919"
2003,twn,"1,948.847"
2004,twn,"1,927.400"
2005,twn,"2,218.039"
2006,twn,"2,177.018"
2007,twn,"2,244.758"
2008,twn,"2,231.614"
2009,twn,"2,113.644"
2010,twn,"2,115.554"
2011,twn,"2,306.173"
2012,twn,"2,321.205"
2013,twn,"2,457.613"
2014,twn,"2,604.606"
2015,twn,"2,677.621"
2016,twn,"2,777.953"
2017,twn,"2,893.815"
2018,twn,"3,024.471"
2019,twn,"3,170.690"
2020,twn,"3,328.608"
1998,tjk,0.124
1999,tjk,0.182
2000,tjk,0.246
2001,tjk,0.382
2002,tjk,0.560
2003,tjk,0.824
2004,tjk,1.104
2005,tjk,1.446
2006,tjk,2.190
2007,tjk,2.871
2008,tjk,3.895
2009,tjk,4.829
2010,tjk,5.722
2011,tjk,7.483
2012,tjk,9.089
2013,tjk,10.917
2014,tjk,12.949
2015,tjk,13.882
2016,tjk,15.755
2017,tjk,17.467
2018,tjk,19.543
2019,tjk,21.921
2020,tjk,24.722
1991,tza,194.812
1992,tza,209.958
1993,tza,301.465
1994,tza,363.388
1995,tza,493.661
1996,tza,683.893
1997,tza,732.029
1998,tza,877.880
1999,tza,"1,019.325"
2000,tza,"1,147.854"
2001,tza,"1,322.038"
2002,tza,"1,633.982"
2003,tza,"1,997.897"
2004,tza,"2,475.326"
2005,tza,"2,915.485"
2006,tza,"3,364.107"
2007,tza,"4,453.943"
2008,tza,"5,424.305"
2009,tza,"5,918.763"
2010,tza,"6,785.442"
2011,tza,"8,221.254"
2012,tza,"9,623.533"
2013,tza,"10,970.332"
2014,tza,"12,479.404"
2015,tza,"14,364.153"
2016,tza,"16,633.889"
2017,tza,"18,784.653"
2018,tza,"21,002.449"
2019,tza,"23,538.551"
2020,tza,"26,463.500"
1995,tha,826.508
1996,tha,934.078
1997,tha,937.810
1998,tha,822.730
1999,tha,804.194
2000,tha,851.290
2001,tha,972.100
2002,tha,"1,015.162"
2003,tha,"1,249.961"
2004,tha,"1,381.118"
2005,tha,"1,563.342"
2006,tha,"1,714.662"
2007,tha,"1,788.667"
2008,tha,"1,953.205"
2009,tha,"1,842.817"
2010,tha,"2,223.854"
2011,tha,"2,411.738"
2012,tha,"2,507.184"
2013,tha,"2,857.538"
2014,tha,"2,711.873"
2015,tha,"2,844.224"
2016,tha,"3,064.774"
2017,tha,"3,261.494"
2018,tha,"3,468.150"
2019,tha,"3,679.468"
2020,tha,"3,899.274"
2000,tls,0.006
2001,tls,0.019
2002,tls,0.034
2003,tls,0.043
2004,tls,0.178
2005,tls,0.214
2006,tls,0.678
2007,tls,1.362
2008,tls,2.561
2009,tls,1.763
2010,tls,2.422
2011,tls,3.568
2012,tls,4.093
2013,tls,4.058
2014,tls,2.434
2015,tls,1.745
2016,tls,1.789
2017,tls,1.870
2018,tls,1.728
2019,tls,1.654
2020,tls,1.394
1989,tgo,108.020
1990,tgo,114.730
1991,tgo,85.581
1992,tgo,78.900
1993,tgo,39.217
1994,tgo,73.661
1995,tgo,108.804
1996,tgo,114.273
1997,tgo,139.941
1998,tgo,132.540
1999,tgo,147.860
2000,tgo,120.850
2001,tgo,148.470
2002,tgo,130.020
2003,tgo,170.776
2004,tgo,179.567
2005,tgo,187.973
2006,tgo,211.888
2007,tgo,223.666
2008,tgo,240.983
2009,tgo,259.001
2010,tgo,315.327
2011,tgo,350.866
2012,tgo,383.450
2013,tgo,449.150
2014,tgo,452.076
2015,tgo,507.701
2016,tgo,589.580
2017,tgo,637.308
2018,tgo,686.257
2019,tgo,745.427
2020,tgo,814.203
1999,ton,0.067
2000,ton,0.073
2001,ton,0.085
2002,ton,0.097
2003,ton,0.105
2004,ton,0.117
2005,ton,0.140
2006,ton,0.165
2007,ton,0.171
2008,ton,0.199
2009,ton,0.210
2010,ton,0.198
2011,ton,0.212
2012,ton,0.208
2013,ton,0.215
2014,ton,0.243
2015,ton,0.242
2016,ton,0.229
2017,ton,0.239
2018,ton,0.257
2019,ton,0.272
2020,ton,0.280
1999,tto,10.545
2000,tto,13.722
2001,tto,15.258
2002,tto,13.030
2003,tto,17.923
2004,tto,22.381
2005,tto,30.436
2006,tto,42.888
2007,tto,43.768
2008,tto,64.388
2009,tto,41.517
2010,tto,44.537
2011,tto,51.527
2012,tto,52.840
2013,tto,57.264
2014,tto,57.028
2015,tto,55.942
2016,tto,59.274
2017,tto,62.911
2018,tto,66.725
2019,tto,69.539
2020,tto,72.486
1990,tun,3.397
1991,tun,3.070
1992,tun,3.566
1993,tun,3.937
1994,tun,4.190
1995,tun,4.316
1996,tun,4.682
1997,tun,5.015
1998,tun,5.983
1999,tun,5.984
2000,tun,6.431
2001,tun,6.983
2002,tun,7.409
2003,tun,7.686
2004,tun,8.452
2005,tun,8.976
2006,tun,9.756
2007,tun,10.902
2008,tun,13.357
2009,tun,13.762
2010,tun,14.823
2011,tun,16.055
2012,tun,16.939
2013,tun,18.150
2014,tun,20.192
2015,tun,21.032
2016,tun,22.888
2017,tun,25.199
2018,tun,27.759
2019,tun,30.564
2020,tun,33.413
2002,tur,100.766
2003,tur,140.959
2004,tur,174.497
2005,tur,209.991
2006,tur,248.536
2007,tur,266.827
2008,tur,302.146
2009,tur,310.184
2010,tur,365.493
2011,tur,449.033
2012,tur,495.229
2013,tur,582.349
2014,tur,635.922
2015,tur,695.494
2016,tur,760.985
2017,tur,831.008
2018,tur,909.706
2019,tur,997.085
2020,tur,"1,092.938"
1997,tkm,0.552
1998,tkm,0.710
1999,tkm,0.871
2000,tkm,1.232
2001,tkm,1.573
2002,tkm,1.649
2003,tkm,2.741
2004,tkm,2.991
2005,tkm,3.657
2006,tkm,4.495
2007,tkm,4.684
2008,tkm,10.323
2009,tkm,11.768
2010,tkm,10.170
2011,tkm,15.218
2012,tkm,21.046
2013,tkm,20.379
2014,tkm,22.189
2015,tkm,22.583
2016,tkm,26.259
2017,tkm,30.262
2018,tkm,34.113
2019,tkm,38.276
2020,tkm,41.815
2004,tuv,0.022
2005,tuv,0.020
2006,tuv,0.020
2007,tuv,0.024
2008,tuv,0.026
2009,tuv,0.031
2010,tuv,0.025
2011,tuv,0.026
2012,tuv,0.032
2013,tuv,0.043
2014,tuv,0.050
2015,tuv,0.041
2016,tuv,0.040
2017,tuv,0.041
2018,tuv,0.042
2019,tuv,0.043
2020,tuv,0.043
1997,uga,"1,226.302"
1998,uga,"1,445.273"
1999,uga,"1,611.998"
2000,uga,"1,862.875"
2001,uga,"2,092.533"
2002,uga,"2,225.238"
2003,uga,"2,653.841"
2004,uga,"3,101.111"
2005,uga,"3,172.963"
2006,uga,"3,366.990"
2007,uga,"3,747.661"
2008,uga,"4,223.862"
2009,uga,"4,966.558"
2010,uga,"5,793.679"
2011,uga,"7,722.992"
2012,uga,"8,316.232"
2013,uga,"8,428.195"
2014,uga,"9,604.626"
2015,uga,"11,444.733"
2016,uga,"12,561.894"
2017,uga,"13,991.299"
2018,uga,"15,804.987"
2019,uga,"18,038.925"
2020,uga,"20,903.991"
1997,ukr,34.224
1998,ukr,36.497
1999,ukr,41.555
2000,ukr,56.774
2001,ukr,68.435
2002,ukr,81.280
2003,ukr,101.485
2004,ukr,128.122
2005,ukr,184.642
2006,ukr,235.225
2007,ukr,301.618
2008,ukr,419.669
2009,ukr,386.328
2010,ukr,468.200
2011,ukr,558.200
2012,ukr,627.400
2013,ukr,634.800
2014,ukr,639.684
2015,ukr,792.515
2016,ukr,840.209
2017,ukr,959.475
2018,ukr,"1,070.960"
2019,ukr,"1,179.760"
2020,ukr,"1,286.134"
1990,are,38.635
1991,are,93.534
1992,are,76.353
1993,are,67.419
1994,are,79.778
1995,are,94.800
1996,are,101.115
1997,are,110.587
1998,are,102.128
1999,are,108.582
2000,are,160.033
2001,are,122.462
2002,are,92.822
2003,are,110.515
2004,are,143.565
2005,are,238.715
2006,are,333.814
2007,are,373.722
2008,are,486.951
2009,are,286.053
2010,are,364.131
2011,are,482.329
2012,are,550.034
2013,are,581.339
2014,are,535.717
2015,are,409.410
2016,are,452.589
2017,are,474.397
2018,are,496.101
2019,are,515.913
2020,are,539.837
1980,gbr,94.302
1981,gbr,109.403
1982,gbr,123.550
1983,gbr,131.123
1984,gbr,140.445
1985,gbr,153.219
1986,gbr,160.562
1987,gbr,172.465
1988,gbr,191.333
1989,gbr,209.385
1990,gbr,223.299
1991,gbr,232.205
1992,gbr,234.499
1993,gbr,237.421
1994,gbr,254.769
1995,gbr,274.958
1996,gbr,288.477
1997,gbr,308.965
1998,gbr,335.327
1999,gbr,354.942
2000,gbr,379.096
2001,gbr,393.973
2002,gbr,396.906
2003,gbr,419.614
2004,gbr,449.403
2005,gbr,479.494
2006,gbr,516.090
2007,gbr,540.436
2008,gbr,562.320
2009,gbr,520.604
2010,gbr,554.085
2011,gbr,584.427
2012,gbr,601.087
2013,gbr,629.588
2014,gbr,639.876
2015,gbr,659.594
2016,gbr,690.501
2017,gbr,720.400
2018,gbr,749.930
2019,gbr,782.003
2020,gbr,814.630
2001,usa,"3,412.100"
2002,usa,"3,269.200"
2003,usa,"3,355.200"
2004,usa,"3,596.200"
2005,usa,"4,013.100"
2006,usa,"4,371.100"
2007,usa,"4,584.400"
2008,usa,"4,441.700"
2009,usa,"4,095.100"
2010,usa,"4,304.200"
2011,usa,"4,512.500"
2012,usa,"4,718.300"
2013,usa,"5,174.100"
2014,usa,"5,475.434"
2015,usa,"5,801.209"
2016,usa,"6,070.136"
2017,usa,"6,334.287"
2018,usa,"6,580.647"
2019,usa,"6,817.524"
2020,usa,"7,081.613"
1999,ury,71.987
2000,ury,71.195
2001,ury,75.230
2002,ury,76.414
2003,ury,93.932
2004,ury,109.489
2005,ury,120.154
2006,ury,134.601
2007,ury,158.694
2008,ury,172.552
2009,ury,200.463
2010,ury,234.499
2011,ury,261.929
2012,ury,289.358
2013,ury,347.612
2014,ury,385.725
2015,ury,427.520
2016,ury,470.356
2017,ury,514.825
2018,ury,565.609
2019,ury,619.985
2020,ury,680.007
1992,uzb,0.140
1993,uzb,1.763
1994,uzb,18.407
1995,uzb,104.812
1996,uzb,234.715
1997,uzb,364.727
1998,uzb,569.692
1999,uzb,820.130
2000,uzb,"1,191.468"
2001,uzb,"1,687.944"
2002,uzb,"2,644.204"
2003,uzb,"3,288.545"
2004,uzb,"3,944.687"
2005,uzb,"4,900.016"
2006,uzb,"7,139.908"
2007,uzb,"10,030.299"
2008,uzb,"15,357.337"
2009,uzb,"18,009.672"
2010,uzb,"22,865.398"
2011,uzb,"31,294.161"
2012,uzb,"40,112.898"
2013,uzb,"43,436.671"
2014,uzb,"51,478.493"
2015,uzb,"58,680.955"
2016,uzb,"68,060.086"
2017,uzb,"79,517.555"
2018,uzb,"92,896.405"
2019,uzb,"108,564.060"
2020,uzb,"127,170.716"
1991,vut,6.836
1992,vut,6.996
1993,vut,5.492
1994,vut,6.219
1995,vut,7.093
1996,vut,6.623
1997,vut,6.860
1998,vut,7.104
1999,vut,8.065
2000,vut,7.177
2001,vut,7.124
2002,vut,6.836
2003,vut,6.722
2004,vut,7.880
2005,vut,8.695
2006,vut,10.009
2007,vut,12.022
2008,vut,16.618
2009,vut,16.900
2010,vut,16.708
2011,vut,15.804
2012,vut,15.764
2013,vut,16.174
2014,vut,18.483
2015,vut,16.826
2016,vut,17.972
2017,vut,19.960
2018,vut,20.537
2019,vut,21.838
2020,vut,22.416
1988,ven,0.210
1989,ven,0.478
1990,ven,0.815
1991,ven,0.960
1992,ven,1.003
1993,ven,1.350
1994,ven,2.692
1995,ven,3.696
1996,ven,10.500
1997,ven,14.078
1998,ven,12.154
1999,ven,15.932
2000,ven,26.081
2001,ven,24.287
2002,ven,31.821
2003,ven,43.419
2004,ven,73.131
2005,ven,114.413
2006,ven,148.360
2007,ven,163.878
2008,ven,212.889
2009,ven,173.870
2010,ven,215.722
2011,ven,378.475
2012,ven,384.821
2013,ven,516.625
2014,ven,906.591
2015,ven,"1,051.318"
2016,ven,"1,749.280"
2017,ven,"2,866.762"
2018,ven,"4,684.190"
2019,ven,"7,705.257"
2020,ven,"12,786.471"
1998,vnm,"72,965.000"
1999,vnm,"78,490.000"
2000,vnm,"90,749.000"
2001,vnm,"103,888.000"
2002,vnm,"121,716.000"
2003,vnm,"152,957.000"
2004,vnm,"190,889.000"
2005,vnm,"228,288.320"
2006,vnm,"279,472.000"
2007,vnm,"325,437.900"
2008,vnm,"429,523.000"
2009,vnm,"462,877.900"
2010,vnm,"588,234.000"
2011,vnm,"719,403.000"
2012,vnm,"733,446.000"
2013,vnm,"820,954.000"
2014,vnm,"845,773.000"
2015,vnm,"911,275.046"
2016,vnm,"1,009,467.201"
2017,vnm,"1,135,756.941"
2018,vnm,"1,261,383.485"
2019,vnm,"1,405,772.379"
2020,vnm,"1,560,655.032"
1990,yem,24.210
1991,yem,33.432
1992,yem,29.604
1993,yem,33.851
1994,yem,37.537
1995,yem,95.296
1996,yem,220.867
1997,yem,289.326
1998,yem,227.655
1999,yem,336.831
2000,yem,588.689
2001,yem,553.084
2002,yem,567.672
2003,yem,672.293
2004,yem,820.564
2005,yem,"1,121.288"
2006,yem,"1,449.679"
2007,yem,"1,429.017"
2008,yem,"1,973.749"
2009,yem,"1,274.598"
2010,yem,"1,774.415"
2011,yem,"1,772.542"
2012,yem,"2,268.593"
2013,yem,"2,075.690"
2014,yem,"2,196.383"
2015,yem,"1,695.107"
2016,yem,"2,017.023"
2017,yem,"2,334.685"
2018,yem,"2,622.113"
2019,yem,"2,921.255"
2020,yem,"3,251.641"
2000,zmb,2.528
2001,zmb,3.263
2002,zmb,4.256
2003,zmb,5.104
2004,zmb,6.173
2005,zmb,7.467
2006,zmb,16.825
2007,zmb,10.626
2008,zmb,12.606
2009,zmb,12.182
2010,zmb,15.198
2011,zmb,20.233
2012,zmb,24.541
2013,zmb,26.635
2014,zmb,31.446
2015,zmb,34.067
2016,zmb,38.798
2017,zmb,44.660
2018,zmb,52.198
2019,zmb,58.439
2020,zmb,66.715
2005,zwe,0.942
2006,zwe,0.520
2007,zwe,0.202
2008,zwe,0.133
2009,zwe,0.975
2010,zwe,2.199
2011,zwe,2.921
2012,zwe,3.496
2013,zwe,3.741
2014,zwe,3.770
2015,zwe,3.899
2016,zwe,3.906
2017,zwe,4.099
2018,zwe,4.321
2019,zwe,4.573
2020,zwe,4.835
