year,country,ggxcnl
2002,afg,-0.176
2003,afg,-4.624
2004,afg,-5.891
2005,afg,-2.941
2006,afg,2.225
2007,afg,-10.654
2008,afg,-20.090
2009,afg,-10.803
2010,afg,6.560
2011,afg,-5.399
2012,afg,1.879
2013,afg,-7.030
2014,afg,-25.657
2015,afg,-0.668
2016,afg,-8.524
2017,afg,0.270
2018,afg,-1.254
2019,afg,-3.347
2020,afg,-2.980
1997,alb,-39.434
1998,alb,-38.198
1999,alb,-39.220
2000,alb,-38.954
2001,alb,-38.524
2002,alb,-37.922
2003,alb,-33.928
2004,alb,-38.083
2005,alb,-27.806
2006,alb,-28.479
2007,alb,-30.695
2008,alb,-52.782
2009,alb,-75.345
2010,alb,-43.637
2011,alb,-45.734
2012,alb,-45.857
2013,alb,-70.410
2014,alb,-78.058
2015,alb,-69.131
2016,alb,-51.425
2017,alb,-34.690
2018,alb,-47.526
2019,alb,-52.966
2020,alb,-47.767
1990,dza,17.660
1991,dza,32.770
1992,dza,8.076
1993,dza,-70.384
1994,dza,-27.734
1995,dza,11.762
1996,dza,100.548
1997,dza,81.472
1998,dza,-101.228
1999,dza,-61.540
2000,dza,400.037
2001,dza,158.076
2002,dza,52.638
2003,dza,256.083
2004,dza,323.396
2005,dza,"1,030.637"
2006,dza,"1,185.523"
2007,dza,573.608
2008,dza,999.954
2009,dza,-544.895
2010,dza,-46.510
2011,dza,-63.353
2012,dza,-662.711
2013,dza,-134.578
2014,dza,"-1,068.429"
2015,dza,"-2,116.261"
2016,dza,"-1,849.125"
2017,dza,"-1,535.354"
2018,dza,"-1,223.977"
2019,dza,-939.976
2020,dza,-693.606
2000,ago,2.567
2001,ago,7.658
2002,ago,-16.917
2003,ago,-62.256
2004,ago,23.287
2005,ago,231.059
2006,ago,396.677
2007,ago,215.870
2008,ago,-281.356
2009,ago,-440.464
2010,ago,261.463
2011,ago,848.602
2012,ago,505.037
2013,ago,-40.162
2014,ago,-359.600
2015,ago,-556.398
2016,ago,-317.972
2017,ago,-331.314
2018,ago,-409.143
2019,ago,-545.795
2020,ago,-725.657
1990,atg,0.002
1991,atg,-0.053
1992,atg,-0.012
1993,atg,-0.037
1994,atg,-0.073
1995,atg,-0.065
1996,atg,-0.030
1997,atg,0.000
1998,atg,-0.126
1999,atg,-0.067
2000,atg,-0.290
2001,atg,-0.298
2002,atg,-0.419
2003,atg,-0.451
2004,atg,-0.298
2005,atg,-0.410
2006,atg,-0.269
2007,atg,-0.175
2008,atg,-0.209
2009,atg,-0.594
2010,atg,-0.008
2011,atg,-0.110
2012,atg,-0.039
2013,atg,-0.136
2014,atg,-0.097
2015,atg,-0.365
2016,atg,0.054
2017,atg,0.056
2018,atg,0.056
2019,atg,0.066
2020,atg,0.073
1995,arg,-5.985
1996,arg,-8.552
1997,arg,-6.002
1998,arg,-6.103
1999,arg,-11.732
2000,arg,-10.261
2001,arg,-15.824
2002,arg,-4.593
2003,arg,5.241
2004,arg,18.267
2005,arg,12.993
2006,arg,14.226
2007,arg,3.089
2008,arg,10.770
2009,arg,-22.360
2010,arg,0.110
2011,arg,-45.069
2012,arg,-65.243
2013,arg,-68.023
2014,arg,-118.658
2015,arg,-205.799
2016,arg,-248.187
2017,arg,-330.632
2018,arg,-428.975
2019,arg,-549.939
2020,arg,-707.573
2005,arm,-44.326
2006,arm,-51.806
2007,arm,-73.512
2008,arm,-62.677
2009,arm,-241.482
2010,arm,-172.298
2011,arm,-108.661
2012,arm,-63.760
2013,arm,-72.566
2014,arm,-94.668
2015,arm,-209.279
2016,arm,-134.845
2017,arm,-104.143
2018,arm,-97.884
2019,arm,-103.538
2020,arm,-113.605
1988,aus,3.446
1989,aus,5.550
1990,aus,1.180
1991,aus,-9.280
1992,aus,-18.028
1993,aus,-18.859
1994,aus,-15.559
1995,aus,-10.395
1996,aus,-4.817
1997,aus,0.359
1998,aus,2.065
1999,aus,8.164
2000,aus,12.693
2001,aus,-0.268
2002,aus,1.117
2003,aus,7.873
2004,aus,11.833
2005,aus,16.457
2006,aus,18.422
2007,aus,16.705
2008,aus,-13.598
2009,aus,-57.382
2010,aus,-69.323
2011,aus,-65.083
2012,aus,-50.831
2013,aus,-47.239
2014,aus,-57.242
2015,aus,-53.390
2016,aus,-45.210
2017,aus,-35.632
2018,aus,-26.679
2019,aus,-21.034
2020,aus,-17.423
1988,aut,-4.057
1989,aut,-3.925
1990,aut,-3.603
1991,aut,-4.409
1992,aut,-3.428
1993,aut,-7.350
1994,aut,-8.497
1995,aut,-10.839
1996,aut,-7.945
1997,aut,-4.507
1998,aut,-5.344
1999,aut,-5.292
2000,aut,-4.377
2001,aut,-1.366
2002,aut,-3.051
2003,aut,-4.009
2004,aut,-11.523
2005,aut,-6.363
2006,aut,-6.661
2007,aut,-3.717
2008,aut,-4.275
2009,aut,-15.238
2010,aut,-13.112
2011,aut,-8.175
2012,aut,-7.269
2013,aut,-4.773
2014,aut,-10.964
2015,aut,-5.773
2016,aut,-5.932
2017,aut,-5.362
2018,aut,-5.136
2019,aut,-4.980
2020,aut,-4.991
2000,aze,0.018
2001,aze,--
2002,aze,-0.022
2003,aze,-0.126
2004,aze,0.082
2005,aze,0.304
2006,aze,0.216
2007,aze,0.651
2008,aze,7.596
2009,aze,2.340
2010,aze,5.936
2011,aze,5.924
2012,aze,2.049
2013,aze,0.823
2014,aze,0.261
2015,aze,-3.594
2016,aze,0.960
2017,aze,1.797
2018,aze,3.312
2019,aze,4.304
2020,aze,4.897
1990,bhs,-0.106
1991,bhs,-0.140
1992,bhs,-0.091
1993,bhs,-0.090
1994,bhs,-0.053
1995,bhs,-0.027
1996,bhs,-0.054
1997,bhs,-0.150
1998,bhs,-0.077
1999,bhs,-0.076
2000,bhs,-0.038
2001,bhs,-0.019
2002,bhs,-0.171
2003,bhs,-0.189
2004,bhs,-0.166
2005,bhs,-0.175
2006,bhs,-0.106
2007,bhs,-0.183
2008,bhs,-0.151
2009,bhs,-0.361
2010,bhs,-0.340
2011,bhs,-0.371
2012,bhs,-0.451
2013,bhs,-0.546
2014,bhs,-0.362
2015,bhs,-0.335
2016,bhs,-0.264
2017,bhs,-0.182
2018,bhs,-0.147
2019,bhs,-0.137
2020,bhs,-0.127
1990,bhr,-0.217
1991,bhr,-0.159
1992,bhr,-0.208
1993,bhr,-0.104
1994,bhr,-0.163
1995,bhr,-0.106
1996,bhr,0.009
1997,bhr,-0.183
1998,bhr,-0.094
1999,bhr,-0.144
2000,bhr,0.295
2001,bhr,0.026
2002,bhr,-0.123
2003,bhr,-0.074
2004,bhr,0.012
2005,bhr,0.175
2006,bhr,0.163
2007,bhr,0.130
2008,bhr,0.412
2009,bhr,-0.482
2010,bhr,-0.564
2011,bhr,-0.160
2012,bhr,-0.365
2013,bhr,-0.534
2014,bhr,-0.732
2015,bhr,-1.164
2016,bhr,-0.772
2017,bhr,-0.791
2018,bhr,-0.914
2019,bhr,-1.024
2020,bhr,-1.126
1980,bgd,-22.800
1981,bgd,-22.850
1982,bgd,-27.950
1983,bgd,-32.225
1984,bgd,-31.005
1985,bgd,-32.575
1986,bgd,-40.095
1987,bgd,-43.800
1988,bgd,-45.300
1989,bgd,-52.518
1990,bgd,-2.102
1991,bgd,6.686
1992,bgd,5.818
1993,bgd,7.306
1994,bgd,0.594
1995,bgd,-7.860
1996,bgd,-45.839
1997,bgd,-47.887
1998,bgd,-59.713
1999,bgd,-39.855
2000,bgd,-80.274
2001,bgd,-120.024
2002,bgd,-86.772
2003,bgd,-81.695
2004,bgd,-101.366
2005,bgd,-122.689
2006,bgd,-124.084
2007,bgd,-122.756
2008,bgd,-253.400
2009,bgd,-226.330
2010,bgd,-213.370
2011,bgd,-328.706
2012,bgd,-314.294
2013,bgd,-405.338
2014,bgd,-406.046
2015,bgd,-484.599
2016,bgd,-530.107
2017,bgd,-582.896
2018,bgd,-548.333
2019,bgd,-607.505
2020,bgd,-587.515
1994,brb,0.036
1995,brb,0.021
1996,brb,-0.074
1997,brb,-0.153
1998,brb,-0.021
1999,brb,0.060
2000,brb,-0.197
2001,brb,0.005
2002,brb,-0.244
2003,brb,-0.133
2004,brb,-0.011
2005,brb,-0.260
2006,brb,-0.028
2007,brb,-0.274
2008,brb,-0.330
2009,brb,-0.582
2010,brb,-0.695
2011,brb,-0.313
2012,brb,-0.720
2013,brb,-1.106
2014,brb,-0.784
2015,brb,-0.645
2016,brb,-0.648
2017,brb,-0.654
2018,brb,-0.665
2019,brb,-0.653
2020,brb,-0.638
1998,blr,-0.428
1999,blr,28.757
2000,blr,56.298
2001,blr,-104.503
2002,blr,-197.754
2003,blr,896.047
2004,blr,774.989
2005,blr,"1,245.893"
2006,blr,956.330
2007,blr,"1,475.478"
2008,blr,"2,461.547"
2009,blr,-520.500
2010,blr,-759.408
2011,blr,"12,597.385"
2012,blr,"8,894.000"
2013,blr,"-5,928.074"
2014,blr,"1,053.660"
2015,blr,"-29,087.268"
2016,blr,"-30,787.531"
2017,blr,"-42,692.278"
2018,blr,"-58,659.366"
2019,blr,"-79,909.027"
2020,blr,"-99,560.804"
1980,bel,-8.619
1981,bel,-14.879
1982,bel,-12.822
1983,bel,-15.993
1984,bel,-12.887
1985,bel,-12.709
1986,bel,-13.158
1987,bel,-10.830
1988,bel,-10.688
1989,bel,-12.072
1990,bel,-11.449
1991,bel,-13.161
1992,bel,-15.168
1993,bel,-14.300
1994,bel,-10.334
1995,bel,-9.392
1996,bel,-8.514
1997,bel,-5.189
1998,bel,-2.307
1999,bel,-1.352
2000,bel,-0.230
2001,bel,0.434
2002,bel,0.156
2003,bel,-4.942
2004,bel,-0.570
2005,bel,-8.113
2006,bel,0.816
2007,bel,0.157
2008,bel,-3.859
2009,bel,-19.109
2010,bel,-14.543
2011,bel,-14.881
2012,bel,-15.922
2013,bel,-11.464
2014,bel,-12.828
2015,bel,-11.814
2016,bel,-8.823
2017,bel,-5.758
2018,bel,-3.860
2019,bel,-2.054
2020,bel,-0.518
1996,blz,-0.024
1997,blz,-0.036
1998,blz,-0.058
1999,blz,-0.117
2000,blz,-0.152
2001,blz,-0.170
2002,blz,-0.170
2003,blz,-0.172
2004,blz,-0.189
2005,blz,-0.080
2006,blz,-0.096
2007,blz,-0.018
2008,blz,0.010
2009,blz,-0.033
2010,blz,-0.047
2011,blz,-0.032
2012,blz,-0.017
2013,blz,-0.057
2014,blz,-0.090
2015,blz,-0.088
2016,blz,-0.090
2017,blz,-0.121
2018,blz,-0.124
2019,blz,-0.184
2020,blz,-0.182
1990,ben,-38.315
1991,ben,-38.215
1992,ben,-39.877
1993,ben,-26.553
1994,ben,-54.708
1995,ben,-75.824
1996,ben,-49.408
1997,ben,-41.421
1998,ben,-10.561
1999,ben,-8.828
2000,ben,-92.302
2001,ben,-87.788
2002,ben,-96.889
2003,ben,-33.255
2004,ben,-23.006
2005,ben,-52.749
2006,ben,-5.385
2007,ben,8.680
2008,ben,-1.786
2009,ben,-102.638
2010,ben,-13.000
2011,ben,-49.450
2012,ben,-12.262
2013,ben,-84.394
2014,ben,-83.315
2015,ben,-113.784
2016,ben,-198.846
2017,ben,-217.724
2018,ben,-227.946
2019,ben,-136.205
2020,ben,-80.907
1981,btn,-0.050
1982,btn,0.010
1983,btn,-0.023
1984,btn,0.032
1985,btn,-0.207
1986,btn,-0.098
1987,btn,-0.033
1988,btn,0.032
1989,btn,-0.471
1990,btn,-0.390
1991,btn,-0.047
1992,btn,-0.247
1993,btn,0.312
1994,btn,-0.045
1995,btn,0.154
1996,btn,0.238
1997,btn,-0.302
1998,btn,0.144
1999,btn,0.635
2000,btn,-0.282
2001,btn,-2.795
2002,btn,-1.204
2003,btn,-2.891
2004,btn,0.556
2005,btn,-2.454
2006,btn,-0.443
2007,btn,0.288
2008,btn,0.132
2009,btn,-0.283
2010,btn,1.101
2011,btn,-1.671
2012,btn,-1.160
2013,btn,-4.235
2014,btn,-4.633
2015,btn,-3.329
2016,btn,-2.554
2017,btn,-1.421
2018,btn,3.294
2019,btn,10.361
2020,btn,14.432
1981,bol,--
1982,bol,--
1983,bol,--
1984,bol,-0.005
1985,bol,-0.232
1986,bol,-0.205
1987,bol,-0.684
1988,bol,-0.702
1989,bol,-0.698
1990,bol,-0.679
1991,bol,-0.804
1992,bol,-0.969
1993,bol,-1.492
1994,bol,-0.829
1995,bol,-0.586
1996,bol,-0.713
1997,bol,-1.366
1998,bol,-2.388
1999,bol,-1.848
2000,bol,-1.936
2001,bol,-3.668
2002,bol,-4.981
2003,bol,-4.875
2004,bol,-3.860
2005,bol,-1.729
2006,bol,4.101
2007,bol,1.793
2008,bol,4.308
2009,bol,0.017
2010,bol,2.296
2011,bol,1.382
2012,bol,3.282
2013,bol,1.376
2014,bol,-7.670
2015,bol,-10.714
2016,bol,-13.961
2017,bol,-13.844
2018,bol,-14.233
2019,bol,-14.131
2020,bol,-14.438
1998,bih,-0.253
1999,bih,-0.535
2000,bih,-0.880
2001,bih,-0.498
2002,bih,-0.366
2003,bih,-0.010
2004,bih,-0.067
2005,bih,0.061
2006,bih,0.429
2007,bih,0.108
2008,bih,-0.804
2009,bih,-1.325
2010,bih,-1.029
2011,bih,-0.732
2012,bih,-0.683
2013,bih,-0.511
2014,bih,-0.808
2015,bih,-0.646
2016,bih,-0.520
2017,bih,-0.376
2018,bih,-0.291
2019,bih,-0.207
2020,bih,-0.002
2000,bwa,2.583
2001,bwa,-0.961
2002,bwa,-1.390
2003,bwa,-0.085
2004,bwa,0.575
2005,bwa,5.376
2006,bwa,7.919
2007,bwa,3.823
2008,bwa,-5.594
2009,bwa,-10.466
2010,bwa,-7.200
2011,bwa,-0.156
2012,bwa,0.912
2013,bwa,6.914
2014,bwa,0.565
2015,bwa,1.075
2016,bwa,2.763
2017,bwa,4.728
2018,bwa,4.932
2019,bwa,5.384
2020,bwa,6.127
1996,bra,-45.698
1997,bra,-53.354
1998,bra,-72.376
1999,bra,-56.284
2000,bra,-39.806
2001,bra,-41.733
2002,bra,-65.799
2003,bra,-88.942
2004,bra,-56.306
2005,bra,-76.808
2006,bra,-86.010
2007,bra,-74.460
2008,bra,-47.684
2009,bra,-106.242
2010,bra,-105.653
2011,bra,-107.964
2012,bra,-121.315
2013,bra,-157.543
2014,bra,-343.916
2015,bra,-314.910
2016,bra,-300.701
2017,bra,-289.359
2018,bra,-255.807
2019,bra,-238.521
2020,bra,-221.721
1980,brn,5.125
1981,brn,7.077
1982,brn,5.707
1983,brn,2.122
1984,brn,3.208
1985,brn,3.215
1986,brn,0.464
1987,brn,0.278
1988,brn,-0.228
1989,brn,-0.375
1990,brn,-0.145
1991,brn,-0.096
1992,brn,-0.745
1993,brn,-1.153
1994,brn,-2.067
1995,brn,-2.007
1996,brn,-0.884
1997,brn,-1.233
1998,brn,-2.150
1999,brn,-1.788
2000,brn,0.786
2001,brn,0.287
2002,brn,-0.535
2003,brn,1.020
2004,brn,1.263
2005,brn,2.857
2006,brn,4.031
2007,brn,0.634
2008,brn,8.160
2009,brn,0.598
2010,brn,1.419
2011,brn,5.897
2012,brn,3.571
2013,brn,2.837
2014,brn,2.692
2015,brn,-2.381
2016,brn,-1.086
2017,brn,-0.458
2018,brn,0.194
2019,brn,1.791
2020,brn,2.548
2000,bgr,-0.170
2001,bgr,-0.180
2002,bgr,-0.209
2003,bgr,0.001
2004,bgr,0.656
2005,bgr,1.028
2006,bgr,1.727
2007,bgr,1.960
2008,bgr,1.990
2009,bgr,-0.626
2010,bgr,-2.823
2011,bgr,-1.488
2012,bgr,-0.359
2013,bgr,-1.441
2014,bgr,-3.048
2015,bgr,-2.495
2016,bgr,-2.113
2017,bgr,-1.738
2018,bgr,-1.371
2019,bgr,-0.947
2020,bgr,-0.476
1985,bfa,1.494
1986,bfa,-15.013
1987,bfa,-10.303
1988,bfa,-12.136
1989,bfa,51.302
1990,bfa,23.832
1991,bfa,1.523
1992,bfa,6.321
1993,bfa,-38.826
1994,bfa,-22.333
1995,bfa,-35.341
1996,bfa,-24.793
1997,bfa,-42.464
1998,bfa,-48.345
1999,bfa,-68.571
2000,bfa,-63.832
2001,bfa,-83.124
2002,bfa,-111.386
2003,bfa,-49.208
2004,bfa,-120.574
2005,bfa,-158.456
2006,bfa,490.699
2007,bfa,-183.041
2008,bfa,-152.904
2009,bfa,-184.915
2010,bfa,-135.316
2011,bfa,-69.537
2012,bfa,-177.211
2013,bfa,-235.591
2014,bfa,-119.610
2015,bfa,-168.873
2016,bfa,-209.815
2017,bfa,-277.163
2018,bfa,-335.469
2019,bfa,-389.285
2020,bfa,-422.543
1992,bdi,-0.670
1993,bdi,-0.644
1994,bdi,-7.448
1995,bdi,-6.975
1996,bdi,-22.197
1997,bdi,-12.652
1998,bdi,-17.555
1999,bdi,-28.371
2000,bdi,-9.276
2001,bdi,-28.377
2002,bdi,-7.950
2003,bdi,-40.189
2004,bdi,-35.852
2005,bdi,-43.492
2006,bdi,-13.193
2007,bdi,-36.835
2008,bdi,-51.682
2009,bdi,-112.374
2010,bdi,-90.970
2011,bdi,-117.449
2012,bdi,-132.940
2013,bdi,-70.231
2014,bdi,-165.004
2015,bdi,-123.023
2016,bdi,-94.135
2017,bdi,-103.189
2018,bdi,-112.396
2019,bdi,-122.329
2020,bdi,-147.729
2002,cpv,-6.239
2003,cpv,-3.918
2004,cpv,-3.339
2005,cpv,-5.804
2006,cpv,-5.509
2007,cpv,-1.148
2008,cpv,-0.795
2009,cpv,-8.076
2010,cpv,-14.893
2011,cpv,-11.320
2012,cpv,-15.463
2013,cpv,-13.912
2014,cpv,-13.126
2015,cpv,-12.969
2016,cpv,-11.602
2017,cpv,-10.539
2018,cpv,-8.226
2019,cpv,-3.376
2020,cpv,-5.150
1996,khm,-693.437
1997,khm,-377.794
1998,khm,-627.946
1999,khm,-508.617
2000,khm,-678.142
2001,khm,-804.550
2002,khm,"-1,070.773"
2003,khm,"-1,143.345"
2004,khm,-763.529
2005,khm,-98.955
2006,khm,-51.452
2007,khm,-254.081
2008,khm,115.982
2009,khm,"-1,827.283"
2010,khm,"-1,340.383"
2011,khm,"-2,122.430"
2012,khm,"-2,150.312"
2013,khm,"-1,313.417"
2014,khm,-565.310
2015,khm,"-2,258.525"
2016,khm,"-2,403.271"
2017,khm,"-2,276.778"
2018,khm,"-2,244.988"
2019,khm,"-2,056.309"
2020,khm,"-1,879.478"
2000,cmr,115.908
2001,cmr,50.634
2002,cmr,132.212
2003,cmr,51.881
2004,cmr,-45.250
2005,cmr,311.632
2006,cmr,"3,082.138"
2007,cmr,457.160
2008,cmr,233.096
2009,cmr,-5.348
2010,cmr,-126.901
2011,cmr,-325.937
2012,cmr,-214.920
2013,cmr,-577.149
2014,cmr,-802.580
2015,cmr,"-1,007.915"
2016,cmr,-968.495
2017,cmr,-988.838
2018,cmr,-910.040
2019,cmr,-844.952
2020,cmr,-893.293
1980,can,-12.635
1981,can,-9.821
1982,can,-26.879
1983,can,-34.006
1984,can,-35.317
1985,can,-42.253
1986,can,-36.874
1987,can,-30.234
1988,can,-26.238
1989,can,-29.991
1990,can,-39.632
1991,can,-57.851
1992,can,-64.723
1993,can,-64.095
1994,can,-51.916
1995,can,-43.002
1996,can,-23.317
1997,can,2.248
1998,can,2.045
1999,can,17.960
2000,can,32.228
2001,can,8.550
2002,can,0.389
2003,can,0.723
2004,can,13.339
2005,can,23.571
2006,can,26.709
2007,can,22.832
2008,can,-4.969
2009,can,-70.846
2010,can,-81.947
2011,can,-66.313
2012,can,-57.412
2013,can,-53.242
2014,can,-34.786
2015,can,-34.323
2016,can,-26.644
2017,can,-20.150
2018,can,-16.510
2019,can,-13.956
2020,can,-4.699
1988,caf,-25.368
1989,caf,-16.354
1990,caf,-19.137
1991,caf,-28.439
1992,caf,-17.046
1993,caf,14.119
1994,caf,-35.102
1995,caf,-8.633
1996,caf,-33.848
1997,caf,-2.119
1998,caf,-1.285
1999,caf,0.687
2000,caf,-12.372
2001,caf,-5.807
2002,caf,-7.966
2003,caf,-21.046
2004,caf,-11.894
2005,caf,-32.366
2006,caf,69.008
2007,caf,8.777
2008,caf,-11.164
2009,caf,-5.509
2010,caf,-14.277
2011,caf,-24.585
2012,caf,0.112
2013,caf,-48.060
2014,caf,17.138
2015,caf,-47.149
2016,caf,-54.119
2017,caf,-69.061
2018,caf,-82.077
2019,caf,-92.936
2020,caf,-104.298
1995,tcd,-33.098
1996,tcd,-34.531
1997,tcd,-34.136
1998,tcd,-26.149
1999,tcd,-56.444
2000,tcd,-67.770
2001,tcd,-65.020
2002,tcd,-82.960
2003,tcd,-100.740
2004,tcd,-62.999
2005,tcd,-2.409
2006,tcd,86.396
2007,tcd,104.965
2008,tcd,168.152
2009,tcd,-402.775
2010,tcd,-219.660
2011,tcd,137.286
2012,tcd,29.973
2013,tcd,-132.531
2014,tcd,-289.078
2015,tcd,-237.243
2016,tcd,-53.677
2017,tcd,13.379
2018,tcd,342.020
2019,tcd,329.042
2020,tcd,215.856
1990,chl,233.085
1991,chl,211.592
1992,chl,358.229
1993,chl,286.485
1994,chl,347.972
1995,chl,910.717
1996,chl,672.245
1997,chl,733.010
1998,chl,148.000
1999,chl,-776.096
2000,chl,-292.484
2001,chl,-224.604
2002,chl,-566.953
2003,chl,-219.789
2004,chl,"1,238.432"
2005,chl,"3,127.641"
2006,chl,"6,110.907"
2007,chl,"7,168.635"
2008,chl,"3,876.412"
2009,chl,"-3,938.530"
2010,chl,-405.803
2011,chl,"1,705.739"
2012,chl,885.518
2013,chl,-644.620
2014,chl,"-2,082.784"
2015,chl,"-3,259.077"
2016,chl,"-3,214.010"
2017,chl,"-2,152.514"
2018,chl,"-1,171.469"
2019,chl,"-1,342.690"
2020,chl,"-1,382.769"
1982,chn,1.187
1983,chn,-0.058
1984,chn,0.508
1985,chn,8.426
1986,chn,-3.588
1987,chn,-8.545
1988,chn,-14.666
1989,chn,-15.762
1990,chn,-13.636
1991,chn,-22.956
1992,chn,-33.245
1993,chn,-31.855
1994,chn,-81.823
1995,chn,-58.152
1996,chn,-52.956
1997,chn,-58.242
1998,chn,-92.223
1999,chn,-209.259
2000,chn,-284.027
2001,chn,-286.554
2002,chn,-349.851
2003,chn,-328.370
2004,chn,-243.942
2005,chn,-262.999
2006,chn,-251.153
2007,chn,15.943
2008,chn,-7.880
2009,chn,-618.782
2010,chn,-496.870
2011,chn,264.660
2012,chn,10.263
2013,chn,-646.239
2014,chn,-726.747
2015,chn,"-1,331.596"
2016,chn,"-1,591.292"
2017,chn,"-1,475.408"
2018,chn,"-1,382.745"
2019,chn,"-1,391.283"
2020,chn,"-1,290.445"
1982,col,-149.700
1983,col,-161.400
1984,col,-207.700
1985,col,-171.800
1986,col,-183.400
1987,col,-73.740
1988,col,-146.653
1989,col,-305.700
1990,col,-114.300
1991,col,127.000
1992,col,-31.200
1993,col,-146.537
1994,col,-111.331
1995,col,"-1,007.465"
1996,col,"-3,002.205"
1997,col,"-4,692.442"
1998,col,"-6,486.244"
1999,col,"-9,719.954"
2000,col,"-6,124.116"
2001,col,"-6,549.209"
2002,col,"-8,425.510"
2003,col,"-7,323.130"
2004,col,"-3,891.040"
2005,col,-46.770
2006,col,"-3,807.599"
2007,col,"-3,652.094"
2008,col,"-1,214.057"
2009,col,"-14,101.049"
2010,col,"-17,970.803"
2011,col,"-12,336.940"
2012,col,538.475
2013,col,"-6,690.937"
2014,col,"-10,735.269"
2015,col,"-25,616.400"
2016,col,"-22,620.836"
2017,col,"-23,149.534"
2018,col,"-21,334.960"
2019,col,"-20,434.163"
2020,col,"-19,121.098"
1984,com,-4.512
1985,com,-3.950
1986,com,-3.842
1987,com,-2.677
1988,com,-2.409
1989,com,-1.368
1990,com,-1.020
1991,com,-2.505
1992,com,-2.339
1993,com,-0.685
1994,com,-5.490
1995,com,-6.305
1996,com,-5.112
1997,com,-2.019
1998,com,-5.218
1999,com,-0.744
2000,com,-2.058
2001,com,-4.357
2002,com,-4.771
2003,com,-4.865
2004,com,-2.413
2005,com,0.084
2006,com,-4.065
2007,com,-3.369
2008,com,-4.485
2009,com,1.148
2010,com,14.165
2011,com,3.114
2012,com,7.439
2013,com,43.368
2014,com,-0.705
2015,com,-3.282
2016,com,-6.484
2017,com,-6.733
2018,com,-7.289
2019,com,0.938
2020,com,-1.321
1996,cod,-0.189
1997,cod,-0.637
1998,cod,-0.894
1999,cod,-3.597
2000,cod,-24.313
2001,cod,-47.738
2002,cod,-4.140
2003,cod,-182.620
2004,cod,-70.791
2005,cod,-14.838
2006,cod,124.351
2007,cod,-16.836
2008,cod,-119.905
2009,cod,184.975
2010,cod,457.306
2011,cod,-104.667
2012,cod,458.749
2013,cod,906.904
2014,cod,831.522
2015,cod,570.527
2016,cod,639.572
2017,cod,791.243
2018,cod,777.827
2019,cod,750.546
2020,cod,806.430
1990,cog,-33.437
1991,cog,-95.793
1992,cog,-108.732
1993,cog,-94.785
1994,cog,-130.654
1995,cog,-86.931
1996,cog,132.191
1997,cog,48.590
1998,cog,-78.900
1999,cog,-80.420
2000,cog,25.886
2001,cog,130.203
2002,cog,-7.121
2003,cog,8.192
2004,cog,89.490
2005,cog,469.938
2006,cog,672.947
2007,cog,377.762
2008,cog,"1,241.637"
2009,cog,217.482
2010,cog,956.267
2011,cog,"1,119.600"
2012,cog,449.900
2013,cog,567.600
2014,cog,130.000
2015,cog,-403.729
2016,cog,109.291
2017,cog,581.357
2018,cog,600.789
2019,cog,352.731
2020,cog,173.017
2000,cri,-170.455
2001,cri,-182.326
2002,cri,-297.830
2003,cri,-236.334
2004,cri,-278.333
2005,cri,-266.617
2006,cri,-165.946
2007,cri,42.933
2008,cri,-45.560
2009,cri,-606.333
2010,cri,"-1,031.797"
2011,cri,-892.860
2012,cri,"-1,059.472"
2013,cri,"-1,385.624"
2014,cri,"-1,603.050"
2015,cri,"-1,695.676"
2016,cri,"-1,648.377"
2017,cri,"-1,734.650"
2018,cri,"-1,960.153"
2019,cri,"-2,206.083"
2020,cri,"-2,443.790"
1997,civ,-139.864
1998,civ,-162.881
1999,civ,-213.788
2000,civ,-87.600
2001,civ,79.300
2002,civ,-75.808
2003,civ,-155.093
2004,civ,-125.465
2005,civ,-127.698
2006,civ,-140.181
2007,civ,-44.960
2008,civ,-43.270
2009,civ,-158.693
2010,civ,-227.757
2011,civ,-483.735
2012,civ,-430.391
2013,civ,-345.234
2014,civ,-384.960
2015,civ,-581.563
2016,civ,-636.436
2017,civ,-687.611
2018,civ,-718.549
2019,civ,-770.785
2020,civ,-441.290
2002,hrv,-9.529
2003,hrv,-10.673
2004,hrv,-12.705
2005,hrv,-10.076
2006,hrv,-9.863
2007,hrv,-8.086
2008,hrv,-9.380
2009,hrv,-19.633
2010,hrv,-19.795
2011,hrv,-25.467
2012,hrv,-18.650
2013,hrv,-17.188
2014,hrv,-16.352
2015,hrv,-15.951
2016,hrv,-12.908
2017,hrv,-11.375
2018,hrv,-10.534
2019,hrv,-10.976
2020,hrv,-11.447
1995,cyp,-0.063
1996,cyp,-0.241
1997,cyp,-0.397
1998,cyp,-0.354
1999,cyp,-0.397
2000,cyp,-0.233
2001,cyp,-0.241
2002,cyp,-0.492
2003,cyp,-0.764
2004,cyp,-0.520
2005,cyp,-0.334
2006,cyp,-0.175
2007,cyp,0.556
2008,cyp,0.161
2009,cyp,-1.031
2010,cyp,-0.912
2011,cyp,-1.122
2012,cyp,-1.130
2013,cyp,-0.787
2014,cyp,-0.018
2015,cyp,-0.198
2016,cyp,0.043
2017,cyp,0.053
2018,cyp,0.226
2019,cyp,0.180
2020,cyp,0.208
1995,cze,-196.375
1996,cze,-55.204
1997,cze,-68.224
1998,cze,-99.498
1999,cze,-77.074
2000,cze,-82.274
2001,cze,-136.838
2002,cze,-167.727
2003,cze,-179.780
2004,cze,-82.886
2005,cze,-101.092
2006,cze,-79.228
2007,cze,-26.685
2008,cze,-84.953
2009,cze,-217.412
2010,cze,-177.146
2011,cze,-121.582
2012,cze,-161.075
2013,cze,-56.393
2014,cze,-40.552
2015,cze,-63.660
2016,cze,-55.938
2017,cze,-55.390
2018,cze,-60.129
2019,cze,-57.241
2020,cze,-53.525
1980,dnk,-14.401
1981,dnk,-30.051
1982,dnk,-47.953
1983,dnk,-42.953
1984,dnk,-27.208
1985,dnk,-17.041
1986,dnk,14.918
1987,dnk,11.163
1988,dnk,1.733
1989,dnk,-5.482
1990,dnk,-13.158
1991,dnk,-26.098
1992,dnk,-23.733
1993,dnk,-34.097
1994,dnk,-35.788
1995,dnk,-37.521
1996,dnk,-27.011
1997,dnk,-13.756
1998,dnk,-4.608
1999,dnk,10.788
2000,dnk,25.043
2001,dnk,15.643
2002,dnk,-0.217
2003,dnk,-1.913
2004,dnk,31.222
2005,dnk,78.587
2006,dnk,83.896
2007,dnk,87.298
2008,dnk,57.177
2009,dnk,-48.188
2010,dnk,-49.080
2011,dnk,-37.967
2012,dnk,-68.442
2013,dnk,-20.024
2014,dnk,34.796
2015,dnk,-44.184
2016,dnk,-42.451
2017,dnk,-40.496
2018,dnk,-32.274
2019,dnk,-22.908
2020,dnk,-12.578
1990,dji,-5.883
1991,dji,-2.426
1992,dji,-9.720
1993,dji,-10.763
1994,dji,-9.709
1995,dji,-7.525
1996,dji,-3.424
1997,dji,-3.871
1998,dji,0.410
1999,dji,-2.764
2000,dji,-1.737
2001,dji,-1.441
2002,dji,-3.869
2003,dji,-2.525
2004,dji,-2.243
2005,dji,0.331
2006,dji,-3.341
2007,dji,-3.883
2008,dji,2.137
2009,dji,-10.855
2010,dji,-4.471
2011,dji,-2.220
2012,dji,-6.186
2013,dji,-14.042
2014,dji,-33.785
2015,dji,-40.466
2016,dji,-42.923
2017,dji,-13.778
2018,dji,-18.991
2019,dji,-15.571
2020,dji,3.537
1990,dma,-0.027
1991,dma,-0.018
1992,dma,-0.014
1993,dma,-0.010
1994,dma,-0.024
1995,dma,-0.022
1996,dma,-0.013
1997,dma,-0.019
1998,dma,-0.053
1999,dma,-0.082
2000,dma,-0.079
2001,dma,-0.059
2002,dma,-0.037
2003,dma,0.008
2004,dma,-0.007
2005,dma,0.010
2006,dma,0.032
2007,dma,0.021
2008,dma,0.009
2009,dma,-0.004
2010,dma,-0.045
2011,dma,-0.059
2012,dma,-0.072
2013,dma,-0.039
2014,dma,-0.049
2015,dma,-0.052
2016,dma,-0.059
2017,dma,-0.064
2018,dma,-0.070
2019,dma,-0.078
2020,dma,-0.085
1997,dom,-3.207
1998,dom,-2.458
1999,dom,-4.552
2000,dom,-5.487
2001,dom,-6.960
2002,dom,-8.638
2003,dom,-38.889
2004,dom,-32.267
2005,dom,-4.366
2006,dom,-11.880
2007,dom,1.534
2008,dom,-54.000
2009,dom,-52.373
2010,dom,-54.119
2011,dom,-67.415
2012,dom,-156.531
2013,dom,-90.969
2014,dom,-84.549
2015,dom,-72.172
2016,dom,-69.522
2017,dom,-77.925
2018,dom,-87.773
2019,dom,-100.646
2020,dom,-125.966
1993,ecu,0.000
1994,ecu,0.000
1995,ecu,-0.197
1996,ecu,-0.537
1997,ecu,-0.448
1998,ecu,-1.089
1999,ecu,-0.701
2000,ecu,0.179
2001,ecu,0.285
2002,ecu,0.216
2003,ecu,0.324
2004,ecu,0.707
2005,ecu,0.266
2006,ecu,1.335
2007,ecu,0.897
2008,ecu,0.300
2009,ecu,-2.232
2010,ecu,-0.937
2011,ecu,-0.005
2012,ecu,-0.824
2013,ecu,-4.348
2014,ecu,-5.201
2015,ecu,-5.541
2016,ecu,-5.304
2017,ecu,-4.756
2018,ecu,-3.443
2019,ecu,-1.849
2020,ecu,-1.869
2002,egy,-42.995
2003,egy,-37.677
2004,egy,-40.055
2005,egy,-45.269
2006,egy,-56.709
2007,egy,-56.213
2008,egy,-71.676
2009,egy,-71.872
2010,egy,-99.956
2011,egy,-134.139
2012,egy,-165.690
2013,egy,-246.901
2014,egy,-271.602
2015,egy,-270.456
2016,egy,-248.805
2017,egy,-261.606
2018,egy,-291.956
2019,egy,-321.785
2020,egy,-343.319
1993,slv,-0.325
1994,slv,-0.250
1995,slv,-0.187
1996,slv,-0.286
1997,slv,-0.202
1998,slv,-0.294
1999,slv,-0.378
2000,slv,-0.438
2001,slv,-0.547
2002,slv,-0.533
2003,slv,-0.613
2004,slv,-0.432
2005,slv,-0.508
2006,slv,-0.470
2007,slv,-0.259
2008,slv,-0.574
2009,slv,-1.147
2010,slv,-0.949
2011,slv,-0.948
2012,slv,-0.939
2013,slv,-0.887
2014,slv,-0.889
2015,slv,-1.156
2016,slv,-1.241
2017,slv,-1.308
2018,slv,-1.404
2019,slv,-1.556
2020,slv,-1.717
1980,gnq,-1.082
1981,gnq,-1.446
1982,gnq,-2.002
1983,gnq,-0.738
1984,gnq,0.659
1985,gnq,-0.898
1986,gnq,-2.329
1987,gnq,0.210
1988,gnq,-12.278
1989,gnq,-5.898
1990,gnq,-1.896
1991,gnq,-2.159
1992,gnq,-3.630
1993,gnq,-3.533
1994,gnq,-3.950
1995,gnq,-2.482
1996,gnq,-3.189
1997,gnq,10.086
1998,gnq,-5.900
1999,gnq,-0.868
2000,gnq,-21.948
2001,gnq,182.781
2002,gnq,252.783
2003,gnq,216.358
2004,gnq,288.601
2005,gnq,800.602
2006,gnq,"1,149.482"
2007,gnq,"1,075.045"
2008,gnq,"1,292.455"
2009,gnq,-459.435
2010,gnq,-365.921
2011,gnq,82.009
2012,gnq,-828.788
2013,gnq,-603.894
2014,gnq,-580.075
2015,gnq,-997.056
2016,gnq,-365.535
2017,gnq,-9.476
2018,gnq,105.831
2019,gnq,245.678
2020,gnq,102.421
1992,eri,0.117
1993,eri,0.083
1994,eri,0.232
1995,eri,-0.700
1996,eri,-0.678
1997,eri,-0.234
1998,eri,-1.860
1999,eri,-2.992
2000,eri,-1.920
2001,eri,-2.588
2002,eri,-2.683
2003,eri,-2.076
2004,eri,-2.540
2005,eri,-3.747
2006,eri,-2.621
2007,eri,-3.173
2008,eri,-4.484
2009,eri,-4.204
2010,eri,-5.222
2011,eri,-6.487
2012,eri,-6.414
2013,eri,-6.617
2014,eri,-6.901
2015,eri,-7.968
2016,eri,-9.207
2017,eri,-11.451
2018,eri,-12.365
2019,eri,-13.847
2020,eri,-16.222
1995,est,-0.011
1996,est,-0.039
1997,est,0.128
1998,est,0.025
1999,est,-0.191
2000,est,-0.015
2001,est,-0.006
2002,est,0.020
2003,est,0.146
2004,est,0.160
2005,est,0.181
2006,est,0.330
2007,est,0.383
2008,est,-0.479
2009,est,-0.273
2010,est,0.028
2011,est,0.171
2012,est,-0.049
2013,est,-0.089
2014,est,0.073
2015,est,-0.107
2016,est,-0.020
2017,est,0.002
2018,est,-0.001
2019,est,-0.005
2020,est,0.004
1980,eth,-0.381
1981,eth,-0.334
1982,eth,-0.577
1983,eth,-1.352
1984,eth,-0.622
1985,eth,-0.929
1986,eth,-0.816
1987,eth,-0.776
1988,eth,-0.790
1989,eth,-1.033
1990,eth,-1.737
1991,eth,-1.680
1992,eth,-1.454
1993,eth,-1.562
1994,eth,-2.168
1995,eth,-1.327
1996,eth,-2.131
1997,eth,-0.985
1998,eth,-1.954
1999,eth,-5.067
2000,eth,-5.961
2001,eth,-2.578
2002,eth,-3.866
2003,eth,-4.138
2004,eth,-2.318
2005,eth,-4.425
2006,eth,-5.025
2007,eth,-6.182
2008,eth,-7.210
2009,eth,-3.147
2010,eth,-5.097
2011,eth,-8.220
2012,eth,-8.758
2013,eth,-16.736
2014,eth,-27.394
2015,eth,-35.917
2016,eth,-40.479
2017,eth,-45.143
2018,eth,-50.793
2019,eth,-56.992
2020,eth,-64.881
1992,fji,-0.058
1993,fji,-0.085
1994,fji,-0.038
1995,fji,-0.011
1996,fji,-0.150
1997,fji,-0.200
1998,fji,0.125
1999,fji,-0.018
2000,fji,-0.114
2001,fji,-0.246
2002,fji,-0.222
2003,fji,-0.257
2004,fji,-0.144
2005,fji,-0.166
2006,fji,-0.185
2007,fji,-0.108
2008,fji,0.033
2009,fji,-0.234
2010,fji,-0.131
2011,fji,-0.092
2012,fji,-0.077
2013,fji,-0.038
2014,fji,-0.156
2015,fji,-0.312
2016,fji,-0.188
2017,fji,-0.199
2018,fji,-0.207
2019,fji,-0.214
2020,fji,-0.229
1980,fin,0.768
1981,fin,1.582
1982,fin,0.758
1983,fin,-0.133
1984,fin,1.081
1985,fin,1.097
1986,fin,1.668
1987,fin,0.029
1988,fin,3.207
1989,fin,5.553
1990,fin,5.419
1991,fin,-0.377
1992,fin,-4.780
1993,fin,-7.584
1994,fin,-6.498
1995,fin,-6.609
1996,fin,-3.944
1997,fin,-1.759
1998,fin,1.848
1999,fin,2.025
2000,fin,9.178
2001,fin,7.074
2002,fin,5.900
2003,fin,3.550
2004,fin,3.425
2005,fin,4.263
2006,fin,6.785
2007,fin,9.572
2008,fin,8.093
2009,fin,-4.579
2010,fin,-4.753
2011,fin,-1.995
2012,fin,-4.181
2013,fin,-4.723
2014,fin,-5.547
2015,fin,-4.996
2016,fin,-3.851
2017,fin,-2.563
2018,fin,-1.772
2019,fin,-1.650
2020,fin,-1.496
1980,fra,-1.852
1981,fra,-12.181
1982,fra,-16.516
1983,fra,-16.404
1984,fra,-19.202
1985,fra,-22.374
1986,fra,-25.890
1987,fra,-17.057
1988,fra,-23.530
1989,fra,-17.564
1990,fra,-25.428
1991,fra,-31.013
1992,fra,-51.778
1993,fra,-72.336
1994,fra,-63.699
1995,fra,-62.773
1996,fra,-49.095
1997,fra,-47.129
1998,fra,-32.701
1999,fra,-22.226
2000,fra,-19.584
2001,fra,-22.189
2002,fra,-49.226
2003,fra,-63.196
2004,fra,-59.688
2005,fra,-56.089
2006,fra,-43.400
2007,fra,-49.492
2008,fra,-63.533
2009,fra,-138.878
2010,fra,-135.795
2011,fra,-104.961
2012,fra,-101.649
2013,fra,-87.096
2014,fra,-89.638
2015,fra,-85.759
2016,fra,-77.429
2017,fra,-63.593
2018,fra,-45.050
2019,fra,-26.747
2020,fra,-9.244
1990,gab,-66.173
1991,gab,-32.962
1992,gab,-77.188
1993,gab,-87.277
1994,gab,-37.888
1995,gab,69.668
1996,gab,65.610
1997,gab,46.600
1998,gab,-369.360
1999,gab,34.062
2000,gab,427.720
2001,gab,149.643
2002,gab,137.845
2003,gab,292.748
2004,gab,286.526
2005,gab,398.007
2006,gab,460.429
2007,gab,480.646
2008,gab,763.537
2009,gab,388.447
2010,gab,191.912
2011,gab,210.967
2012,gab,140.268
2013,gab,153.764
2014,gab,251.274
2015,gab,-156.583
2016,gab,-27.892
2017,gab,39.359
2018,gab,69.049
2019,gab,52.482
2020,gab,9.808
2000,gmb,-0.012
2001,gmb,-0.397
2002,gmb,-0.358
2003,gmb,-0.495
2004,gmb,-0.704
2005,gmb,-1.047
2006,gmb,-0.945
2007,gmb,0.087
2008,gmb,-0.314
2009,gmb,-0.637
2010,gmb,-1.377
2011,gmb,-1.252
2012,gmb,-1.278
2013,gmb,-2.760
2014,gmb,-3.077
2015,gmb,-1.656
2016,gmb,-0.700
2017,gmb,-0.957
2018,gmb,-0.461
2019,gmb,-0.532
2020,gmb,-0.654
2000,geo,-0.119
2001,geo,-0.049
2002,geo,-0.014
2003,geo,-0.048
2004,geo,0.363
2005,geo,0.256
2006,geo,0.466
2007,geo,0.141
2008,geo,-0.377
2009,geo,-1.177
2010,geo,-0.992
2011,geo,-0.211
2012,geo,-0.198
2013,geo,-0.318
2014,geo,-0.523
2015,geo,-0.959
2016,geo,-1.053
2017,geo,-1.091
2018,geo,-1.235
2019,geo,-1.380
2020,geo,-1.567
1991,deu,-44.467
1992,deu,-41.031
1993,deu,-51.600
1994,deu,-41.916
1995,deu,-175.360
1996,deu,-62.820
1997,deu,-52.650
1998,deu,-45.750
1999,deu,-32.170
2000,deu,23.280
2001,deu,-64.650
2002,deu,-82.010
2003,deu,-89.140
2004,deu,-82.560
2005,deu,-74.120
2006,deu,-38.240
2007,deu,5.540
2008,deu,-1.840
2009,deu,-73.580
2010,deu,-104.300
2011,deu,-21.450
2012,deu,2.606
2013,deu,4.172
2014,deu,18.042
2015,deu,8.488
2016,deu,11.758
2017,deu,11.397
2018,deu,18.603
2019,deu,19.099
2020,deu,19.600
1980,gha,-0.001
1981,gha,-0.001
1982,gha,--
1983,gha,--
1984,gha,-0.001
1985,gha,-0.001
1986,gha,-0.002
1987,gha,-0.002
1988,gha,-0.003
1989,gha,-0.003
1990,gha,-0.010
1991,gha,-0.010
1992,gha,-0.035
1993,gha,-0.051
1994,gha,-0.064
1995,gha,-0.085
1996,gha,-0.153
1997,gha,-0.214
1998,gha,-0.226
1999,gha,-0.288
2000,gha,-0.268
2001,gha,-0.276
2002,gha,-0.329
2003,gha,-0.325
2004,gha,-0.396
2005,gha,-0.448
2006,gha,-0.881
2007,gha,-1.247
2008,gha,-2.548
2009,gha,-2.566
2010,gha,-4.314
2011,gha,-4.385
2012,gha,-9.175
2013,gha,-10.325
2014,gha,-11.063
2015,gha,-8.438
2016,gha,-6.879
2017,gha,-4.335
2018,gha,-5.463
2019,gha,-5.451
2020,gha,-5.736
1980,grc,-0.161
1981,grc,-0.607
1982,grc,-0.579
1983,grc,-0.782
1984,grc,-1.142
1985,grc,-1.881
1986,grc,-2.014
1987,grc,-2.118
1988,grc,-3.105
1989,grc,-4.609
1990,grc,-6.216
1991,grc,-5.488
1992,grc,-7.038
1993,grc,-8.539
1994,grc,-7.043
1995,grc,-9.130
1996,grc,-7.289
1997,grc,-7.069
1998,grc,-4.662
1999,grc,-4.088
2000,grc,-5.152
2001,grc,-6.529
2002,grc,-7.650
2003,grc,-9.855
2004,grc,-13.760
2005,grc,-10.885
2006,grc,-13.306
2007,grc,-15.646
2008,grc,-23.980
2009,grc,-36.198
2010,grc,-25.036
2011,grc,-21.031
2012,grc,-12.274
2013,grc,-5.131
2014,grc,-4.839
2015,grc,-1.424
2016,grc,1.251
2017,grc,1.452
2018,grc,1.421
2019,grc,1.690
2020,grc,2.205
1990,grd,-0.058
1991,grd,-0.035
1992,grd,-0.012
1993,grd,-0.001
1994,grd,-0.025
1995,grd,-0.004
1996,grd,-0.030
1997,grd,-0.052
1998,grd,-0.029
1999,grd,-0.036
2000,grd,-0.035
2001,grd,-0.090
2002,grd,-0.211
2003,grd,-0.058
2004,grd,-0.017
2005,grd,0.007
2006,grd,-0.107
2007,grd,-0.130
2008,grd,-0.092
2009,grd,-0.109
2010,grd,-0.075
2011,grd,-0.109
2012,grd,-0.127
2013,grd,-0.165
2014,grd,-0.149
2015,grd,-0.072
2016,grd,-0.031
2017,grd,-0.027
2018,grd,-0.025
2019,grd,-0.023
2020,grd,-0.017
2000,gtm,-2.640
2001,gtm,-3.105
2002,gtm,-1.770
2003,gtm,-4.525
2004,gtm,-2.080
2005,gtm,-3.594
2006,gtm,-4.471
2007,gtm,-3.772
2008,gtm,-4.777
2009,gtm,-9.672
2010,gtm,-10.960
2011,gtm,-10.333
2012,gtm,-9.446
2013,gtm,-9.010
2014,gtm,-8.622
2015,gtm,-11.496
2016,gtm,-11.330
2017,gtm,-12.110
2018,gtm,-12.937
2019,gtm,-13.999
2020,gtm,-15.157
1990,gin,-74.324
1991,gin,-83.851
1992,gin,-99.442
1993,gin,-119.907
1994,gin,-131.730
1995,gin,-122.060
1996,gin,-118.284
1997,gin,-122.665
1998,gin,-31.067
1999,gin,-145.277
2000,gin,-173.200
2001,gin,-245.621
2002,gin,-280.437
2003,gin,-442.628
2004,gin,-436.777
2005,gin,-176.400
2006,gin,-473.660
2007,gin,333.090
2008,gin,119.907
2009,gin,"-1,577.760"
2010,gin,"-3,791.410"
2011,gin,-422.759
2012,gin,"-1,295.515"
2013,gin,"-2,241.500"
2014,gin,"-2,020.325"
2015,gin,"-5,079.204"
2016,gin,"-2,366.181"
2017,gin,"-2,013.511"
2018,gin,"-1,265.820"
2019,gin,"-1,260.757"
2020,gin,"-1,128.367"
2000,gnb,-7.785
2001,gnb,-6.980
2002,gnb,-9.597
2003,gnb,-16.650
2004,gnb,-17.446
2005,gnb,-15.301
2006,gnb,-12.820
2007,gnb,-23.916
2008,gnb,1.931
2009,gnb,16.097
2010,gnb,6.682
2011,gnb,-4.129
2012,gnb,-8.860
2013,gnb,-6.587
2014,gnb,-9.289
2015,gnb,0.576
2016,gnb,-15.703
2017,gnb,-15.645
2018,gnb,-14.010
2019,gnb,-12.177
2020,gnb,-8.800
1997,guy,-3.837
1998,guy,-6.029
1999,guy,-1.242
2000,guy,-6.207
2001,guy,-10.444
2002,guy,-7.174
2003,guy,-14.848
2004,guy,-9.460
2005,guy,-22.376
2006,guy,-23.422
2007,guy,-15.055
2008,guy,-15.379
2009,guy,-15.301
2010,guy,-13.115
2011,guy,-16.324
2012,guy,-27.694
2013,guy,-26.036
2014,guy,-33.336
2015,guy,-31.553
2016,guy,-28.771
2017,guy,-28.326
2018,guy,-26.552
2019,guy,-18.974
2020,guy,-12.245
1997,hti,0.404
1998,hti,0.332
1999,hti,-0.242
2000,hti,-1.288
2001,hti,-1.849
2002,hti,-2.830
2003,hti,-4.167
2004,hti,-1.452
2005,hti,-4.511
2006,hti,-3.339
2007,hti,0.455
2008,hti,-7.050
2009,hti,-12.317
2010,hti,2.908
2011,hti,-11.031
2012,hti,-15.652
2013,hti,-26.274
2014,hti,-24.897
2015,hti,-13.360
2016,hti,-14.032
2017,hti,-15.028
2018,hti,-15.311
2019,hti,-16.811
2020,hti,-18.185
1990,hnd,-0.552
1991,hnd,-0.737
1992,hnd,-0.688
1993,hnd,-2.046
1994,hnd,-0.794
1995,hnd,-0.603
1996,hnd,-0.543
1997,hnd,-0.729
1998,hnd,1.619
1999,hnd,0.127
2000,hnd,0.354
2001,hnd,-5.339
2002,hnd,-8.424
2003,hnd,-9.398
2004,hnd,-6.273
2005,hnd,-2.404
2006,hnd,-5.546
2007,hnd,-3.684
2008,hnd,-4.451
2009,hnd,-12.494
2010,hnd,-8.473
2011,hnd,-9.315
2012,hnd,-15.114
2013,hnd,-28.627
2014,hnd,-17.681
2015,hnd,-11.700
2016,hnd,-9.252
2017,hnd,-7.463
2018,hnd,-5.949
2019,hnd,-5.310
2020,hnd,-4.627
1984,hkg,2.413
1985,hkg,2.850
1986,hkg,5.896
1987,hkg,12.502
1988,hkg,16.066
1989,hkg,11.062
1990,hkg,3.968
1991,hkg,22.509
1992,hkg,21.968
1993,hkg,19.200
1994,hkg,10.800
1995,hkg,-3.317
1996,hkg,25.909
1997,hkg,86.866
1998,hkg,-23.241
1999,hkg,9.952
2000,hkg,-7.833
2001,hkg,-63.331
2002,hkg,-61.688
2003,hkg,-40.128
2004,hkg,21.356
2005,hkg,13.964
2006,hkg,58.602
2007,hkg,123.650
2008,hkg,1.450
2009,hkg,25.917
2010,hkg,75.121
2011,hkg,73.686
2012,hkg,64.825
2013,hkg,21.803
2014,hkg,113.720
2015,hkg,77.085
2016,hkg,67.571
2017,hkg,49.126
2018,hkg,64.622
2019,hkg,99.859
2020,hkg,106.632
1995,hun,-33.241
1996,hun,15.180
1997,hun,-392.262
1998,hun,-376.158
1999,hun,-306.865
2000,hun,-575.034
2001,hun,-599.056
2002,hun,"-1,517.095"
2003,hun,"-1,358.334"
2004,hun,"-1,335.788"
2005,hun,"-1,720.842"
2006,hun,"-2,217.295"
2007,hun,"-1,269.063"
2008,hun,-980.404
2009,hun,"-1,166.374"
2010,hun,"-1,225.286"
2011,hun,"-1,468.926"
2012,hun,-662.760
2013,hun,-724.355
2014,hun,-825.800
2015,hun,-895.676
2016,hun,-867.731
2017,hun,-928.819
2018,hun,-985.030
2019,hun,-984.268
2020,hun,-973.439
1980,isl,0.216
1981,isl,0.323
1982,isl,0.665
1983,isl,-1.387
1984,isl,1.998
1985,isl,-2.001
1986,isl,-6.526
1987,isl,-1.786
1988,isl,-5.212
1989,isl,-14.031
1990,isl,-12.105
1991,isl,-2.922
1992,isl,-7.806
1993,isl,-18.438
1994,isl,-20.635
1995,isl,-13.398
1996,isl,-7.728
1997,isl,-0.108
1998,isl,-3.726
1999,isl,5.497
2000,isl,8.872
2001,isl,-7.474
2002,isl,-23.228
2003,isl,-26.676
2004,isl,-2.669
2005,isl,47.067
2006,isl,70.148
2007,isl,67.063
2008,isl,-202.334
2009,isl,-153.824
2010,isl,-157.764
2011,isl,-94.984
2012,isl,-65.206
2013,isl,-32.040
2014,isl,36.000
2015,isl,1.999
2016,isl,1.205
2017,isl,28.831
2018,isl,14.517
2019,isl,18.217
2020,isl,21.951
1988,ind,-180.554
1989,ind,-230.428
1990,ind,-285.719
1991,ind,-316.003
1992,ind,-480.216
1993,ind,-628.560
1994,ind,-711.829
1995,ind,-709.761
1996,ind,-788.051
1997,ind,"-1,115.717"
1998,ind,"-1,547.869"
1999,ind,"-1,504.913"
2000,ind,"-1,587.235"
2001,ind,"-2,312.542"
2002,ind,"-2,472.619"
2003,ind,"-2,934.150"
2004,ind,"-2,683.675"
2005,ind,"-2,649.000"
2006,ind,"-2,648.470"
2007,ind,"-2,197.809"
2008,ind,"-5,608.335"
2009,ind,"-6,316.650"
2010,ind,"-6,540.111"
2011,ind,"-7,172.924"
2012,ind,"-7,468.173"
2013,ind,"-8,198.105"
2014,ind,"-9,047.582"
2015,ind,"-10,109.445"
2016,ind,"-11,351.048"
2017,ind,"-12,383.335"
2018,ind,"-13,628.086"
2019,ind,"-14,891.468"
2020,ind,"-16,505.058"
1993,idn,"-2,345.200"
1994,idn,22.400
1995,idn,"3,519.900"
1996,idn,"6,192.600"
1997,idn,"-7,840.200"
1998,idn,"-21,866.000"
1999,idn,"-12,748.000"
2000,idn,"-28,266.072"
2001,idn,"-31,572.697"
2002,idn,"-11,457.975"
2003,idn,"-23,582.319"
2004,idn,"-6,497.474"
2005,idn,"12,779.724"
2006,idn,"13,528.488"
2007,idn,"-40,701.320"
2008,idn,"2,930.133"
2009,idn,"-98,833.937"
2010,idn,"-85,265.985"
2011,idn,"-46,688.535"
2012,idn,"-136,684.603"
2013,idn,"-190,143.958"
2014,idn,"-227,400.000"
2015,idn,"-267,885.727"
2016,idn,"-275,236.444"
2017,idn,"-280,585.103"
2018,idn,"-283,126.532"
2019,idn,"-307,701.551"
2020,idn,"-325,088.306"
1990,irn,-817.300
1991,irn,"-1,110.000"
1992,irn,-776.000
1993,irn,"-6,752.000"
1994,irn,"-5,726.000"
1995,irn,"-6,459.000"
1996,irn,"-2,536.000"
1997,irn,"-7,139.000"
1998,irn,"-22,083.000"
1999,irn,"-2,998.400"
2000,irn,"42,591.436"
2001,irn,"7,649.913"
2002,irn,"4,930.690"
2003,irn,"14,908.711"
2004,irn,"55,112.755"
2005,irn,"54,296.265"
2006,irn,"46,602.864"
2007,irn,"211,044.325"
2008,irn,"22,884.692"
2009,irn,"32,553.300"
2010,irn,"132,111.187"
2011,irn,"13,919.414"
2012,irn,"-23,453.072"
2013,irn,"-88,353.000"
2014,irn,"-149,090.053"
2015,irn,"-304,139.802"
2016,irn,"-337,401.929"
2017,irn,"-426,447.621"
2018,irn,"-548,414.735"
2019,irn,"-656,507.569"
2020,irn,"-786,529.774"
2004,irq,"-18,844.343"
2005,irq,"2,991.848"
2006,irq,"10,238.240"
2007,irq,"8,731.041"
2008,irq,"-1,343.461"
2009,irq,"-16,589.445"
2010,irq,"-6,772.531"
2011,irq,"10,310.993"
2012,irq,"10,408.179"
2013,irq,"-15,824.650"
2014,irq,"-7,650.898"
2015,irq,"-20,264.468"
2016,irq,"-14,679.064"
2017,irq,"1,613.212"
2018,irq,"5,059.851"
2019,irq,"4,883.548"
2020,irq,"10,534.995"
1980,irl,-1.368
1981,irl,-1.771
1982,irl,-2.245
1983,irl,-2.149
1984,irl,-2.077
1985,irl,-2.568
1986,irl,-2.686
1987,irl,-2.267
1988,irl,-1.256
1989,irl,-0.734
1990,irl,-0.996
1991,irl,-1.077
1992,irl,-1.164
1993,irl,-1.160
1994,irl,-0.873
1995,irl,-1.146
1996,irl,-0.166
1997,irl,0.954
1998,irl,1.615
1999,irl,2.221
2000,irl,5.190
2001,irl,1.134
2002,irl,-0.454
2003,irl,0.611
2004,irl,2.155
2005,irl,2.671
2006,irl,5.162
2007,irl,0.453
2008,irl,-13.145
2009,irl,-23.357
2010,irl,-53.467
2011,irl,-21.588
2012,irl,-13.901
2013,irl,-9.967
2014,irl,-7.153
2015,irl,-4.641
2016,irl,-2.961
2017,irl,-1.262
2018,irl,0.019
2019,irl,-0.037
2020,irl,0.034
2000,isr,-20.056
2001,isr,-33.100
2002,isr,-42.321
2003,isr,-44.009
2004,isr,-35.031
2005,isr,-30.470
2006,isr,-15.044
2007,isr,-8.485
2008,isr,-25.603
2009,isr,-50.516
2010,isr,-40.012
2011,isr,-36.360
2012,isr,-51.065
2013,isr,-42.909
2014,isr,-38.584
2015,isr,-40.145
2016,isr,-41.952
2017,isr,-35.827
2018,isr,-29.654
2019,isr,-24.188
2020,isr,-21.742
1988,ita,-57.947
1989,ita,-65.760
1990,ita,-73.012
1991,ita,-80.004
1992,ita,-77.758
1993,ita,-77.945
1994,ita,-75.172
1995,ita,-64.942
1996,ita,-68.573
1997,ita,-32.945
1998,ita,-34.176
1999,ita,-21.147
2000,ita,-16.404
2001,ita,-44.074
2002,ita,-41.358
2003,ita,-47.473
2004,ita,-51.662
2005,ita,-62.172
2006,ita,-55.549
2007,ita,-24.571
2008,ita,-43.936
2009,ita,-82.881
2010,ita,-68.121
2011,ita,-57.186
2012,ita,-48.618
2013,ita,-45.958
2014,ita,-49.045
2015,ita,-42.500
2016,ita,-27.835
2017,ita,-18.923
2018,ita,-9.840
2019,ita,-0.817
2020,ita,6.225
1990,jam,0.807
1991,jam,2.057
1992,jam,3.171
1993,jam,3.617
1994,jam,4.794
1995,jam,3.806
1996,jam,-14.967
1997,jam,-19.962
1998,jam,-19.171
1999,jam,-12.575
2000,jam,-3.172
2001,jam,-21.203
2002,jam,-32.666
2003,jam,-31.674
2004,jam,-29.904
2005,jam,-23.716
2006,jam,-39.442
2007,jam,-34.752
2008,jam,-76.030
2009,jam,-121.265
2010,jam,-74.210
2011,jam,-80.734
2012,jam,-54.610
2013,jam,1.740
2014,jam,-7.061
2015,jam,-4.152
2016,jam,13.908
2017,jam,16.083
2018,jam,24.708
2019,jam,35.407
2020,jam,58.561
1980,jpn,"-11,723.352"
1981,jpn,"-11,061.977"
1982,jpn,"-11,302.641"
1983,jpn,"-12,231.292"
1984,jpn,"-8,644.126"
1985,jpn,"-4,876.404"
1986,jpn,"-5,058.655"
1987,jpn,"-1,574.124"
1988,jpn,"1,653.870"
1989,jpn,"5,043.968"
1990,jpn,"7,826.066"
1991,jpn,"8,084.472"
1992,jpn,"2,856.187"
1993,jpn,"-12,376.753"
1994,jpn,"-19,198.700"
1995,jpn,"-23,800.300"
1996,jpn,"-25,110.100"
1997,jpn,"-19,809.800"
1998,jpn,"-24,768.400"
1999,jpn,"-36,068.400"
2000,jpn,"-39,838.000"
2001,jpn,"-30,531.100"
2002,jpn,"-38,464.800"
2003,jpn,"-38,847.700"
2004,jpn,"-29,954.300"
2005,jpn,"-24,258.000"
2006,jpn,"-18,495.500"
2007,jpn,"-10,709.900"
2008,jpn,"-20,600.400"
2009,jpn,"-48,964.800"
2010,jpn,"-44,875.300"
2011,jpn,"-46,282.800"
2012,jpn,"-41,622.800"
2013,jpn,"-40,886.700"
2014,jpn,"-37,478.786"
2015,jpn,"-31,207.225"
2016,jpn,"-25,268.420"
2017,jpn,"-22,185.857"
2018,jpn,"-19,920.252"
2019,jpn,"-21,239.638"
2020,jpn,"-23,375.454"
1985,jor,-0.137
1986,jor,-0.054
1987,jor,-0.308
1988,jor,-0.308
1989,jor,-0.168
1990,jor,-0.207
1991,jor,-0.302
1992,jor,0.069
1993,jor,-0.084
1994,jor,-0.102
1995,jor,-0.082
1996,jor,-0.162
1997,jor,-0.156
1998,jor,-0.312
1999,jor,-0.161
2000,jor,-0.227
2001,jor,-0.191
2002,jor,-0.275
2003,jor,-0.147
2004,jor,-0.089
2005,jor,-0.496
2006,jor,-0.428
2007,jor,-0.565
2008,jor,-0.666
2009,jor,-1.438
2010,jor,-1.045
2011,jor,-1.388
2012,jor,-1.875
2013,jor,-2.731
2014,jor,-2.539
2015,jor,-0.788
2016,jor,-0.447
2017,jor,-0.381
2018,jor,-0.267
2019,jor,-0.346
2020,jor,-0.484
2002,kaz,72.651
2003,kaz,184.297
2004,kaz,151.301
2005,kaz,451.841
2006,kaz,781.717
2007,kaz,659.800
2008,kaz,196.991
2009,kaz,-225.870
2010,kaz,320.621
2011,kaz,"1,641.214"
2012,kaz,"1,374.246"
2013,kaz,"1,780.401"
2014,kaz,733.399
2015,kaz,"-1,226.808"
2016,kaz,-799.527
2017,kaz,-146.716
2018,kaz,-184.186
2019,kaz,146.144
2020,kaz,250.794
1982,ken,-3.951
1983,ken,-3.069
1984,ken,-4.121
1985,ken,-5.652
1986,ken,-6.476
1987,ken,-5.336
1988,ken,-5.079
1989,ken,-7.242
1990,ken,-11.753
1991,ken,-27.829
1992,ken,-40.663
1993,ken,-52.705
1994,ken,-28.450
1995,ken,0.142
1996,ken,-2.570
1997,ken,-6.833
1998,ken,5.331
1999,ken,13.652
2000,ken,-3.417
2001,ken,-17.399
2002,ken,-30.557
2003,ken,-20.888
2004,ken,-0.664
2005,ken,-24.294
2006,ken,-40.008
2007,ken,-52.015
2008,ken,-83.911
2009,ken,-124.297
2010,ken,-139.813
2011,ken,-153.396
2012,ken,-214.422
2013,ken,-270.302
2014,ken,-362.384
2015,ken,-461.089
2016,ken,-429.891
2017,ken,-371.819
2018,ken,-383.242
2019,ken,-385.033
2020,ken,-360.184
1990,kir,-0.005
1991,kir,-0.006
1992,kir,-0.003
1993,kir,--
1994,kir,-0.001
1995,kir,-0.006
1996,kir,-0.023
1997,kir,0.004
1998,kir,0.014
1999,kir,-0.005
2000,kir,-0.002
2001,kir,-0.016
2002,kir,-0.001
2003,kir,-0.017
2004,kir,-0.032
2005,kir,-0.021
2006,kir,-0.022
2007,kir,-0.024
2008,kir,-0.031
2009,kir,-0.019
2010,kir,-0.021
2011,kir,-0.039
2012,kir,-0.016
2013,kir,0.017
2014,kir,0.034
2015,kir,-0.032
2016,kir,-0.016
2017,kir,-0.005
2018,kir,-0.002
2019,kir,0.001
2020,kir,0.004
1995,kor,"9,767.000"
1996,kor,"11,672.000"
1997,kor,"12,975.000"
1998,kor,"6,072.871"
1999,kor,"7,021.785"
2000,kor,"26,388.586"
2001,kor,"17,731.170"
2002,kor,"26,257.410"
2003,kor,"13,095.809"
2004,kor,813.460
2005,kor,"7,880.500"
2006,kor,"10,383.400"
2007,kor,"22,610.124"
2008,kor,"16,818.965"
2009,kor,203.452
2010,kor,"19,399.991"
2011,kor,"22,533.107"
2012,kor,"21,458.450"
2013,kor,"9,289.650"
2014,kor,"4,601.294"
2015,kor,"5,385.543"
2016,kor,"10,054.979"
2017,kor,"15,206.663"
2018,kor,"20,904.411"
2019,kor,"27,822.903"
2020,kor,"35,427.619"
1999,uvk,-0.009
2000,uvk,0.045
2001,uvk,0.123
2002,uvk,0.108
2003,uvk,0.047
2004,uvk,-0.133
2005,uvk,-0.092
2006,uvk,0.086
2007,uvk,0.243
2008,uvk,-0.007
2009,uvk,-0.026
2010,uvk,-0.098
2011,uvk,-0.084
2012,uvk,-0.129
2013,uvk,-0.168
2014,uvk,-0.142
2015,uvk,-0.213
2016,uvk,-0.234
2017,uvk,-0.270
2018,uvk,-0.289
2019,uvk,-0.312
2020,uvk,-0.338
1990,kwt,-1.704
1991,kwt,-4.737
1992,kwt,-2.889
1993,kwt,-1.139
1994,kwt,-0.674
1995,kwt,-0.151
1996,kwt,1.094
1997,kwt,1.580
1998,kwt,0.544
1999,kwt,1.390
2000,kwt,3.658
2001,kwt,3.067
2002,kwt,2.241
2003,kwt,2.468
2004,kwt,3.891
2005,kwt,10.217
2006,kwt,9.399
2007,kwt,12.179
2008,kwt,7.985
2009,kwt,8.294
2010,kwt,8.579
2011,kwt,14.406
2012,kwt,17.331
2013,kwt,17.403
2014,kwt,12.413
2015,kwt,2.352
2016,kwt,5.441
2017,kwt,7.047
2018,kwt,7.470
2019,kwt,7.495
2020,kwt,7.371
2000,kgz,-6.991
2001,kgz,-4.985
2002,kgz,-4.447
2003,kgz,-4.336
2004,kgz,-4.615
2005,kgz,-3.850
2006,kgz,-3.087
2007,kgz,-0.903
2008,kgz,1.817
2009,kgz,-2.234
2010,kgz,-12.882
2011,kgz,-13.070
2012,kgz,-17.565
2013,kgz,-13.147
2014,kgz,0.931
2015,kgz,-19.041
2016,kgz,-22.029
2017,kgz,-19.620
2018,kgz,-9.159
2019,kgz,-1.521
2020,kgz,-4.881
2000,lao,-573.500
2001,lao,-951.514
2002,lao,-399.663
2003,lao,"-1,369.869"
2004,lao,-616.853
2005,lao,"-1,238.276"
2006,lao,-975.540
2007,lao,"-1,058.317"
2008,lao,-634.346
2009,lao,"-1,957.823"
2010,lao,"-1,734.073"
2011,lao,"-1,081.358"
2012,lao,-357.351
2013,lao,"-4,514.334"
2014,lao,"-3,527.175"
2015,lao,"-4,792.301"
2016,lao,"-6,381.543"
2017,lao,"-7,489.756"
2018,lao,"-9,187.193"
2019,lao,"-11,566.648"
2020,lao,"-12,359.929"
1998,lva,-0.039
1999,lva,-0.216
2000,lva,-0.172
2001,lva,-0.148
2002,lva,-0.211
2003,lva,-0.152
2004,lva,-0.110
2005,lva,-0.139
2006,lva,-0.078
2007,lva,0.135
2008,lva,-1.726
2009,lva,-1.460
2010,lva,-1.330
2011,lva,-0.642
2012,lva,0.030
2013,lva,-0.267
2014,lva,-0.400
2015,lva,-0.339
2016,lva,-0.274
2017,lva,-0.480
2018,lva,-0.157
2019,lva,-0.117
2020,lva,-0.143
1995,lbn,"-2,426.420"
1996,lbn,"-5,175.288"
1997,lbn,"-5,871.411"
1998,lbn,"-4,466.645"
1999,lbn,"-4,328.998"
2000,lbn,"-6,143.074"
2001,lbn,"-5,502.559"
2002,lbn,"-4,596.952"
2003,lbn,"-4,102.850"
2004,lbn,"-3,136.314"
2005,lbn,"-2,778.187"
2006,lbn,"-3,509.942"
2007,lbn,"-4,090.158"
2008,lbn,"-4,326.536"
2009,lbn,"-4,321.318"
2010,lbn,"-4,326.918"
2011,lbn,"-3,578.267"
2012,lbn,"-5,596.692"
2013,lbn,"-6,235.457"
2014,lbn,"-5,377.925"
2015,lbn,"-7,529.538"
2016,lbn,"-7,423.420"
2017,lbn,"-8,243.020"
2018,lbn,"-9,251.954"
2019,lbn,"-10,374.284"
2020,lbn,"-11,176.022"
1982,lso,-0.035
1983,lso,-0.019
1984,lso,-0.005
1985,lso,-0.036
1986,lso,-0.049
1987,lso,-0.106
1988,lso,-0.110
1989,lso,-0.054
1990,lso,0.027
1991,lso,0.059
1992,lso,0.125
1993,lso,0.208
1994,lso,0.242
1995,lso,0.267
1996,lso,0.303
1997,lso,0.261
1998,lso,0.098
1999,lso,-0.419
2000,lso,-0.061
2001,lso,-0.201
2002,lso,-0.199
2003,lso,0.083
2004,lso,0.609
2005,lso,0.390
2006,lso,1.403
2007,lso,1.267
2008,lso,1.181
2009,lso,-0.581
2010,lso,-0.822
2011,lso,-1.941
2012,lso,0.989
2013,lso,-0.552
2014,lso,-0.551
2015,lso,-0.386
2016,lso,-3.583
2017,lso,-3.340
2018,lso,-3.772
2019,lso,-3.977
2020,lso,-3.315
2000,lbr,0.003
2001,lbr,-0.003
2002,lbr,-0.007
2003,lbr,0.004
2004,lbr,--
2005,lbr,--
2006,lbr,0.036
2007,lbr,0.029
2008,lbr,-0.019
2009,lbr,-0.004
2010,lbr,0.030
2011,lbr,-0.043
2012,lbr,-0.027
2013,lbr,-0.092
2014,lbr,-0.091
2015,lbr,-0.195
2016,lbr,-0.176
2017,lbr,-0.135
2018,lbr,-0.129
2019,lbr,-0.125
2020,lbr,-0.094
1990,lby,0.300
1991,lby,0.826
1992,lby,0.011
1993,lby,-0.589
1994,lby,-0.291
1995,lby,0.443
1996,lby,1.507
1997,lby,-0.303
1998,lby,-0.341
1999,lby,0.980
2000,lby,2.759
2001,lby,0.014
2002,lby,1.877
2003,lby,2.139
2004,lby,5.027
2005,lby,19.419
2006,lby,22.964
2007,lby,24.364
2008,lby,29.364
2009,lby,-4.162
2010,lby,10.952
2011,lby,-6.752
2012,lby,28.736
2013,lby,-3.371
2014,lby,-22.783
2015,lby,-31.946
2016,lby,-25.403
2017,lby,-12.581
2018,lby,-12.971
2019,lby,-9.677
2020,lby,-12.892
1990,ltu,0.003
1991,ltu,0.005
1992,ltu,0.005
1993,ltu,-0.178
1994,ltu,-0.240
1995,ltu,-0.312
1996,ltu,-0.412
1997,ltu,-0.200
1998,ltu,-0.729
1999,ltu,-1.053
2000,ltu,-0.532
2001,ltu,-0.513
2002,ltu,-0.273
2003,ltu,-0.211
2004,ltu,-0.279
2005,ltu,-0.106
2006,ltu,-0.108
2007,ltu,-0.290
2008,ltu,-1.068
2009,ltu,-2.513
2010,ltu,-1.934
2011,ltu,-2.797
2012,ltu,-1.049
2013,ltu,-0.916
2014,ltu,-0.267
2015,ltu,-0.510
2016,ltu,-0.656
2017,ltu,-0.682
2018,ltu,-0.654
2019,ltu,-0.673
2020,ltu,-0.678
1995,lux,0.389
1996,lux,0.212
1997,lux,0.619
1998,lux,0.626
1999,lux,0.725
2000,lux,1.328
2001,lux,1.402
2002,lux,0.568
2003,lux,0.150
2004,lux,-0.284
2005,lux,0.053
2006,lux,0.467
2007,lux,1.515
2008,lux,1.225
2009,lux,-0.181
2010,lux,-0.253
2011,lux,0.129
2012,lux,0.028
2013,lux,0.287
2014,lux,0.235
2015,lux,-0.227
2016,lux,0.118
2017,lux,0.099
2018,lux,0.211
2019,lux,0.209
2020,lux,0.294
1997,mkd,-0.703
1998,mkd,-3.336
1999,mkd,0.061
2000,mkd,5.905
2001,mkd,-14.846
2002,mkd,-13.554
2003,mkd,-0.194
2004,mkd,1.050
2005,mkd,0.658
2006,mkd,-1.700
2007,mkd,2.153
2008,mkd,-3.852
2009,mkd,-10.895
2010,mkd,-10.542
2011,mkd,-11.483
2012,mkd,-17.767
2013,mkd,-19.253
2014,mkd,-22.134
2015,mkd,-20.963
2016,mkd,-20.334
2017,mkd,-19.717
2018,mkd,-20.282
2019,mkd,-21.641
2020,mkd,-22.957
1980,mdg,-24.472
1981,mdg,-26.000
1982,mdg,-23.564
1983,mdg,-24.585
1984,mdg,-27.730
1985,mdg,-12.099
1986,mdg,-13.223
1987,mdg,-14.690
1988,mdg,-5.009
1989,mdg,-34.216
1990,mdg,-5.580
1991,mdg,-52.968
1992,mdg,-69.786
1993,mdg,-99.448
1994,mdg,-157.732
1995,mdg,-167.874
1996,mdg,-159.959
1997,mdg,-86.540
1998,mdg,-256.079
1999,mdg,-130.151
2000,mdg,-147.402
2001,mdg,-259.011
2002,mdg,-299.232
2003,mdg,-262.119
2004,mdg,-400.609
2005,mdg,-290.444
2006,mdg,-54.164
2007,mdg,-368.615
2008,mdg,-315.736
2009,mdg,-425.752
2010,mdg,-158.594
2011,mdg,-477.939
2012,mdg,-568.654
2013,mdg,-933.057
2014,mdg,-620.203
2015,mdg,"-1,160.388"
2016,mdg,"-1,207.821"
2017,mdg,"-1,386.846"
2018,mdg,"-1,443.800"
2019,mdg,"-1,543.626"
2020,mdg,"-1,638.748"
2002,mwi,-18.371
2003,mwi,-13.072
2004,mwi,-16.419
2005,mwi,-7.699
2006,mwi,2.741
2007,mwi,-16.537
2008,mwi,-25.257
2009,mwi,-28.931
2010,mwi,19.767
2011,mwi,-44.296
2012,mwi,-25.577
2013,mwi,-110.267
2014,mwi,-90.898
2015,mwi,-85.746
2016,mwi,-24.755
2017,mwi,-8.109
2018,mwi,-49.855
2019,mwi,-10.101
2020,mwi,-17.854
1990,mys,-3.194
1991,mys,-1.141
1992,mys,-1.037
1993,mys,2.661
1994,mys,7.545
1995,mys,3.675
1996,mys,5.111
1997,mys,11.201
1998,mys,-1.934
1999,mys,-9.836
2000,mys,-23.492
2001,mys,-16.746
2002,mys,-16.527
2003,mys,-20.966
2004,mys,-17.313
2005,mys,-16.132
2006,mys,-16.264
2007,mys,-17.918
2008,mys,-27.459
2009,mys,-48.003
2010,mys,-37.182
2011,mys,-32.989
2012,mys,-36.473
2013,mys,-43.624
2014,mys,-39.362
2015,mys,-39.449
2016,mys,-35.404
2017,mys,-38.657
2018,mys,-37.102
2019,mys,-37.969
2020,mys,-35.069
1990,mdv,-0.282
1991,mdv,-0.275
1992,mdv,-0.408
1993,mdv,-0.527
1994,mdv,-0.213
1995,mdv,-0.311
1996,mdv,-0.125
1997,mdv,-0.112
1998,mdv,-0.184
1999,mdv,-0.270
2000,mdv,-0.367
2001,mdv,-0.390
2002,mdv,-0.421
2003,mdv,-0.464
2004,mdv,-0.354
2005,mdv,-1.163
2006,mdv,-0.912
2007,mdv,-0.755
2008,mdv,-2.886
2009,mdv,-5.369
2010,mdv,-4.456
2011,mdv,-2.759
2012,mdv,-3.062
2013,mdv,-3.388
2014,mdv,-4.674
2015,mdv,-3.418
2016,mdv,-3.196
2017,mdv,-3.840
2018,mdv,-4.508
2019,mdv,-4.751
2020,mdv,-5.175
2000,mli,-55.580
2001,mli,-71.092
2002,mli,-83.887
2003,mli,-32.462
2004,mli,-67.875
2005,mli,-91.051
2006,mli,"1,002.365"
2007,mli,-108.696
2008,mli,-86.740
2009,mli,-178.856
2010,mli,-135.795
2011,mli,-208.768
2012,mli,-60.748
2013,mli,-156.157
2014,mli,-233.280
2015,mli,-292.598
2016,mli,-290.159
2017,mli,-290.493
2018,mli,-281.318
2019,mli,-263.470
2020,mli,-287.873
2000,mlt,-0.241
2001,mlt,-0.278
2002,mlt,-0.255
2003,mlt,-0.435
2004,mlt,-0.214
2005,mlt,-0.138
2006,mlt,-0.141
2007,mlt,-0.131
2008,mlt,-0.258
2009,mlt,-0.204
2010,mlt,-0.218
2011,mlt,-0.182
2012,mlt,-0.263
2013,mlt,-0.202
2014,mlt,-0.178
2015,mlt,-0.152
2016,mlt,-0.140
2017,mlt,-0.133
2018,mlt,-0.123
2019,mlt,-0.106
2020,mlt,-0.089
1995,mhl,-0.022
1996,mhl,0.018
1997,mhl,0.009
1998,mhl,0.015
1999,mhl,0.010
2000,mhl,0.009
2001,mhl,0.010
2002,mhl,0.007
2003,mhl,0.014
2004,mhl,-0.002
2005,mhl,-0.031
2006,mhl,--
2007,mhl,--
2008,mhl,0.005
2009,mhl,0.002
2010,mhl,0.006
2011,mhl,0.004
2012,mhl,-0.001
2013,mhl,0.001
2014,mhl,0.002
2015,mhl,0.005
2016,mhl,0.005
2017,mhl,-0.001
2018,mhl,-0.002
2019,mhl,-0.002
2020,mhl,-0.003
2004,mrt,-19.155
2005,mrt,-24.626
2006,mrt,21.578
2007,mrt,-15.531
2008,mrt,-41.188
2009,mrt,-29.548
2010,mrt,-7.001
2011,mrt,0.092
2012,mrt,35.654
2013,mrt,-14.079
2014,mrt,-55.096
2015,mrt,-20.756
2016,mrt,-24.966
2017,mrt,-30.692
2018,mrt,-41.380
2019,mrt,-22.641
2020,mrt,-7.817
2000,mus,-5.697
2001,mus,-7.863
2002,mus,-7.954
2003,mus,-8.271
2004,mus,-8.312
2005,mus,-8.996
2006,mus,-9.360
2007,mus,-7.985
2008,mus,-7.669
2009,mus,-10.075
2010,mus,-9.569
2011,mus,-10.347
2012,mus,-6.342
2013,mus,-12.849
2014,mus,-13.366
2015,mus,-13.935
2016,mus,-14.373
2017,mus,-15.330
2018,mus,-16.942
2019,mus,-18.891
2020,mus,-19.286
1990,mex,-24.404
1991,mex,-8.805
1992,mex,1.541
1993,mex,2.342
1994,mex,-10.940
1995,mex,-89.714
1996,mex,-155.703
1997,mex,-210.827
1998,mex,-258.243
1999,mex,-304.358
2000,mex,-194.285
2001,mex,-207.703
2002,mex,-240.222
2003,mex,-177.752
2004,mex,-108.384
2005,mex,-116.136
2006,mex,-102.602
2007,mex,-131.915
2008,mex,-119.162
2009,mex,-614.571
2010,mex,-566.962
2011,mex,-485.673
2012,mex,-576.319
2013,mex,-617.441
2014,mex,-788.518
2015,mex,-744.607
2016,mex,-667.526
2017,mex,-621.093
2018,mex,-552.935
2019,mex,-588.958
2020,mex,-635.489
1995,fsm,-0.001
1996,fsm,0.005
1997,fsm,0.005
1998,fsm,-0.007
1999,fsm,-0.011
2000,fsm,-0.008
2001,fsm,-0.013
2002,fsm,0.017
2003,fsm,0.006
2004,fsm,-0.037
2005,fsm,-0.014
2006,fsm,-0.014
2007,fsm,-0.009
2008,fsm,-0.004
2009,fsm,0.005
2010,fsm,0.001
2011,fsm,-0.002
2012,fsm,0.002
2013,fsm,0.009
2014,fsm,0.039
2015,fsm,0.009
2016,fsm,0.013
2017,fsm,0.012
2018,fsm,0.011
2019,fsm,0.009
2020,fsm,0.008
1995,mda,-0.239
1996,mda,-0.442
1997,mda,-0.697
1998,mda,-0.169
1999,mda,-0.396
2000,mda,-0.548
2001,mda,-0.048
2002,mda,-0.188
2003,mda,0.182
2004,mda,0.247
2005,mda,0.582
2006,mda,-0.126
2007,mda,0.162
2008,mda,-0.583
2009,mda,-3.829
2010,mda,-1.789
2011,mda,-1.963
2012,mda,-1.897
2013,mda,-1.764
2014,mda,-1.947
2015,mda,-6.276
2016,mda,-8.195
2017,mda,-9.289
2018,mda,-9.068
2019,mda,-9.254
2020,mda,-10.777
1981,mng,-0.425
1982,mng,-0.440
1983,mng,-0.514
1984,mng,-0.564
1985,mng,-0.643
1986,mng,-1.645
1987,mng,-1.819
1988,mng,-2.010
1989,mng,-1.765
1990,mng,-1.416
1991,mng,-1.832
1992,mng,-5.166
1993,mng,-26.160
1994,mng,-29.078
1995,mng,-32.364
1996,mng,-50.796
1997,mng,-75.505
1998,mng,-116.641
1999,mng,-112.856
2000,mng,-71.254
2001,mng,-60.232
2002,mng,-73.432
2003,mng,-61.864
2004,mng,-39.361
2005,mng,73.261
2006,mng,305.485
2007,mng,130.788
2008,mng,-296.404
2009,mng,-342.634
2010,mng,41.507
2011,mng,-528.770
2012,mng,"-1,517.011"
2013,mng,"-1,704.979"
2014,mng,"-2,396.853"
2015,mng,"-2,376.244"
2016,mng,"-2,120.133"
2017,mng,"-2,012.259"
2018,mng,"-1,744.832"
2019,mng,"-1,585.334"
2020,mng,"-1,847.024"
2002,mne,-0.019
2003,mne,-0.060
2004,mne,-0.041
2005,mne,-0.026
2006,mne,0.069
2007,mne,0.170
2008,mne,-0.099
2009,mne,-0.159
2010,mne,-0.143
2011,mne,-0.169
2012,mne,-0.186
2013,mne,-0.108
2014,mne,-0.025
2015,mne,-0.186
2016,mne,-0.291
2017,mne,-0.270
2018,mne,-0.113
2019,mne,-0.038
2020,mne,-0.019
1990,mar,-3.565
1991,mar,-2.727
1992,mar,-5.745
1993,mar,-6.375
1994,mar,-8.904
1995,mar,-9.160
1996,mar,3.532
1997,mar,6.049
1998,mar,6.388
1999,mar,14.160
2000,mar,-8.818
2001,mar,-18.293
2002,mar,-22.008
2003,mar,-20.203
2004,mar,-18.960
2005,mar,-32.628
2006,mar,-11.763
2007,mar,-0.814
2008,mar,4.856
2009,mar,-13.197
2010,mar,-33.390
2011,mar,-53.919
2012,mar,-60.852
2013,mar,-45.689
2014,mar,-44.867
2015,mar,-41.845
2016,mar,-36.858
2017,mar,-33.960
2018,mar,-34.441
2019,mar,-34.274
2020,mar,-36.805
1980,moz,-0.002
1981,moz,-0.009
1982,moz,-0.005
1983,moz,-0.021
1984,moz,-0.019
1985,moz,-0.019
1986,moz,-0.026
1987,moz,-0.050
1988,moz,-0.072
1989,moz,-0.074
1990,moz,-0.145
1991,moz,-0.111
1992,moz,-0.130
1993,moz,-0.283
1994,moz,-0.715
1995,moz,-0.679
1996,moz,-0.944
1997,moz,-1.018
1998,moz,-0.709
1999,moz,-0.252
2000,moz,-1.138
2001,moz,-5.187
2002,moz,-4.741
2003,moz,-4.126
2004,moz,-5.678
2005,moz,-4.210
2006,moz,-7.328
2007,moz,-6.121
2008,moz,-5.950
2009,moz,-14.668
2010,moz,-13.555
2011,moz,-18.425
2012,moz,-16.334
2013,moz,-12.648
2014,moz,-44.397
2015,moz,-38.035
2016,moz,-40.462
2017,moz,-42.730
2018,moz,-43.685
2019,moz,-45.208
2020,moz,-48.819
1998,mmr,-91.271
1999,mmr,-95.896
2000,mmr,-210.861
2001,mmr,-203.488
2002,mmr,-196.729
2003,mmr,-409.535
2004,mmr,-417.761
2005,mmr,-395.090
2006,mmr,-702.394
2007,mmr,-876.066
2008,mmr,-774.188
2009,mmr,"-1,722.921"
2010,mmr,"-2,170.796"
2011,mmr,"-2,007.206"
2012,mmr,-802.529
2013,mmr,"-1,115.460"
2014,mmr,"-2,695.677"
2015,mmr,"-4,600.327"
2016,mmr,"-5,937.573"
2017,mmr,"-6,912.387"
2018,mmr,"-7,822.333"
2019,mmr,"-9,093.742"
2020,mmr,"-10,438.813"
1990,nam,0.057
1991,nam,-0.141
1992,nam,-0.258
1993,nam,-0.302
1994,nam,-0.095
1995,nam,-0.277
1996,nam,-0.660
1997,nam,-0.487
1998,nam,-0.626
1999,nam,-0.486
2000,nam,-0.270
2001,nam,-0.684
2002,nam,-0.566
2003,nam,-1.764
2004,nam,-1.241
2005,nam,-0.253
2006,nam,1.653
2007,nam,3.801
2008,nam,3.083
2009,nam,-0.101
2010,nam,-3.829
2011,nam,-6.291
2012,nam,-1.493
2013,nam,-5.738
2014,nam,-7.628
2015,nam,-7.854
2016,nam,-12.229
2017,nam,-13.587
2018,nam,-10.559
2019,nam,-10.726
2020,nam,-12.294
2000,npl,-6.998
2001,npl,-11.966
2002,npl,-12.973
2003,npl,-1.932
2004,npl,-0.905
2005,npl,1.584
2006,npl,1.705
2007,npl,-5.663
2008,npl,-3.355
2009,npl,-25.467
2010,npl,-9.247
2011,npl,-13.387
2012,npl,-9.642
2013,npl,34.775
2014,npl,42.340
2015,npl,24.190
2016,npl,19.780
2017,npl,13.435
2018,npl,11.934
2019,npl,3.219
2020,npl,2.472
1995,nld,-28.137
1996,nld,-6.044
1997,nld,-4.272
1998,nld,-3.164
1999,nld,1.335
2000,nld,8.374
2001,nld,-1.736
2002,nld,-10.402
2003,nld,-15.405
2004,nld,-9.140
2005,nld,-1.514
2006,nld,1.081
2007,nld,1.075
2008,nld,1.239
2009,nld,-33.718
2010,nld,-31.866
2011,nld,-27.835
2012,nld,-25.330
2013,nld,-14.629
2014,nld,-14.787
2015,nld,-9.395
2016,nld,-3.518
2017,nld,-2.023
2018,nld,-2.127
2019,nld,-1.970
2020,nld,-1.823
1985,nzl,-2.780
1986,nzl,-2.441
1987,nzl,-1.839
1988,nzl,-1.072
1989,nzl,-1.321
1990,nzl,-1.767
1991,nzl,-4.043
1992,nzl,-4.242
1993,nzl,-1.014
1994,nzl,1.730
1995,nzl,3.297
1996,nzl,2.470
1997,nzl,1.294
1998,nzl,-0.317
1999,nzl,-0.975
2000,nzl,0.331
2001,nzl,1.622
2002,nzl,3.242
2003,nzl,4.880
2004,nzl,6.391
2005,nzl,7.648
2006,nzl,7.261
2007,nzl,6.176
2008,nzl,2.761
2009,nzl,-2.892
2010,nzl,-10.091
2011,nzl,-10.007
2012,nzl,-3.345
2013,nzl,-1.812
2014,nzl,-1.439
2015,nzl,-0.069
2016,nzl,1.179
2017,nzl,2.630
2018,nzl,3.761
2019,nzl,3.950
2020,nzl,3.981
2000,nic,-1.680
2001,nic,-2.934
2002,nic,-1.678
2003,nic,-1.287
2004,nic,-0.988
2005,nic,-0.836
2006,nic,1.198
2007,nic,1.906
2008,nic,-0.503
2009,nic,-2.696
2010,nic,0.105
2011,nic,0.325
2012,nic,0.239
2013,nic,-1.557
2014,nic,-3.245
2015,nic,-3.165
2016,nic,-2.481
2017,nic,-3.108
2018,nic,-3.966
2019,nic,-5.029
2020,nic,-5.622
1995,ner,-42.007
1996,ner,-6.675
1997,ner,-34.678
1998,ner,-34.942
1999,ner,-67.787
2000,ner,-47.861
2001,ner,-46.916
2002,ner,-42.640
2003,ner,-42.473
2004,ner,-53.496
2005,ner,-35.398
2006,ner,769.212
2007,ner,-20.427
2008,ner,36.065
2009,ner,-135.385
2010,ner,-68.332
2011,ner,-44.743
2012,ner,-39.625
2013,ner,-96.959
2014,ner,-223.443
2015,ner,-336.044
2016,ner,-238.224
2017,ner,-176.632
2018,ner,-177.026
2019,ner,-154.722
2020,ner,-148.725
2000,nga,280.387
2001,nga,-262.081
2002,nga,152.133
2003,nga,-291.989
2004,nga,950.654
2005,nga,"1,092.939"
2006,nga,"2,492.103"
2007,nga,-351.202
2008,nga,"2,233.097"
2009,nga,"-2,374.111"
2010,nga,"-2,346.521"
2011,nga,256.729
2012,nga,189.996
2013,nga,"-1,910.392"
2014,nga,"-2,081.887"
2015,nga,"-1,955.120"
2016,nga,"-1,912.900"
2017,nga,"-2,328.203"
2018,nga,"-2,633.053"
2019,nga,"-2,708.175"
2020,nga,"-3,118.934"
1980,nor,16.524
1981,nor,16.818
1982,nor,15.114
1983,nor,26.036
1984,nor,34.120
1985,nor,53.764
1986,nor,32.460
1987,nor,27.149
1988,nor,15.921
1989,nor,11.131
1990,nor,14.828
1991,nor,-0.910
1992,nor,-16.912
1993,nor,-14.145
1994,nor,0.417
1995,nor,28.833
1996,nor,64.005
1997,nor,84.751
1998,nor,36.062
1999,nor,73.112
2000,nor,229.260
2001,nor,208.656
2002,nor,140.893
2003,nor,116.236
2004,nor,194.131
2005,nor,295.611
2006,nor,399.484
2007,nor,399.116
2008,nor,480.898
2009,nor,250.871
2010,nor,282.545
2011,nor,368.310
2012,nor,401.600
2013,nor,338.729
2014,nor,276.464
2015,nor,235.600
2016,nor,245.754
2017,nor,253.234
2018,nor,258.072
2019,nor,257.128
2020,nor,250.367
1990,omn,0.246
1991,omn,0.006
1992,omn,-0.266
1993,omn,-0.376
1994,omn,-0.425
1995,omn,-0.237
1996,omn,0.149
1997,omn,0.333
1998,omn,-0.270
1999,omn,0.021
2000,omn,1.041
2001,omn,0.644
2002,omn,0.471
2003,omn,0.563
2004,omn,0.593
2005,omn,1.530
2006,omn,2.002
2007,omn,1.948
2008,omn,3.934
2009,omn,-0.058
2010,omn,1.236
2011,omn,2.455
2012,omn,1.369
2013,omn,0.961
2014,omn,-0.461
2015,omn,-3.580
2016,omn,-3.059
2017,omn,-3.012
2018,omn,-3.290
2019,omn,-3.431
2020,omn,-3.929
1993,pak,-106.691
1994,pak,-92.601
1995,pak,-118.940
1996,pak,-150.258
1997,pak,-153.509
1998,pak,-195.412
1999,pak,-147.471
2000,pak,-165.336
2001,pak,-138.839
2002,pak,-159.011
2003,pak,-7.758
2004,pak,-98.293
2005,pak,-197.147
2006,pak,-280.923
2007,pak,-472.780
2008,pak,-750.970
2009,pak,-653.395
2010,pak,-878.486
2011,pak,"-1,260.058"
2012,pak,"-1,684.630"
2013,pak,"-1,828.234"
2014,pak,"-1,195.932"
2015,pak,"-1,292.591"
2016,pak,"-1,166.068"
2017,pak,"-1,167.715"
2018,pak,"-1,238.664"
2019,pak,"-1,242.478"
2020,pak,"-1,237.771"
2000,plw,-0.019
2001,plw,-0.027
2002,plw,-0.021
2003,plw,-0.003
2004,plw,-0.008
2005,plw,0.003
2006,plw,--
2007,plw,-0.004
2008,plw,-0.003
2009,plw,-0.002
2010,plw,-0.002
2011,plw,0.003
2012,plw,0.002
2013,plw,0.003
2014,plw,0.003
2015,plw,0.005
2016,plw,0.003
2017,plw,0.003
2018,plw,0.001
2019,plw,0.007
2020,plw,0.009
1980,pan,-0.245
1981,pan,-0.271
1982,pan,-0.573
1983,pan,-0.334
1984,pan,-0.346
1985,pan,-0.118
1986,pan,-0.042
1987,pan,-0.078
1988,pan,-0.600
1989,pan,-0.604
1990,pan,-0.169
1991,pan,-0.027
1992,pan,-0.152
1993,pan,-0.618
1994,pan,1.072
1995,pan,0.638
1996,pan,0.164
1997,pan,-0.085
1998,pan,-0.306
1999,pan,-0.118
2000,pan,-0.071
2001,pan,-0.275
2002,pan,-0.404
2003,pan,-0.609
2004,pan,-0.694
2005,pan,-0.405
2006,pan,0.088
2007,pan,0.682
2008,pan,0.097
2009,pan,-0.239
2010,pan,-0.504
2011,pan,-0.647
2012,pan,-0.541
2013,pan,-1.026
2014,pan,-1.879
2015,pan,-1.797
2016,pan,-1.894
2017,pan,-1.341
2018,pan,-0.982
2019,pan,-1.154
2020,pan,-1.193
1983,png,-0.132
1984,png,-0.072
1985,png,-0.100
1986,png,-0.127
1987,png,-0.031
1988,png,-0.031
1989,png,-0.035
1990,png,-0.148
1991,png,-0.093
1992,png,-0.340
1993,png,-0.436
1994,png,-0.161
1995,png,0.019
1996,png,0.116
1997,png,-0.038
1998,png,-0.135
1999,png,-0.392
2000,png,-0.105
2001,png,-0.370
2002,png,-0.476
2003,png,-0.147
2004,png,0.209
2005,png,0.408
2006,png,1.104
2007,png,1.683
2008,png,0.543
2009,png,-2.141
2010,png,0.820
2011,png,0.516
2012,png,-1.026
2013,png,-2.760
2014,png,-2.428
2015,png,-2.598
2016,png,-2.060
2017,png,-1.851
2018,png,-1.809
2019,png,-2.094
2020,png,-2.319
1980,pry,8.165
1981,pry,-18.537
1982,pry,-7.524
1983,pry,-20.009
1984,pry,-34.311
1985,pry,-19.676
1986,pry,29.209
1987,pry,23.598
1988,pry,46.581
1989,pry,175.369
1990,pry,420.281
1991,pry,130.071
1992,pry,-13.923
1993,pry,290.885
1994,pry,732.737
1995,pry,462.788
1996,pry,336.266
1997,pry,411.030
1998,pry,"1,022.823"
1999,pry,791.505
2000,pry,-269.940
2001,pry,-209.557
2002,pry,-888.931
2003,pry,-17.334
2004,pry,475.724
2005,pry,622.528
2006,pry,"1,219.536"
2007,pry,"1,380.626"
2008,pry,"2,387.025"
2009,pry,-434.079
2010,pry,644.814
2011,pry,"2,000.400"
2012,pry,"-1,823.368"
2013,pry,"-1,826.223"
2014,pry,-736.623
2015,pry,"-1,535.555"
2016,pry,"-1,472.210"
2017,pry,"-1,732.590"
2018,pry,"-1,958.344"
2019,pry,"-2,051.486"
2020,pry,"-2,285.968"
2000,per,-3.721
2001,per,-3.855
2002,per,-2.664
2003,per,-3.303
2004,per,-2.331
2005,per,-1.066
2006,per,5.810
2007,per,10.704
2008,per,9.544
2009,per,-6.025
2010,per,0.036
2011,per,10.506
2012,per,9.598
2013,per,3.950
2014,per,-0.678
2015,per,-10.408
2016,per,-8.847
2017,per,-8.213
2018,per,-7.151
2019,per,-6.668
2020,per,-7.055
1994,phl,-8.594
1995,phl,-0.349
1996,phl,13.325
1997,phl,10.180
1998,phl,-39.860
1999,phl,-76.577
2000,phl,-121.049
2001,phl,-140.617
2002,phl,-161.268
2003,phl,-164.702
2004,phl,-149.443
2005,phl,-96.134
2006,phl,-3.037
2007,phl,-20.510
2008,phl,1.326
2009,phl,-215.541
2010,phl,-212.830
2011,phl,-38.848
2012,phl,-68.204
2013,phl,-15.377
2014,phl,67.264
2015,phl,-127.241
2016,phl,-149.815
2017,phl,-176.115
2018,phl,-214.056
2019,phl,-252.844
2020,phl,-304.021
1995,pol,-14.886
1996,pol,-20.552
1997,pol,-23.866
1998,pol,-25.693
1999,pol,-15.387
2000,pol,-22.541
2001,pol,-41.095
2002,pol,-40.317
2003,pol,-52.212
2004,pol,-49.778
2005,pol,-39.716
2006,pol,-42.644
2007,pol,-25.440
2008,pol,-45.466
2009,pol,-98.403
2010,pol,-109.728
2011,pol,-76.321
2012,pol,-60.497
2013,pol,-66.933
2014,pol,-59.527
2015,pol,-52.202
2016,pol,-43.272
2017,pol,-48.280
2018,pol,-42.180
2019,pol,-41.417
2020,pol,-44.814
1986,prt,-2.924
1987,prt,-2.847
1988,prt,-1.760
1989,prt,-1.691
1990,prt,-3.892
1991,prt,-5.179
1992,prt,-3.866
1993,prt,-6.187
1994,prt,-6.135
1995,prt,-4.673
1996,prt,-4.470
1997,prt,-3.792
1998,prt,-4.886
1999,prt,-3.626
2000,prt,-4.130
2001,prt,-6.504
2002,prt,-4.764
2003,prt,-6.463
2004,prt,-9.439
2005,prt,-9.827
2006,prt,-3.309
2007,prt,-5.279
2008,prt,-6.736
2009,prt,-17.204
2010,prt,-20.100
2011,prt,-12.967
2012,prt,-9.450
2013,prt,-8.181
2014,prt,-7.822
2015,prt,-5.606
2016,prt,-5.032
2017,prt,-4.678
2018,prt,-4.624
2019,prt,-4.847
2020,prt,-4.991
1990,qat,0.736
1991,qat,-0.941
1992,qat,-0.534
1993,qat,-2.506
1994,qat,-2.570
1995,qat,-1.068
1996,qat,-2.932
1997,qat,-3.576
1998,qat,-1.692
1999,qat,-1.816
2000,qat,4.662
2001,qat,2.251
2002,qat,6.654
2003,qat,5.506
2004,qat,19.622
2005,qat,15.854
2006,qat,20.216
2007,qat,33.578
2008,qat,43.778
2009,qat,58.971
2010,qat,30.072
2011,qat,64.776
2012,qat,100.040
2013,qat,152.827
2014,qat,109.402
2015,qat,40.751
2016,qat,14.448
2017,qat,9.754
2018,qat,9.483
2019,qat,4.944
2020,qat,-0.718
2000,rou,-3.226
2001,rou,-3.758
2002,rou,-3.951
2003,rou,-4.388
2004,rou,-8.303
2005,rou,-1.981
2006,rou,-4.662
2007,rou,-12.968
2008,rou,-24.858
2009,rou,-36.409
2010,rou,-33.621
2011,rou,-23.710
2012,rou,-14.774
2013,rou,-15.772
2014,rou,-12.493
2015,rou,-13.005
2016,rou,-12.605
2017,rou,-11.688
2018,rou,-11.774
2019,rou,-11.766
2020,rou,-12.149
1998,rus,-209.165
1999,rus,-185.349
2000,rus,243.205
2001,rus,286.637
2002,rus,78.051
2003,rus,191.071
2004,rus,834.616
2005,rus,"1,758.992"
2006,rus,"2,250.584"
2007,rus,"1,989.684"
2008,rus,"2,012.072"
2009,rus,"-2,448.618"
2010,rus,"-1,584.726"
2011,rus,860.724
2012,rus,260.387
2013,rus,-848.224
2014,rus,-844.892
2015,rus,"-2,783.925"
2016,rus,"-2,211.372"
2017,rus,"-1,177.407"
2018,rus,-392.300
2019,rus,-464.657
2020,rus,-545.359
1992,rwa,-27.648
1993,rwa,-26.950
1994,rwa,-19.097
1995,rwa,-7.973
1996,rwa,-24.440
1997,rwa,-14.217
1998,rwa,-18.559
1999,rwa,-26.164
2000,rwa,5.610
2001,rwa,-9.278
2002,rwa,-2.862
2003,rwa,-38.717
2004,rwa,10.908
2005,rwa,12.419
2006,rwa,3.136
2007,rwa,-35.790
2008,rwa,24.464
2009,rwa,8.200
2010,rwa,14.551
2011,rwa,-70.930
2012,rwa,-72.463
2013,rwa,-124.699
2014,rwa,-194.389
2015,rwa,-125.153
2016,rwa,-157.827
2017,rwa,-203.744
2018,rwa,-254.822
2019,rwa,-255.628
2020,rwa,-277.317
1998,wsm,0.013
1999,wsm,0.002
2000,wsm,-0.005
2001,wsm,-0.018
2002,wsm,-0.018
2003,wsm,-0.006
2004,wsm,-0.009
2005,wsm,0.003
2006,wsm,-0.006
2007,wsm,0.008
2008,wsm,-0.022
2009,wsm,-0.060
2010,wsm,-0.095
2011,wsm,-0.093
2012,wsm,-0.132
2013,wsm,-0.070
2014,wsm,-0.099
2015,wsm,-0.064
2016,wsm,-0.040
2017,wsm,-0.023
2018,wsm,-0.011
2019,wsm,-0.011
2020,wsm,-0.012
2004,smr,0.037
2005,smr,0.049
2006,smr,0.043
2007,smr,0.022
2008,smr,-0.003
2009,smr,-0.044
2010,smr,-0.039
2011,smr,-0.061
2012,smr,-0.036
2013,smr,-0.020
2014,smr,-0.015
2015,smr,-0.015
2016,smr,-0.017
2017,smr,-0.020
2018,smr,-0.021
2019,smr,-0.022
2020,smr,-0.023
2000,stp,315.111
2001,stp,-87.502
2002,stp,-81.965
2003,stp,-142.235
2004,stp,-259.855
2005,stp,354.266
2006,stp,-213.106
2007,stp,"2,449.699"
2008,stp,377.098
2009,stp,-586.239
2010,stp,-427.751
2011,stp,-523.658
2012,stp,-540.107
2013,stp,105.976
2014,stp,-359.590
2015,stp,-596.911
2016,stp,-310.587
2017,stp,-261.928
2018,stp,-131.178
2019,stp,-0.395
2020,stp,5.194
1999,sau,-14.917
2000,sau,43.723
2001,sau,21.978
2002,sau,-12.488
2003,sau,44.096
2004,sau,116.919
2005,sau,262.465
2006,sau,343.996
2007,sau,234.410
2008,sau,615.044
2009,sau,-65.875
2010,sau,102.559
2011,sau,301.559
2012,sau,405.573
2013,sau,244.029
2014,sau,-12.799
2015,sau,-345.882
2016,sau,-214.323
2017,sau,-154.140
2018,sau,-158.043
2019,sau,-146.544
2020,sau,-151.636
2000,sen,29.190
2001,sen,-84.500
2002,sen,-27.431
2003,sen,-70.247
2004,sen,-99.400
2005,sen,-127.968
2006,sen,-264.790
2007,sen,-207.901
2008,sen,-281.328
2009,sen,-298.222
2010,sen,-332.597
2011,sen,-426.407
2012,sen,-401.312
2013,sen,-405.100
2014,sen,-389.366
2015,sen,-376.046
2016,sen,-371.187
2017,sen,-381.699
2018,sen,-383.255
2019,sen,-340.310
2020,sen,-343.160
2000,srb,1.193
2001,srb,7.047
2002,srb,-26.883
2003,srb,-32.403
2004,srb,0.957
2005,srb,19.291
2006,srb,-20.234
2007,srb,-21.043
2008,srb,-52.002
2009,srb,-104.786
2010,srb,-113.281
2011,srb,-141.061
2012,srb,-242.306
2013,srb,-205.754
2014,srb,-243.514
2015,srb,-229.476
2016,srb,-193.061
2017,srb,-164.295
2018,srb,-153.672
2019,srb,-158.984
2020,srb,-148.264
1983,syc,-0.031
1984,syc,-0.065
1985,syc,-0.059
1986,syc,-0.129
1987,syc,0.039
1988,syc,0.181
1989,syc,0.142
1990,syc,0.234
1991,syc,0.062
1992,syc,0.143
1993,syc,-0.089
1994,syc,-0.171
1995,syc,-0.062
1996,syc,-0.242
1997,syc,-0.167
1998,syc,-0.534
1999,syc,-0.342
2000,syc,-0.518
2001,syc,-0.325
2002,syc,-0.622
2003,syc,0.129
2004,syc,0.020
2005,syc,0.021
2006,syc,-0.142
2007,syc,-0.688
2008,syc,0.721
2009,syc,0.558
2010,syc,0.061
2011,syc,0.432
2012,syc,0.420
2013,syc,0.059
2014,syc,0.589
2015,syc,0.233
2016,syc,0.541
2017,syc,0.740
2018,syc,0.805
2019,syc,0.794
2020,syc,0.496
2000,sle,-60.063
2001,sle,-111.018
2002,sle,-126.816
2003,sle,-145.562
2004,sle,-92.629
2005,sle,-92.393
2006,sle,-86.667
2007,sle,"1,294.569"
2008,sle,-258.922
2009,sle,-193.959
2010,sle,-513.022
2011,sle,-581.183
2012,sle,-851.789
2013,sle,-509.499
2014,sle,-730.053
2015,sle,"-1,099.734"
2016,sle,"-1,520.118"
2017,sle,"-1,555.970"
2018,sle,"-1,635.746"
2019,sle,"-1,745.429"
2020,sle,"-1,891.158"
1990,sgp,8.135
1991,sgp,7.493
1992,sgp,11.335
1993,sgp,15.959
1994,sgp,16.424
1995,sgp,15.040
1996,sgp,11.691
1997,sgp,14.126
1998,sgp,2.247
1999,sgp,8.286
2000,sgp,15.026
2001,sgp,6.432
2002,sgp,7.324
2003,sgp,10.376
2004,sgp,11.661
2005,sgp,16.928
2006,sgp,16.991
2007,sgp,32.707
2008,sgp,17.255
2009,sgp,-1.734
2010,sgp,21.725
2011,sgp,29.695
2012,sgp,28.606
2013,sgp,20.791
2014,sgp,16.631
2015,sgp,5.964
2016,sgp,8.981
2017,sgp,10.458
2018,sgp,11.674
2019,sgp,12.872
2020,sgp,12.944
1997,svk,-1.506
1998,svk,-1.396
1999,svk,-2.087
2000,svk,-3.825
2001,svk,-2.205
2002,svk,-3.024
2003,svk,-1.127
2004,svk,-1.065
2005,svk,-1.441
2006,svk,-2.002
2007,svk,-1.208
2008,svk,-1.606
2009,svk,-5.056
2010,svk,-5.032
2011,svk,-2.887
2012,svk,-3.046
2013,svk,-1.933
2014,svk,-2.273
2015,svk,-2.003
2016,svk,-1.866
2017,svk,-1.548
2018,svk,-1.421
2019,svk,-1.396
2020,svk,-1.382
1995,svn,0.004
1996,svn,0.034
1997,svn,-0.142
1998,svn,-0.107
1999,svn,-0.097
2000,svn,-0.228
2001,svn,-0.264
2002,svn,-0.336
2003,svn,-0.327
2004,svn,-0.356
2005,svn,-0.300
2006,svn,-0.250
2007,svn,0.091
2008,svn,-0.103
2009,svn,-1.960
2010,svn,-1.899
2011,svn,-2.029
2012,svn,-1.131
2013,svn,-4.988
2014,svn,-2.163
2015,svn,-1.510
2016,svn,-1.335
2017,svn,-1.366
2018,svn,-1.458
2019,svn,-1.553
2020,svn,-1.657
1980,slb,0.001
1981,slb,-0.008
1982,slb,-0.005
1983,slb,-0.008
1984,slb,-0.025
1985,slb,-0.033
1986,slb,-0.041
1987,slb,-0.103
1988,slb,-0.085
1989,slb,-0.087
1990,slb,-0.021
1991,slb,-0.035
1992,slb,-0.008
1993,slb,-0.023
1994,slb,-0.002
1995,slb,-0.007
1996,slb,0.003
1997,slb,-0.014
1998,slb,0.061
1999,slb,-0.003
2000,slb,-0.075
2001,slb,-0.021
2002,slb,-0.031
2003,slb,0.143
2004,slb,0.146
2005,slb,-0.061
2006,slb,-0.047
2007,slb,0.068
2008,slb,-0.008
2009,slb,0.085
2010,slb,0.343
2011,slb,0.599
2012,slb,0.286
2013,slb,0.341
2014,slb,0.162
2015,slb,-0.193
2016,slb,-0.156
2017,slb,-0.027
2018,slb,0.044
2019,slb,0.089
2020,slb,0.100
2000,zaf,-14.563
2001,zaf,-11.840
2002,zaf,-13.037
2003,zaf,-23.670
2004,zaf,-17.250
2005,zaf,-5.472
2006,zaf,12.929
2007,zaf,26.198
2008,zaf,-10.782
2009,zaf,-118.488
2010,zaf,-131.712
2011,zaf,-116.900
2012,zaf,-133.747
2013,zaf,-143.768
2014,zaf,-155.780
2015,zaf,-170.726
2016,zaf,-151.764
2017,zaf,-149.147
2018,zaf,-154.578
2019,zaf,-160.021
2020,zaf,-163.023
2011,ssd,2.381
2012,ssd,-4.922
2013,ssd,-2.330
2014,ssd,-2.555
2015,ssd,-7.320
2016,ssd,-3.583
2017,ssd,-7.139
2018,ssd,-3.457
2019,ssd,-5.559
2020,ssd,-5.628
1980,esp,-1.768
1981,esp,-2.423
1982,esp,-6.800
1983,esp,-6.604
1984,esp,-8.524
1985,esp,-12.093
1986,esp,-11.935
1987,esp,-7.017
1988,esp,-8.106
1989,esp,-7.832
1990,esp,-11.720
1991,esp,-15.281
1992,esp,-15.182
1993,esp,-26.443
1994,esp,-25.603
1995,esp,-29.822
1996,esp,-23.703
1997,esp,-17.584
1998,esp,-17.936
1999,esp,-8.680
2000,esp,-6.608
2001,esp,-3.839
2002,esp,-3.106
2003,esp,-2.960
2004,esp,-0.241
2005,esp,11.229
2006,esp,22.144
2007,esp,21.620
2008,esp,-49.385
2009,esp,-118.237
2010,esp,-101.445
2011,esp,-101.265
2012,esp,-108.903
2013,esp,-71.291
2014,esp,-61.741
2015,esp,-46.749
2016,esp,-31.727
2017,esp,-28.354
2018,esp,-23.891
2019,esp,-18.398
2020,esp,-18.239
1990,lka,-25.152
1991,lka,-36.320
1992,lka,-25.764
1993,lka,-35.295
1994,lka,-52.469
1995,lka,-58.198
1996,lka,-64.637
1997,lka,-62.734
1998,lka,-85.950
1999,lka,-76.491
2000,lka,-119.396
2001,lka,-146.722
2002,lka,-134.020
2003,lka,-133.253
2004,lka,-156.753
2005,lka,-172.396
2006,lka,-205.747
2007,lka,-246.045
2008,lka,-309.644
2009,lka,-476.358
2010,lka,-445.970
2011,lka,-450.179
2012,lka,-488.967
2013,lka,-508.434
2014,lka,-575.990
2015,lka,-703.478
2016,lka,-867.042
2017,lka,-942.327
2018,lka,"-1,039.104"
2019,lka,"-1,195.478"
2020,lka,"-1,341.920"
1980,kna,-0.010
1981,kna,-0.008
1982,kna,-0.010
1983,kna,-0.008
1984,kna,-0.012
1985,kna,-0.023
1986,kna,-0.014
1987,kna,-0.056
1988,kna,-0.033
1989,kna,-0.014
1990,kna,0.003
1991,kna,0.005
1992,kna,0.003
1993,kna,0.002
1994,kna,0.006
1995,kna,0.007
1996,kna,-0.019
1997,kna,-0.021
1998,kna,-0.039
1999,kna,-0.106
2000,kna,-0.136
2001,kna,-0.122
2002,kna,-0.188
2003,kna,-0.086
2004,kna,-0.101
2005,kna,-0.052
2006,kna,-0.031
2007,kna,-0.066
2008,kna,-0.077
2009,kna,-0.054
2010,kna,-0.139
2011,kna,0.037
2012,kna,0.096
2013,kna,0.257
2014,kna,0.233
2015,kna,0.034
2016,kna,0.009
2017,kna,-0.008
2018,kna,-0.037
2019,kna,-0.038
2020,kna,-0.041
1985,lca,-0.012
1986,lca,-0.015
1987,lca,0.006
1988,lca,0.024
1989,lca,0.012
1990,lca,0.005
1991,lca,-0.007
1992,lca,-0.012
1993,lca,-0.005
1994,lca,--
1995,lca,-0.003
1996,lca,-0.012
1997,lca,-0.024
1998,lca,0.053
1999,lca,0.040
2000,lca,-0.029
2001,lca,-0.074
2002,lca,-0.075
2003,lca,-0.086
2004,lca,-0.076
2005,lca,-0.189
2006,lca,-0.173
2007,lca,-0.058
2008,lca,-0.028
2009,lca,-0.101
2010,lca,-0.167
2011,lca,-0.228
2012,lca,-0.329
2013,lca,-0.213
2014,lca,-0.228
2015,lca,-0.272
2016,lca,-0.299
2017,lca,-0.320
2018,lca,-0.343
2019,lca,-0.368
2020,lca,-0.395
1980,vct,-0.009
1981,vct,-0.009
1982,vct,-0.001
1983,vct,-0.008
1984,vct,0.007
1985,vct,0.014
1986,vct,0.008
1987,vct,0.002
1988,vct,-0.001
1989,vct,-0.016
1990,vct,0.007
1991,vct,-0.009
1992,vct,-0.032
1993,vct,-0.017
1994,vct,-0.004
1995,vct,0.005
1996,vct,0.009
1997,vct,-0.035
1998,vct,-0.027
1999,vct,-0.030
2000,vct,-0.017
2001,vct,-0.019
2002,vct,-0.021
2003,vct,-0.027
2004,vct,-0.039
2005,vct,-0.066
2006,vct,-0.051
2007,vct,-0.058
2008,vct,-0.026
2009,vct,-0.055
2010,vct,-0.072
2011,vct,-0.131
2012,vct,-0.038
2013,vct,-0.120
2014,vct,-0.096
2015,vct,-0.104
2016,vct,-0.079
2017,vct,-0.058
2018,vct,-0.038
2019,vct,-0.024
2020,vct,-0.023
1990,sdn,-0.016
1991,sdn,-0.047
1992,sdn,-0.074
1993,sdn,-0.067
1994,sdn,-0.052
1995,sdn,-0.135
1996,sdn,-0.274
1997,sdn,-0.095
1998,sdn,-0.123
1999,sdn,-0.216
2000,sdn,-0.236
2001,sdn,-0.312
2002,sdn,-0.327
2003,sdn,0.428
2004,sdn,0.124
2005,sdn,-1.596
2006,sdn,-1.051
2007,sdn,-3.226
2008,sdn,0.645
2009,sdn,-6.211
2010,sdn,0.430
2011,sdn,0.379
2012,sdn,-7.475
2013,sdn,-7.147
2014,sdn,-4.390
2015,sdn,-7.859
2016,sdn,-8.583
2017,sdn,-7.818
2018,sdn,-8.155
2019,sdn,-8.318
2020,sdn,-9.437
1990,sur,--
1991,sur,-0.001
1992,sur,-0.001
1993,sur,-0.001
1994,sur,0.001
1995,sur,-0.001
1996,sur,-0.006
1997,sur,-0.017
1998,sur,-0.068
1999,sur,-0.080
2000,sur,-0.189
2001,sur,0.017
2002,sur,-0.187
2003,sur,0.054
2004,sur,-0.055
2005,sur,-0.060
2006,sur,0.076
2007,sur,0.177
2008,sur,0.155
2009,sur,-0.252
2010,sur,-0.367
2011,sur,0.074
2012,sur,-0.633
2013,sur,-1.152
2014,sur,-0.875
2015,sur,-1.047
2016,sur,-0.937
2017,sur,-0.952
2018,sur,-0.937
2019,sur,-1.072
2020,sur,-1.008
1981,swz,-0.013
1982,swz,-0.007
1983,swz,-0.004
1984,swz,0.008
1985,swz,-0.009
1986,swz,-0.031
1987,swz,0.018
1988,swz,0.065
1989,swz,0.138
1990,swz,0.173
1991,swz,0.133
1992,swz,-0.061
1993,swz,-0.148
1994,swz,-0.194
1995,swz,-0.005
1996,swz,-0.043
1997,swz,0.121
1998,swz,0.125
1999,swz,-0.075
2000,swz,-0.143
2001,swz,-0.298
2002,swz,-0.555
2003,swz,-0.347
2004,swz,-0.712
2005,swz,-0.334
2006,swz,1.921
2007,swz,0.578
2008,swz,0.430
2009,swz,-0.900
2010,swz,-3.060
2011,swz,-1.315
2012,swz,1.803
2013,swz,0.271
2014,swz,-0.835
2015,swz,-1.400
2016,swz,-1.750
2017,swz,-2.652
2018,swz,-2.193
2019,swz,-2.450
2020,swz,-2.723
1980,swe,-31.522
1981,swe,-27.796
1982,swe,-43.644
1983,swe,-37.510
1984,swe,-23.669
1985,swe,-31.786
1986,swe,0.074
1987,swe,41.560
1988,swe,45.446
1989,swe,49.467
1990,swe,56.306
1991,swe,4.577
1992,swe,-139.084
1993,swe,-178.763
1994,swe,-153.792
1995,swe,-132.626
1996,swe,-61.625
1997,swe,-31.660
1998,swe,17.847
1999,swe,16.811
2000,swe,81.320
2001,swe,37.164
2002,swe,-36.115
2003,swe,-32.095
2004,swe,11.105
2005,swe,53.903
2006,swe,65.245
2007,swe,110.970
2008,swe,69.488
2009,swe,-30.398
2010,swe,-0.282
2011,swe,1.134
2012,swe,-25.045
2013,swe,-51.320
2014,swe,-83.196
2015,swe,-53.800
2016,swe,-26.428
2017,swe,-18.165
2018,swe,-5.317
2019,swe,8.718
2020,swe,24.427
1983,che,-1.601
1984,che,-0.812
1985,che,-0.163
1986,che,2.956
1987,che,3.081
1988,che,2.692
1989,che,2.407
1990,che,-0.453
1991,che,-7.472
1992,che,-11.909
1993,che,-13.073
1994,che,-10.477
1995,che,-7.344
1996,che,-7.704
1997,che,-9.523
1998,che,-5.244
1999,che,-1.207
2000,che,10.033
2001,che,2.606
2002,che,-0.648
2003,che,-6.350
2004,che,-6.080
2005,che,-2.727
2006,che,4.771
2007,che,7.206
2008,che,10.221
2009,che,2.764
2010,che,0.628
2011,che,1.812
2012,che,-0.342
2013,che,-0.874
2014,che,1.399
2015,che,-2.726
2016,che,-1.490
2017,che,-1.157
2018,che,-0.137
2019,che,-0.140
2020,che,-0.144
1990,syr,-10.529
1991,syr,-20.460
1992,syr,-26.974
1993,syr,-20.535
1994,syr,-30.361
1995,syr,-21.743
1996,syr,-19.522
1997,syr,-13.276
1998,syr,-22.224
1999,syr,-12.070
2000,syr,-12.886
2001,syr,23.281
2002,syr,-22.615
2003,syr,-29.045
2004,syr,-52.981
2005,syr,-66.409
2006,syr,-19.344
2007,syr,-60.366
2008,syr,-70.122
2009,syr,-72.894
2010,syr,-217.480
1980,twn,-36.777
1981,twn,-46.404
1982,twn,-54.207
1983,twn,-40.600
1984,twn,-38.189
1985,twn,-50.972
1986,twn,-51.669
1987,twn,-58.405
1988,twn,-60.176
1989,twn,-393.323
1990,twn,-178.598
1991,twn,-463.759
1992,twn,-380.766
1993,twn,-375.089
1994,twn,-420.166
1995,twn,-499.376
1996,twn,-573.026
1997,twn,-650.574
1998,twn,-490.397
1999,twn,-230.245
2000,twn,-550.785
2001,twn,-565.995
2002,twn,-557.987
2003,twn,-473.940
2004,twn,-536.782
2005,twn,-301.420
2006,twn,-274.987
2007,twn,-297.603
2008,twn,-359.346
2009,twn,-801.068
2010,twn,-716.839
2011,twn,-575.992
2012,twn,-633.046
2013,twn,-493.948
2014,twn,-397.961
2015,twn,-363.357
2016,twn,-324.675
2017,twn,-278.760
2018,twn,-253.565
2019,twn,-235.132
2020,twn,-214.819
1998,tjk,-0.049
1999,tjk,-0.054
2000,tjk,-0.100
2001,tjk,-0.080
2002,tjk,-0.082
2003,tjk,-0.084
2004,tjk,-0.146
2005,tjk,-0.209
2006,tjk,0.158
2007,tjk,-0.707
2008,tjk,-0.891
2009,tjk,-1.078
2010,tjk,-0.736
2011,tjk,-0.644
2012,tjk,0.202
2013,tjk,-0.328
2014,tjk,0.060
2015,tjk,-0.955
2016,tjk,-1.327
2017,tjk,-1.515
2018,tjk,-1.891
2019,tjk,-2.282
2020,tjk,-2.950
1991,tza,7.974
1992,tza,-82.492
1993,tza,-42.396
1994,tza,-104.328
1995,tza,-77.670
1996,tza,71.876
1997,tza,-1.514
1998,tza,10.123
1999,tza,-99.899
2000,tza,-72.323
2001,tza,-45.762
2002,tza,-92.170
2003,tza,-260.964
2004,tza,-412.943
2005,tza,-635.169
2006,tza,-799.974
2007,tza,-392.252
2008,tza,-637.977
2009,tza,"-1,690.827"
2010,tza,"-2,090.163"
2011,tza,"-1,880.714"
2012,tza,"-2,530.241"
2013,tza,"-2,780.258"
2014,tza,"-3,076.116"
2015,tza,"-3,759.854"
2016,tza,"-3,755.846"
2017,tza,"-4,184.512"
2018,tza,"-4,607.763"
2019,tza,"-4,944.647"
2020,tza,"-5,220.294"
1995,tha,124.784
1996,tha,123.995
1997,tha,-78.998
1998,tha,-293.639
1999,tha,-415.450
2000,tha,-86.907
2001,tha,-90.197
2002,tha,-359.373
2003,tha,122.030
2004,tha,74.736
2005,tha,103.746
2006,tha,168.230
2007,tha,19.457
2008,tha,12.000
2009,tha,-281.090
2010,tha,-79.714
2011,tha,-63.283
2012,tha,-196.004
2013,tha,-23.794
2014,tha,-220.816
2015,tha,-242.272
2016,tha,-266.029
2017,tha,-264.837
2018,tha,-278.233
2019,tha,-305.482
2020,tha,-310.753
2000,tls,0.006
2001,tls,0.019
2002,tls,-0.027
2003,tls,-0.027
2004,tls,0.108
2005,tls,0.120
2006,tls,0.563
2007,tls,1.111
2008,tls,1.990
2009,tls,1.159
2010,tls,1.662
2011,tls,2.463
2012,tls,2.846
2013,tls,2.976
2014,tls,1.131
2015,tls,0.384
2016,tls,0.282
2017,tls,0.385
2018,tls,0.131
2019,tls,0.114
2020,tls,-0.206
1989,tgo,-16.033
1990,tgo,-12.426
1991,tgo,-27.199
1992,tgo,-17.282
1993,tgo,-52.433
1994,tgo,-50.615
1995,tgo,-33.207
1996,tgo,-40.824
1997,tgo,-14.312
1998,tgo,-45.280
1999,tgo,-25.583
2000,tgo,-49.247
2001,tgo,-10.480
2002,tgo,-4.475
2003,tgo,23.747
2004,tgo,9.806
2005,tgo,-27.039
2006,tgo,-32.231
2007,tgo,-22.773
2008,tgo,-12.061
2009,tgo,-58.313
2010,tgo,-39.031
2011,tgo,-71.137
2012,tgo,-144.389
2013,tgo,-99.811
2014,tgo,-132.059
2015,tgo,-115.814
2016,tgo,-149.257
2017,tgo,-137.324
2018,tgo,-139.668
2019,tgo,-137.657
2020,tgo,-165.135
1999,ton,-0.001
2000,ton,0.006
2001,ton,0.009
2002,ton,0.010
2003,ton,0.015
2004,ton,0.021
2005,ton,0.015
2006,ton,0.020
2007,ton,0.022
2008,ton,0.041
2009,ton,0.030
2010,ton,-0.027
2011,ton,-0.029
2012,ton,-0.011
2013,ton,--
2014,ton,0.002
2015,ton,-0.008
2016,ton,-0.010
2017,ton,-0.006
2018,ton,-0.004
2019,ton,-0.002
2020,ton,--
1999,tto,-1.629
2000,tto,0.146
2001,tto,-0.919
2002,tto,-1.855
2003,tto,1.184
2004,tto,1.434
2005,tto,3.876
2006,tto,6.855
2007,tto,4.805
2008,tto,13.305
2009,tto,-12.220
2010,tto,-4.954
2011,tto,-0.098
2012,tto,-0.416
2013,tto,-3.449
2014,tto,-7.245
2015,tto,-7.158
2016,tto,-9.241
2017,tto,-10.725
2018,tto,-11.557
2019,tto,-12.107
2020,tto,-13.776
1991,tun,-0.614
1992,tun,-0.412
1993,tun,-0.445
1994,tun,-0.388
1995,tun,-0.750
1996,tun,-1.027
1997,tun,-0.832
1998,tun,-0.258
1999,tun,-0.802
2000,tun,-0.858
2001,tun,-0.903
2002,tun,-0.822
2003,tun,-0.916
2004,tun,-0.959
2005,tun,-1.127
2006,tun,-1.100
2007,tun,-0.940
2008,tun,-0.320
2009,tun,-0.748
2010,tun,-0.595
2011,tun,-2.323
2012,tun,-3.755
2013,tun,-4.597
2014,tun,-2.889
2015,tun,-3.118
2016,tun,-3.115
2017,tun,-2.861
2018,tun,-2.716
2019,tun,-2.601
2020,tun,-2.595
2002,tur,-50.606
2003,tur,-47.519
2004,tur,-24.502
2005,tur,-5.262
2006,tur,-5.234
2007,tur,-16.440
2008,tur,-25.834
2009,tur,-57.158
2010,tur,-37.666
2011,tur,-7.877
2012,tur,-23.670
2013,tur,-19.643
2014,tur,-26.410
2015,tur,-26.585
2016,tur,-18.862
2017,tur,-19.624
2018,tur,-26.936
2019,tur,-35.752
2020,tur,-27.629
1997,tkm,-0.004
1998,tkm,0.030
1999,tkm,0.093
2000,tkm,-0.027
2001,tkm,0.052
2002,tkm,0.016
2003,tkm,0.441
2004,tkm,0.203
2005,tkm,0.144
2006,tkm,1.169
2007,tkm,1.055
2008,tkm,4.948
2009,tkm,4.045
2010,tkm,1.292
2011,tkm,3.038
2012,tkm,6.351
2013,tkm,1.529
2014,tkm,1.090
2015,tkm,-0.868
2016,tkm,0.301
2017,tkm,1.822
2018,tkm,3.009
2019,tkm,4.179
2020,tkm,4.347
2004,tuv,-0.001
2005,tuv,-0.004
2006,tuv,-0.012
2007,tuv,-0.007
2008,tuv,-0.006
2009,tuv,-0.005
2010,tuv,-0.008
2011,tuv,-0.003
2012,tuv,0.004
2013,tuv,0.010
2014,tuv,0.010
2015,tuv,--
2016,tuv,-0.001
2017,tuv,-0.001
2018,tuv,-0.002
2019,tuv,-0.001
2020,tuv,-0.002
1997,uga,79.941
1998,uga,152.268
1999,uga,65.244
2000,uga,-79.549
2001,uga,-136.704
2002,uga,-313.221
2003,uga,-166.037
2004,uga,66.653
2005,uga,-37.710
2006,uga,-164.256
2007,uga,-246.007
2008,uga,-769.393
2009,uga,-787.983
2010,uga,"-2,496.413"
2011,uga,"-1,417.212"
2012,uga,"-1,848.350"
2013,uga,"-2,688.048"
2014,uga,"-2,827.501"
2015,uga,"-2,127.427"
2016,uga,"-3,960.686"
2017,uga,"-4,923.698"
2018,uga,"-6,160.494"
2019,uga,"-6,411.729"
2020,uga,"-6,162.835"
1997,ukr,-5.189
1998,ukr,-2.852
1999,ukr,6.684
2000,ukr,-5.604
2001,ukr,-6.166
2002,ukr,-4.152
2003,ukr,-2.386
2004,ukr,-15.205
2005,ukr,-10.030
2006,ukr,-7.427
2007,ukr,-14.233
2008,ukr,-30.026
2009,ukr,-57.133
2010,ukr,-62.300
2011,ukr,-35.900
2012,ukr,-60.500
2013,ukr,-70.100
2014,ukr,-70.840
2015,ukr,-78.206
2016,ukr,-76.201
2017,ukr,-72.514
2018,ukr,-68.936
2019,ukr,-70.690
2020,ukr,-71.220
1991,are,28.447
1992,are,19.970
1993,are,7.139
1994,are,16.300
1995,are,33.922
1996,are,27.290
1997,are,46.672
1998,are,30.658
1999,are,33.306
2000,are,77.626
2001,are,26.742
2002,are,6.787
2003,are,18.954
2004,are,47.435
2005,are,134.284
2006,are,206.339
2007,are,206.498
2008,are,232.643
2009,are,-39.821
2010,are,21.118
2011,are,80.898
2012,are,149.141
2013,are,146.850
2014,are,88.341
2015,are,-39.901
2016,are,-0.127
2017,are,18.290
2018,are,36.682
2019,are,52.692
2020,are,71.819
1980,gbr,-7.373
1981,gbr,-10.936
1982,gbr,-7.258
1983,gbr,-10.087
1984,gbr,-11.944
1985,gbr,-10.273
1986,gbr,-10.168
1987,gbr,-7.964
1988,gbr,1.817
1989,gbr,3.619
1990,gbr,-9.310
1991,gbr,-18.707
1992,gbr,-39.902
1993,gbr,-51.350
1994,gbr,-46.524
1995,gbr,-42.293
1996,gbr,-32.180
1997,gbr,-18.317
1998,gbr,-2.122
1999,gbr,7.351
2000,gbr,11.946
2001,gbr,4.315
2002,gbr,-23.204
2003,gbr,-40.337
2004,gbr,-45.059
2005,gbr,-47.003
2006,gbr,-40.978
2007,gbr,-44.450
2008,gbr,-77.628
2009,gbr,-160.405
2010,gbr,-150.764
2011,gbr,-123.540
2012,gbr,-128.707
2013,gbr,-98.330
2014,gbr,-101.798
2015,gbr,-88.581
2016,gbr,-59.158
2017,gbr,-30.282
2018,gbr,-11.867
2019,gbr,-7.164
2020,gbr,-7.071
2001,usa,-93.500
2002,usa,-449.700
2003,usa,-580.800
2004,usa,-562.500
2005,usa,-451.500
2006,usa,-328.700
2007,usa,-463.000
2008,usa,"-1,035.363"
2009,usa,"-1,949.554"
2010,usa,"-1,689.994"
2011,usa,"-1,543.175"
2012,usa,"-1,388.125"
2013,usa,-964.975
2014,usa,-928.911
2015,usa,-758.018
2016,usa,-737.039
2017,usa,-677.601
2018,usa,-693.016
2019,usa,-798.288
2020,usa,-878.502
1999,ury,-8.637
2000,ury,-9.224
2001,ury,-9.516
2002,ury,-10.598
2003,ury,-8.969
2004,ury,-7.124
2005,ury,-1.753
2006,ury,-2.555
2007,ury,0.058
2008,ury,-9.904
2009,ury,-11.781
2010,ury,-11.580
2011,ury,-8.375
2012,ury,-28.040
2013,ury,-27.367
2014,ury,-44.001
2015,ury,-40.261
2016,ury,-45.942
2017,ury,-51.635
2018,ury,-56.286
2019,ury,-62.984
2020,ury,-70.399
1992,uzb,0.010
1993,uzb,-0.763
1994,uzb,-3.638
1995,uzb,-11.635
1996,uzb,-43.975
1997,uzb,-21.209
1998,uzb,-53.660
1999,uzb,-64.366
2000,uzb,-81.199
2001,uzb,-67.452
2002,uzb,-140.674
2003,uzb,22.365
2004,uzb,73.746
2005,uzb,198.976
2006,uzb,"1,114.754"
2007,uzb,"1,459.193"
2008,uzb,"3,839.574"
2009,uzb,"1,362.902"
2010,uzb,"3,049.864"
2011,uzb,"6,879.965"
2012,uzb,"8,174.808"
2013,uzb,"3,452.987"
2014,uzb,"2,495.751"
2015,uzb,41.975
2016,uzb,-214.420
2017,uzb,-168.472
2018,uzb,-253.944
2019,uzb,-307.752
2020,uzb,-242.955
1991,vut,-1.244
1992,vut,-0.551
1993,vut,-0.894
1994,vut,-0.406
1995,vut,-0.723
1996,vut,-0.519
1997,vut,-0.160
1998,vut,-2.223
1999,vut,-0.191
2000,vut,-2.350
2001,vut,-1.247
2002,vut,-1.328
2003,vut,-0.518
2004,vut,0.326
2005,vut,0.801
2006,vut,0.236
2007,vut,0.146
2008,vut,-0.026
2009,vut,-0.535
2010,vut,-1.708
2011,vut,-1.511
2012,vut,-1.178
2013,vut,-0.146
2014,vut,0.709
2015,vut,-4.354
2016,vut,-5.094
2017,vut,-4.795
2018,vut,-4.470
2019,vut,-3.583
2020,vut,-2.952
1988,ven,-0.081
1989,ven,-0.014
1990,ven,0.087
1991,ven,-0.069
1992,ven,-0.263
1993,ven,-0.159
1994,ven,-0.971
1995,ven,-0.803
1996,ven,2.337
1997,ven,1.081
1998,ven,-2.245
1999,ven,0.441
2000,ven,3.544
2001,ven,-4.086
2002,ven,-1.599
2003,ven,0.230
2004,ven,5.254
2005,ven,12.452
2006,ven,-6.321
2007,ven,-13.925
2008,ven,-23.452
2009,ven,-61.433
2010,ven,-105.383
2011,ven,-157.359
2012,ven,-269.569
2013,ven,-321.324
2014,ven,-464.680
2015,ven,-925.108
2016,ven,"-1,692.374"
2017,ven,"-2,943.346"
2018,ven,"-5,187.654"
2019,ven,"-9,156.820"
2020,ven,"-15,802.830"
1998,vnm,-454.000
1999,vnm,"-6,327.000"
2000,vnm,"-9,002.000"
2001,vnm,"-13,397.000"
2002,vnm,"-12,618.000"
2003,vnm,"-19,928.600"
2004,vnm,"-1,484.000"
2005,vnm,"-11,075.680"
2006,vnm,"2,698.000"
2007,vnm,"-25,041.179"
2008,vnm,"-7,893.000"
2009,vnm,"-108,929.190"
2010,vnm,"-59,477.000"
2011,vnm,"-29,494.000"
2012,vnm,"-220,783.408"
2013,vnm,"-210,653.451"
2014,vnm,"-211,962.000"
2015,vnm,"-284,139.954"
2016,vnm,"-269,985.162"
2017,vnm,"-247,814.841"
2018,vnm,"-231,112.212"
2019,vnm,"-239,590.852"
2020,vnm,"-254,077.196"
1990,yem,-15.200
1991,yem,-10.148
1992,yem,-23.521
1993,yem,-33.405
1994,yem,-47.204
1995,yem,-29.744
1996,yem,-6.808
1997,yem,-13.281
1998,yem,-66.761
1999,yem,0.716
2000,yem,94.863
2001,yem,46.323
2002,yem,-10.432
2003,yem,-90.761
2004,yem,-55.178
2005,yem,-58.451
2006,yem,44.601
2007,yem,-309.495
2008,yem,-243.616
2009,yem,-520.514
2010,yem,-275.440
2011,yem,-315.333
2012,yem,-479.104
2013,yem,-599.003
2014,yem,-384.217
2015,yem,-499.056
2016,yem,-531.111
2017,yem,-524.188
2018,yem,-509.943
2019,yem,-506.948
2020,yem,-497.374
2000,zmb,0.130
2001,zmb,-0.871
2002,zmb,-0.830
2003,zmb,-1.233
2004,zmb,-0.746
2005,zmb,-0.882
2006,zmb,7.774
2007,zmb,-0.583
2008,zmb,-0.448
2009,zmb,-1.591
2010,zmb,-2.364
2011,zmb,-2.034
2012,zmb,-4.144
2013,zmb,-9.678
2014,zmb,-9.175
2015,zmb,-9.674
2016,zmb,-10.858
2017,zmb,-10.123
2018,zmb,-8.833
2019,zmb,-9.262
2020,zmb,-9.350
2005,zwe,-0.496
2006,zwe,-0.177
2007,zwe,-0.206
2008,zwe,-0.121
2009,zwe,-0.169
2010,zwe,0.067
2011,zwe,-0.139
2012,zwe,-0.071
2013,zwe,-0.263
2014,zwe,-0.201
2015,zwe,-0.165
2016,zwe,-0.358
2017,zwe,-0.508
2018,zwe,-0.549
2019,zwe,-0.610
2020,zwe,-0.643
